user_id,as_of_date,tenure_days,days_since_last_login,days_since_last_activity,login_count_30d,active_days_30d,page_views_30d,product_views_30d,cart_actions_30d,wishlist_actions_30d,order_count,orders_30d,days_since_last_order,total_spend,spend_30d,average_order_value,preferred_order_category,order_frequency,distinct_products_viewed_30d,distinct_categories_ordered,items_per_order,activity_event_count_30d,churn
u-0007,2025-06-01,3,0,0,2,2,2,1,2,0,1,1,0,56,56,56,Accessories,1,1,1,1,8,0
u-0010,2025-06-01,49,2,2,3,3,11,11,2,0,1,0,40,340.4,0,340.4,Outerwear,0.6122448979591837,8,1,2,27,0
u-0011,2025-06-01,130,24,24,1,1,3,3,0,0,2,0,53,478.72,0,239.36,Sweaters,0.46153846153846156,3,4,2.5,7,1
u-0012,2025-06-01,80,1,1,4,4,14,14,1,1,2,1,18,449.12,309.12,224.56,Shoes,0.75,8,1,2,35,0
u-0013,2025-06-01,133,25,25,1,1,1,0,0,0,3,0,35,1206.2,0,402.07,Outerwear,0.6766917293233082,0,1,2.3333333333333335,2,1
u-0014,2025-06-01,75,22,22,1,1,1,1,0,0,1,0,69,246,0,246,Jackets,0.4,1,2,3,3,1
u-0016,2025-06-01,116,3,3,3,3,15,15,2,2,2,0,38,183,0,91.5,Sweaters,0.5172413793103449,11,2,1,37,0
u-0020,2025-06-01,96,15,15,3,3,14,14,2,0,4,1,15,1008.48,412.16,252.12,Jackets,1.25,10,4,2.5,34,1
u-0025,2025-06-01,15,11,11,2,2,2,1,2,0,1,1,11,198,198,198,Jackets,1,1,1,2,8,0
u-0026,2025-06-01,135,1,1,9,9,40,40,8,1,3,1,23,718.28,255.76,239.43,Trousers,0.6666666666666666,15,2,2.6666666666666665,99,0
u-0028,2025-06-01,141,104,104,0,0,0,0,0,0,2,0,104,444.96,0,222.48,T-Shirts,0.425531914893617,0,2,2.5,0,1
u-0031,2025-06-01,69,10,10,3,3,9,9,2,3,1,0,67,340.4,0,340.4,Outerwear,0.4347826086956522,7,1,2,26,0
u-0032,2025-06-01,82,4,3,3,3,16,16,3,2,1,1,17,140,140,140,Shoes,0.36585365853658536,9,1,1,41,1
u-0033,2025-06-01,46,3,3,5,5,21,21,3,2,2,1,12,298,220,149,Sweaters,1.3043478260869565,12,2,1.5,53,0
u-0034,2025-06-01,96,14,14,1,1,1,1,0,0,2,0,48,370,0,185,Accessories,0.625,1,3,1.5,3,1
u-0035,2025-06-01,140,2,2,5,5,17,17,4,1,4,2,2,1026.24,477.36,256.56,Sweaters,0.8571428571428571,10,2,2.75,46,0
u-0036,2025-06-01,34,0,0,3,3,10,9,3,0,1,1,29,218,218,218,Shirts,0.8823529411764706,6,2,2,26,0
u-0040,2025-06-01,31,0,0,5,5,19,18,6,1,2,2,10,404,404,202,Accessories,1.9354838709677418,11,2,2.5,51,0
u-0041,2025-06-01,40,6,6,4,4,12,12,3,0,2,1,6,791.2,340.4,395.6,Outerwear,1.5,8,2,2.5,32,0
u-0045,2025-06-01,13,2,2,2,2,2,1,2,0,1,1,2,120,120,120,Accessories,1,1,1,1,8,0
u-0049,2025-06-01,93,4,4,2,2,8,8,1,2,2,0,30,511.52,0,255.76,Shirts,0.6451612903225806,7,3,2.5,21,0
u-0050,2025-06-01,70,1,1,2,2,2,2,0,0,1,0,61,56,0,56,Accessories,0.42857142857142855,2,1,1,6,1
u-0058,2025-06-01,29,10,10,4,4,12,11,2,0,1,1,27,360.64,360.64,360.64,Shoes,1,8,1,3,30,0
u-0062,2025-06-01,120,13,13,2,2,6,6,1,0,3,0,36,608,0,202.67,Accessories,0.75,5,2,2.3333333333333335,15,1
u-0068,2025-06-01,114,39,39,0,0,0,0,0,0,1,0,108,99,0,99,Jackets,0.2631578947368421,0,1,1,0,1
u-0072,2025-06-01,150,122,122,0,0,0,0,0,0,1,0,143,276,0,276,Shoes,0.2,0,2,3,0,1
u-0075,2025-06-01,81,50,50,0,0,0,0,0,0,2,0,69,362,0,181,Shoes,0.7407407407407407,0,2,1.5,0,1
u-0076,2025-06-01,39,2,2,7,7,24,24,5,3,2,1,4,536.24,102,268.12,T-Shirts,1.5384615384615383,12,2,4,64,0
u-0077,2025-06-01,38,8,8,3,3,13,12,3,1,2,2,20,637.44,637.44,318.72,Accessories,1.5789473684210527,9,1,4,34,0
u-0080,2025-06-01,148,5,5,4,4,13,13,4,1,3,1,14,779.28,292.56,259.76,Dresses,0.6081081081081081,10,2,2.6666666666666665,36,0
u-0082,2025-06-01,119,19,19,1,1,1,1,1,0,2,0,78,349.36,0,174.68,Shoes,0.5042016806722689,1,2,2,4,1
u-0084,2025-06-01,12,3,3,2,2,2,1,2,0,1,1,3,76,76,76,Shirts,1,1,1,1,8,1
u-0085,2025-06-01,102,10,10,2,2,8,8,2,0,3,1,22,712.64,349.6,237.55,Shirts,0.8823529411764706,7,2,3,21,0
u-0090,2025-06-01,19,2,2,3,3,6,5,2,0,1,1,14,287.04,287.04,287.04,Dresses,1,3,1,3,17,0
u-0091,2025-06-01,17,4,3,4,4,13,13,4,0,1,1,9,42,42,42,T-Shirts,1,9,1,1,35,0
u-0093,2025-06-01,86,4,4,4,4,16,16,4,3,3,1,18,194,76,64.67,T-Shirts,1.0465116279069768,13,1,1.6666666666666667,44,0
u-0094,2025-06-01,45,4,4,7,7,26,26,7,1,1,0,41,461.84,0,461.84,Sweaters,0.6666666666666666,13,2,5,67,0
u-0102,2025-06-01,13,11,11,2,2,2,1,2,0,1,1,11,241.04,241.04,241.04,Sweaters,1,1,2,3,8,1
u-0105,2025-06-01,106,6,6,2,2,10,10,1,2,3,0,43,796.8,0,265.6,Dresses,0.8490566037735849,7,2,2.6666666666666665,25,0
u-0107,2025-06-01,19,3,3,3,4,6,5,2,0,1,1,13,240,240,240,Shirts,1,4,2,3,17,0
u-0108,2025-06-01,62,0,0,9,9,28,28,4,4,2,1,27,422,176,211,Trousers,0.9677419354838709,15,3,2.5,74,0
u-0109,2025-06-01,86,18,18,1,1,1,1,0,0,1,0,82,386.4,0,386.4,Shoes,0.3488372093023256,1,1,3,3,1
u-0110,2025-06-01,8,2,2,2,2,2,1,2,0,1,1,2,76,76,76,Shirts,1,1,1,1,8,0
u-0111,2025-06-01,31,4,4,3,3,9,8,2,0,1,1,25,190,190,190,Trousers,0.9677419354838709,7,1,2,23,0
u-0112,2025-06-01,72,3,3,5,5,15,15,4,1,2,1,9,184,92,92,Shirts,0.8333333333333334,8,1,1,41,0
u-0115,2025-06-01,147,1,1,6,6,24,24,4,2,4,1,6,788.16,297.16,197.04,Jackets,0.8163265306122448,14,5,2.25,61,0
u-0116,2025-06-01,104,5,5,2,2,12,12,1,0,2,1,5,340,200,170,Shoes,0.5769230769230769,9,2,1.5,28,0
u-0119,2025-06-01,19,8,8,2,2,2,1,2,0,1,1,8,340.4,340.4,340.4,Outerwear,1,1,1,2,8,0
u-0120,2025-06-01,93,6,6,3,3,9,9,3,1,2,1,6,865.8,680.8,432.9,Outerwear,0.6451612903225806,7,1,2.5,26,0
u-0122,2025-06-01,122,0,0,6,6,17,17,3,3,5,0,53,914.8,0,182.96,Shirts,1.2295081967213115,11,3,2.2,46,1
u-0123,2025-06-01,120,11,11,2,2,9,9,0,1,4,0,48,1260.64,0,315.16,Outerwear,1,6,3,2,21,1
u-0124,2025-06-01,97,8,8,3,3,12,12,2,0,2,0,34,530.28,0,265.14,Trousers,0.6185567010309279,8,3,3.5,29,0
u-0129,2025-06-01,60,24,24,1,1,1,1,0,0,1,0,50,176,0,176,Trousers,0.5,1,1,2,3,1
u-0131,2025-06-01,126,9,9,3,3,9,9,2,0,2,0,60,327.76,0,163.88,T-Shirts,0.47619047619047616,6,3,2,23,0
u-0132,2025-06-01,52,3,3,3,3,10,10,4,0,3,2,14,350,152,116.67,T-Shirts,1.7307692307692306,7,3,2.3333333333333335,29,0
u-0139,2025-06-01,25,4,4,3,4,5,4,2,1,1,1,16,220,220,220,Sweaters,1,4,1,2,16,0
u-0141,2025-06-01,82,6,6,4,4,13,13,3,2,2,1,21,467.92,253.92,233.96,Shirts,0.7317073170731707,9,1,3,36,0
u-0143,2025-06-01,52,0,0,6,6,20,20,4,3,2,1,17,385.88,120,192.94,Trousers,1.1538461538461537,12,3,2,54,0
u-0144,2025-06-01,151,4,4,3,3,14,14,2,1,4,0,30,737.04,0,184.26,T-Shirts,0.794701986754967,9,5,2.75,34,0
u-0149,2025-06-01,150,4,4,5,5,19,19,5,2,4,2,8,1225.68,569.84,306.42,Accessories,0.8,11,4,3.25,52,0
u-0153,2025-06-01,80,1,1,5,5,20,20,5,1,2,1,11,320,76,160,T-Shirts,0.75,11,2,3,52,0
u-0154,2025-06-01,146,31,31,0,0,0,0,0,0,1,0,138,168,0,168,Sweaters,0.20547945205479454,0,1,2,0,0
u-0157,2025-06-01,65,8,8,3,3,10,10,1,2,1,0,60,96,0,96,Trousers,0.46153846153846156,9,1,1,26,0
u-0158,2025-06-01,16,7,6,2,3,2,1,2,0,1,1,6,104,104,104,Dresses,1,1,1,1,8,0
u-0165,2025-06-01,99,3,3,6,6,20,20,3,1,2,0,42,540.04,0,270.02,Jackets,0.6060606060606061,14,2,3,50,0
u-0170,2025-06-01,4,2,2,2,2,2,1,2,0,1,1,2,129,129,129,T-Shirts,1,1,2,2,8,0
u-0178,2025-06-01,91,1,1,7,7,27,27,5,3,2,0,33,1223.6,0,611.8,Outerwear,0.6593406593406593,14,2,4,69,0
u-0182,2025-06-01,35,1,1,3,3,9,8,4,0,1,1,26,96,96,96,Accessories,0.8571428571428571,6,1,2,25,1
u-0189,2025-06-01,36,7,7,4,4,11,10,4,1,2,2,7,375,375,187.5,Trousers,1.6666666666666667,9,1,2,32,0
u-0190,2025-06-01,101,30,30,0,0,0,0,0,0,1,0,92,242.88,0,242.88,Accessories,0.297029702970297,0,1,4,0,1
u-0192,2025-06-01,72,17,17,1,1,1,1,0,0,1,0,66,176,0,176,Trousers,0.4166666666666667,1,1,2,3,1
u-0197,2025-06-01,45,22,22,1,1,1,1,0,0,1,0,36,301.76,0,301.76,Shoes,0.6666666666666666,1,2,3,3,1
u-0204,2025-06-01,138,0,0,7,7,24,24,6,2,4,2,18,462,258,115.5,T-Shirts,0.8695652173913044,12,3,2.75,65,0
u-0206,2025-06-01,73,13,13,2,2,4,3,1,1,2,0,34,330,0,165,Jackets,0.8219178082191781,3,3,2,11,1
u-0207,2025-06-01,135,7,7,4,4,15,15,4,1,4,2,22,536,208,134,Accessories,0.8888888888888888,9,2,1.75,41,0
u-0209,2025-06-01,78,1,1,5,5,22,22,3,2,2,0,34,246,0,123,Jackets,0.7692307692307692,13,2,1.5,54,0
u-0211,2025-06-01,114,14,14,2,2,9,9,0,0,2,0,52,865.8,0,432.9,Outerwear,0.5263157894736842,6,1,2.5,20,0
u-0216,2025-06-01,70,6,6,4,4,12,12,2,2,3,0,39,798.12,0,266.04,Shirts,1.2857142857142856,9,4,3.3333333333333335,32,0
u-0225,2025-06-01,99,5,5,3,3,15,15,1,2,2,0,52,399.04,0,199.52,Trousers,0.6060606060606061,9,3,2,36,0
u-0227,2025-06-01,80,65,65,0,0,0,0,0,0,1,0,76,110,0,110,Sweaters,0.375,0,1,1,0,1
u-0229,2025-06-01,142,23,23,1,1,1,1,0,0,2,0,97,454.32,0,227.16,Shirts,0.4225352112676056,1,2,3,3,1
u-0231,2025-06-01,17,2,1,3,3,10,10,3,1,1,1,11,249.32,249.32,249.32,T-Shirts,1,8,3,4,28,0
u-0232,2025-06-01,73,0,0,9,9,36,36,5,3,4,1,22,986.44,269.56,246.61,Sweaters,1.6438356164383563,13,5,2.5,90,0
u-0236,2025-06-01,12,1,1,3,3,6,5,3,1,1,1,4,463.68,463.68,463.68,Shoes,1,4,1,4,19,0
u-0238,2025-06-01,47,7,7,4,4,15,15,5,0,3,2,16,383,263,127.67,Shirts,1.9148936170212767,10,3,1,41,0
u-0240,2025-06-01,48,0,0,8,8,36,36,4,3,2,1,6,208,104,104,Dresses,1.25,13,1,1,88,0
u-0241,2025-06-01,30,4,4,3,4,11,10,3,1,1,1,26,76,76,76,Shirts,1,6,1,1,29,0
u-0243,2025-06-01,151,12,12,2,2,3,3,1,0,2,0,84,242,0,121,Dresses,0.3973509933774835,3,2,1.5,9,0
u-0245,2025-06-01,91,3,3,4,4,15,15,2,0,3,1,23,848.8,478.4,282.93,Dresses,0.989010989010989,10,3,3,37,0
u-0246,2025-06-01,95,10,10,5,5,18,18,2,2,2,0,54,186,0,93,Accessories,0.6315789473684211,10,2,2,45,1
u-0247,2025-06-01,32,11,11,2,2,6,5,2,0,1,1,23,88,88,88,Trousers,0.9375,4,1,1,16,1
u-0249,2025-06-01,67,7,7,4,4,15,15,2,3,2,0,51,695.6,0,347.8,Outerwear,0.8955223880597015,8,1,2,39,0
u-0250,2025-06-01,72,0,0,8,9,30,30,3,4,2,1,0,659.64,250.24,329.82,Shoes,0.8333333333333334,12,3,3,75,0
u-0252,2025-06-01,64,9,9,2,2,8,8,1,1,1,0,60,208,0,208,Dresses,0.46875,6,1,2,20,0
u-0254,2025-06-01,37,3,3,5,5,14,13,4,3,2,2,11,369.6,369.6,184.8,Shoes,1.6216216216216215,10,1,1.5,41,0
u-0259,2025-06-01,40,2,2,6,6,24,24,5,1,4,3,2,535,316,133.75,T-Shirts,3,11,3,2.5,63,0
u-0261,2025-06-01,114,38,38,0,0,0,0,0,0,3,0,53,815.68,0,271.89,Jackets,0.7894736842105263,0,2,2.6666666666666665,0,1
u-0262,2025-06-01,41,6,6,3,3,13,13,2,3,2,0,32,224,0,112,Shoes,1.4634146341463414,10,1,1,34,0
u-0264,2025-06-01,61,1,1,3,3,4,4,0,0,3,1,1,982.56,426.88,327.52,Shirts,1.4754098360655739,2,4,3.6666666666666665,12,0
u-0265,2025-06-01,26,2,2,6,7,17,16,6,2,1,1,22,76,76,76,T-Shirts,1,9,1,2,48,0
u-0269,2025-06-01,59,2,2,6,6,19,19,6,3,3,2,18,634,358,211.33,Shoes,1.5254237288135595,12,3,2.3333333333333335,55,1
u-0270,2025-06-01,85,10,10,2,2,7,7,1,0,2,0,31,381.96,0,190.98,Shoes,0.7058823529411764,5,3,1.5,17,1
u-0271,2025-06-01,124,3,3,3,3,8,8,2,2,2,0,42,232,0,116,T-Shirts,0.48387096774193544,7,2,3,23,0
u-0275,2025-06-01,141,3,3,3,3,10,10,2,2,6,1,22,1799.6,340.4,299.93,Outerwear,1.276595744680851,9,3,2,28,0
u-0283,2025-06-01,17,8,8,3,3,6,5,3,0,1,1,12,531.76,531.76,531.76,Dresses,1,4,2,4,18,0
u-0286,2025-06-01,27,1,1,5,5,12,11,4,2,1,1,16,216,216,216,Accessories,1,8,2,2,35,0
u-0289,2025-06-01,115,6,6,3,3,9,9,2,1,3,1,17,481,99,160.33,Jackets,0.7826086956521738,6,2,1.6666666666666667,25,0
u-0295,2025-06-01,148,5,5,4,4,18,18,4,1,4,1,12,901.64,249.32,225.41,Trousers,0.8108108108108107,11,2,2.5,46,0
u-0297,2025-06-01,71,5,5,8,8,37,37,4,3,4,1,8,931.8,270.48,232.95,Jackets,1.6901408450704225,15,2,2.75,90,0
u-0298,2025-06-01,70,1,1,6,6,32,32,5,3,4,1,6,1140.44,475.64,285.11,Jackets,1.7142857142857142,15,3,3,79,0
u-0300,2025-06-01,45,0,0,6,6,24,24,3,1,2,1,22,376,185,188,Outerwear,1.3333333333333333,15,3,1.5,59,0
u-0304,2025-06-01,70,5,5,4,4,16,16,1,1,3,1,25,948.52,308.2,316.17,Accessories,1.2857142857142856,9,5,3.3333333333333335,39,0
u-0309,2025-06-01,78,2,2,5,5,18,18,6,1,4,1,26,929.76,120,232.44,Shoes,1.5384615384615383,12,2,2,49,0
u-0315,2025-06-01,20,7,7,3,3,7,6,3,0,2,2,7,695.6,695.6,347.8,Outerwear,2,6,1,2,21,0
u-0318,2025-06-01,92,5,5,3,3,10,10,3,0,2,1,5,318,214,159,Dresses,0.6521739130434783,6,2,1.5,27,0
u-0319,2025-06-01,105,5,5,3,3,10,10,3,1,2,0,41,574.08,0,287.04,Dresses,0.5714285714285714,7,1,3,27,0
u-0321,2025-06-01,122,3,3,4,4,18,18,5,2,8,3,3,3106.92,1036,388.37,Outerwear,1.9672131147540985,12,5,2.5,50,0
u-0324,2025-06-01,39,0,0,6,6,29,29,2,3,2,1,3,503.84,88,251.92,Dresses,1.5384615384615383,13,3,2.5,70,0
u-0325,2025-06-01,129,4,4,4,4,10,10,3,0,4,1,18,918.56,99,229.64,Jackets,0.9302325581395349,7,2,2,28,0
u-0327,2025-06-01,67,1,1,6,6,31,31,6,1,2,1,8,633.76,393.76,316.88,Accessories,0.8955223880597015,13,2,3,76,0
u-0329,2025-06-01,21,0,0,5,5,17,16,4,2,2,2,0,292,292,146,Shirts,2,12,1,2,46,0
u-0339,2025-06-01,35,0,0,4,4,15,14,6,2,2,2,15,502.36,502.36,251.18,Sweaters,1.7142857142857142,11,4,3,43,0
u-0341,2025-06-01,42,6,6,4,4,14,14,4,0,3,2,6,694.92,598.92,231.64,Trousers,2.142857142857143,10,1,2.6666666666666665,38,0
u-0346,2025-06-01,136,4,4,3,3,15,15,4,1,5,2,4,1295.28,537.28,259.06,Sweaters,1.1029411764705883,10,4,2.8,40,0
u-0348,2025-06-01,69,23,23,1,1,1,0,0,0,2,0,34,602.68,0,301.34,Outerwear,0.8695652173913044,0,2,2,2,1
u-0356,2025-06-01,110,4,4,3,3,11,11,2,2,4,1,19,1310.76,185,327.69,Outerwear,1.090909090909091,7,3,2.25,30,0
u-0357,2025-06-01,142,24,24,1,1,1,1,0,0,3,0,93,504,0,168,T-Shirts,0.6338028169014085,1,4,2.6666666666666665,3,0
u-0358,2025-06-01,59,3,3,8,8,30,30,3,4,1,0,48,282.44,0,282.44,Dresses,0.5084745762711864,12,2,3,75,0
u-0361,2025-06-01,129,15,15,1,1,1,0,0,0,2,0,96,521.64,0,260.82,Sweaters,0.46511627906976744,0,2,3,2,1
u-0366,2025-06-01,115,3,3,7,7,25,25,5,3,6,2,11,1833.8,525.4,305.63,Outerwear,1.5652173913043477,13,2,1.8333333333333333,67,0
u-0369,2025-06-01,22,1,1,4,4,13,12,4,1,2,2,1,612.72,612.72,306.36,Sweaters,2,8,1,3.5,36,0
u-0372,2025-06-01,47,0,0,5,5,19,19,3,1,2,1,10,445.52,95,222.76,Trousers,1.2765957446808511,12,1,2.5,48,0
u-0375,2025-06-01,77,2,2,3,3,10,10,2,2,1,0,72,118,0,118,Sweaters,0.3896103896103896,9,2,2,27,0
u-0378,2025-06-01,127,1,1,4,4,23,23,4,0,5,1,9,957.8,160,191.56,Shirts,1.1811023622047243,14,3,2.4,55,0
u-0379,2025-06-01,117,3,2,4,4,21,21,2,2,2,0,54,414.04,0,207.02,Dresses,0.5128205128205129,12,3,2,50,0
u-0380,2025-06-01,22,6,6,4,4,11,10,4,2,2,2,6,371,371,185.5,Dresses,2,7,3,2.5,33,1
u-0383,2025-06-01,10,6,6,2,2,2,1,2,0,1,1,6,287.04,287.04,287.04,Dresses,1,1,1,3,8,0
u-0384,2025-06-01,96,0,0,7,7,25,25,5,3,5,1,0,512.24,76,102.45,T-Shirts,1.5625,13,3,2,66,0
u-0385,2025-06-01,15,1,1,4,4,10,9,2,1,1,1,11,613.64,613.64,613.64,Jackets,1,8,2,5,27,1
u-0392,2025-06-01,115,0,0,3,3,3,3,0,0,3,1,0,374,208,124.67,Dresses,0.7826086956521738,3,3,1.3333333333333333,10,0
u-0394,2025-06-01,58,3,3,6,6,26,26,4,1,2,0,31,678.04,0,339.02,Outerwear,1.0344827586206897,13,3,2.5,63,0
u-0397,2025-06-01,101,12,12,2,2,5,5,1,2,2,0,69,672.52,0,336.26,Outerwear,0.594059405940594,5,2,2.5,15,0
u-0399,2025-06-01,110,13,13,2,2,10,10,1,1,1,0,108,260.36,0,260.36,Shirts,0.27272727272727276,9,2,3,24,0
u-0401,2025-06-01,48,4,4,5,5,18,18,5,2,3,2,4,649.28,493.28,216.43,Shoes,1.875,10,3,2,50,0
u-0404,2025-06-01,40,3,3,3,3,11,11,2,1,1,0,35,76,0,76,T-Shirts,0.75,9,1,2,28,0
u-0409,2025-06-01,114,5,5,3,3,14,14,2,0,3,0,31,160,0,53.33,T-Shirts,0.7894736842105263,11,1,1.3333333333333333,33,0
u-0410,2025-06-01,46,5,5,3,3,11,11,1,0,1,0,36,273.24,0,273.24,Jackets,0.6521739130434783,8,1,3,26,0
u-0412,2025-06-01,39,1,1,3,3,13,13,0,2,1,0,30,241.96,0,241.96,Outerwear,0.7692307692307692,8,2,2,31,0
u-0413,2025-06-01,133,2,2,3,3,8,8,3,0,2,0,64,1191.4,0,595.7,Outerwear,0.45112781954887216,7,1,3.5,22,0
u-0415,2025-06-01,111,1,1,6,6,18,18,2,3,4,0,45,1180.4,0,295.1,Jackets,1.081081081081081,11,4,3,47,0
u-0416,2025-06-01,4,2,2,2,2,2,1,2,0,1,1,2,112,112,112,Shoes,1,1,1,1,8,0
u-0417,2025-06-01,95,0,0,7,7,22,22,5,1,3,0,40,773.92,0,257.97,Shoes,0.9473684210526316,12,1,2.3333333333333335,57,0
u-0422,2025-06-01,59,0,0,5,5,26,26,4,2,2,1,0,340,194,170,T-Shirts,1.0169491525423728,14,3,3,64,1
u-0427,2025-06-01,75,7,7,3,3,12,12,4,0,2,1,7,304,110,152,Sweaters,0.8,9,1,1.5,32,0
u-0436,2025-06-01,48,1,1,7,7,28,28,6,2,3,2,5,575.16,301,191.72,T-Shirts,1.875,15,4,3,73,0
u-0439,2025-06-01,125,0,0,3,3,11,11,2,2,3,1,0,433.68,99,144.56,Trousers,0.72,8,3,1.6666666666666667,30,1
u-0440,2025-06-01,74,9,9,2,2,5,5,2,0,2,1,9,621,381.8,310.5,Accessories,0.8108108108108107,4,4,3,15,0
u-0442,2025-06-01,87,0,0,8,8,34,34,6,3,6,2,0,662,278,110.33,T-Shirts,2.0689655172413794,13,3,2.3333333333333335,87,0
u-0443,2025-06-01,42,3,3,4,4,18,18,2,2,2,1,9,464.88,84,232.44,Sweaters,1.4285714285714286,12,2,3,45,0
u-0444,2025-06-01,119,12,12,1,1,4,4,2,0,3,1,12,506,84,168.67,Sweaters,0.7563025210084033,3,2,2,12,0
u-0445,2025-06-01,92,2,2,6,6,30,30,4,3,4,1,6,934,259.44,233.5,Jackets,1.3043478260869565,14,3,2.5,74,1
u-0446,2025-06-01,53,2,2,5,5,23,23,2,2,1,0,42,237.36,0,237.36,Trousers,0.5660377358490566,12,2,3,55,0
u-0447,2025-06-01,125,2,2,3,3,13,13,3,0,3,2,2,728.16,316,242.72,Shoes,0.72,10,3,2.3333333333333335,34,0
u-0449,2025-06-01,113,0,0,3,3,5,5,3,0,3,1,5,596.68,183,198.89,Trousers,0.7964601769911505,4,2,2.3333333333333335,17,0
u-0451,2025-06-01,18,6,6,3,3,5,4,3,0,1,1,16,214,214,214,Shirts,1,4,1,3,16,0
u-0455,2025-06-01,96,31,31,0,0,0,0,0,0,1,0,87,104,0,104,Dresses,0.3125,0,1,1,0,1
u-0457,2025-06-01,145,32,32,0,0,0,0,0,0,3,0,108,733.48,0,244.49,Jackets,0.6206896551724138,0,2,2.6666666666666665,0,1
u-0467,2025-06-01,6,5,4,2,2,2,1,2,0,1,1,4,130,130,130,Accessories,1,1,2,3,8,0
u-0469,2025-06-01,98,2,2,6,6,27,27,4,3,3,1,10,491.52,235.52,163.84,Accessories,0.9183673469387755,14,2,2,68,1
u-0470,2025-06-01,149,2,2,5,5,20,20,3,2,3,1,2,874.64,185,291.55,Outerwear,0.6040268456375839,11,3,2,51,0
u-0472,2025-06-01,123,11,11,2,2,10,10,1,0,2,0,54,228,0,114,Shirts,0.48780487804878053,6,1,1.5,23,0
u-0474,2025-06-01,17,6,6,2,2,2,1,2,0,1,1,6,217,217,217,Trousers,1,1,2,3,8,0
u-0477,2025-06-01,73,3,3,3,3,14,14,3,0,2,1,3,410.88,242.88,205.44,Accessories,0.8219178082191781,11,2,2.5,35,1
u-0478,2025-06-01,93,2,2,3,3,10,10,3,2,2,0,38,486.96,0,243.48,Accessories,0.6451612903225806,7,3,2.5,28,0
u-0481,2025-06-01,69,4,4,4,4,16,16,3,2,4,2,10,786.64,342,196.66,Sweaters,1.7391304347826089,10,4,2.25,43,0
u-0485,2025-06-01,22,3,3,5,6,11,10,3,0,1,1,16,195,195,195,Jackets,1,7,2,2,30,0
u-0487,2025-06-01,24,0,0,4,4,9,8,3,1,2,2,4,465.6,465.6,232.8,Outerwear,2,7,2,1.5,27,0
u-0488,2025-06-01,53,3,3,5,5,24,24,2,2,1,0,42,371.68,0,371.68,Outerwear,0.5660377358490566,14,2,3,57,0
u-0489,2025-06-01,105,8,8,2,2,6,6,2,1,4,1,8,975.52,334.88,243.88,Shoes,1.1428571428571428,5,1,2,18,0
u-0491,2025-06-01,145,14,14,1,1,1,1,0,0,2,0,44,598,0,299,Sweaters,0.4137931034482759,1,2,3.5,3,1
u-0492,2025-06-01,120,9,9,2,2,6,6,0,1,3,0,40,508.96,0,169.65,Jackets,0.75,4,2,1.6666666666666667,15,0
u-0493,2025-06-01,33,2,2,3,3,15,15,2,0,2,1,10,420,236,210,Trousers,1.8181818181818181,10,2,2,36,1
u-0494,2025-06-01,70,9,9,3,3,13,13,1,0,2,0,41,209,0,104.5,T-Shirts,0.8571428571428571,8,2,2,30,0
u-0497,2025-06-01,92,0,0,3,4,15,15,2,2,1,0,40,167,0,167,T-Shirts,0.32608695652173914,11,2,3,37,0
u-0499,2025-06-01,68,11,11,3,3,9,9,2,0,2,1,19,360.32,318.32,180.16,T-Shirts,0.8823529411764706,7,3,2.5,24,1
u-0501,2025-06-01,71,6,6,6,6,23,23,5,2,2,1,6,396.52,92,198.26,Shirts,0.8450704225352113,14,2,2,60,0
u-0503,2025-06-01,148,0,0,6,6,18,18,1,2,7,1,20,3162.12,680.8,451.73,Outerwear,1.4189189189189189,12,6,3.142857142857143,46,1
u-0505,2025-06-01,126,8,8,2,2,2,2,1,0,3,0,78,689.72,0,229.91,Dresses,0.7142857142857143,2,2,2.3333333333333335,7,1
u-0513,2025-06-01,27,4,4,7,7,22,21,7,1,2,2,20,176,176,88,Trousers,2,12,1,1,60,0
u-0518,2025-06-01,106,0,0,4,4,16,16,3,0,2,0,42,342,0,171,Shirts,0.5660377358490566,12,2,2,39,0
u-0519,2025-06-01,107,3,3,4,4,16,16,2,1,3,1,12,691.08,140,230.36,Jackets,0.8411214953271028,10,3,2.3333333333333335,40,0
u-0522,2025-06-01,103,11,11,3,3,12,12,0,2,3,0,40,480,0,160,Jackets,0.8737864077669903,7,2,1.6666666666666667,29,0
u-0531,2025-06-01,114,0,0,3,3,5,5,1,0,3,1,11,670.32,253.92,223.44,T-Shirts,0.7894736842105263,4,4,3,15,0
u-0534,2025-06-01,105,0,0,3,3,16,16,3,0,5,2,0,1048.72,566.72,209.74,Shoes,1.4285714285714286,10,3,1.8,40,0
u-0537,2025-06-01,44,0,0,5,5,23,23,1,0,1,0,34,255.76,0,255.76,Sweaters,0.6818181818181819,12,1,3,52,0
u-0538,2025-06-01,55,5,5,6,6,28,28,4,1,2,1,20,200,96,100,Accessories,1.090909090909091,12,2,1.5,68,0
u-0539,2025-06-01,92,5,5,3,3,8,8,2,2,2,1,28,372.24,273.24,186.12,Jackets,0.6521739130434783,5,1,2,24,0
u-0540,2025-06-01,143,4,4,4,4,12,12,3,1,3,1,4,628.88,104,209.63,Shoes,0.6293706293706294,9,3,2,33,0
u-0542,2025-06-01,124,4,4,4,4,15,15,3,3,5,0,30,1910.64,0,382.13,Outerwear,1.2096774193548385,10,5,2.8,40,0
u-0546,2025-06-01,45,9,9,3,3,16,16,3,1,1,0,35,231.84,0,231.84,Shoes,0.6666666666666666,10,1,2,39,0
u-0547,2025-06-01,26,10,10,3,3,8,7,3,1,1,1,22,294.4,294.4,294.4,Dresses,1,5,2,3,23,0
u-0549,2025-06-01,97,6,6,3,3,12,12,1,2,3,1,17,762.28,110,254.09,Outerwear,0.9278350515463918,10,4,2,31,1
u-0557,2025-06-01,25,9,9,3,3,8,7,3,1,1,1,19,110,110,110,Sweaters,1,5,1,1,23,0
u-0559,2025-06-01,47,6,6,3,3,11,11,4,1,2,1,6,140,84,70,Sweaters,1.2765957446808511,8,2,1,31,0
u-0560,2025-06-01,80,2,2,3,3,12,12,2,0,2,0,50,515.2,0,257.6,Shirts,0.75,8,1,3.5,29,1
u-0562,2025-06-01,144,6,6,4,4,18,18,1,2,3,0,65,370,0,123.33,Trousers,0.625,11,2,1.3333333333333333,43,0
u-0564,2025-06-01,62,8,8,2,2,5,5,1,1,2,1,8,236,160,118,Shirts,0.9677419354838709,5,2,2,15,0
u-0565,2025-06-01,117,6,6,2,2,10,10,4,1,3,2,6,752.2,504.72,250.73,Accessories,0.7692307692307693,7,4,2.6666666666666665,29,0
u-0566,2025-06-01,150,5,5,4,4,20,20,4,1,4,2,5,632,296,158,Accessories,0.8,10,1,1.75,51,0
u-0579,2025-06-01,70,10,10,2,2,5,5,2,1,3,0,33,865.72,0,288.57,Jackets,1.2857142857142856,4,4,3,15,0
u-0585,2025-06-01,90,11,11,2,2,9,9,2,1,3,1,23,620.4,95,206.8,Outerwear,1,7,2,1.3333333333333333,24,0
u-0589,2025-06-01,78,22,22,1,1,1,1,0,0,1,0,71,380.88,0,380.88,Sweaters,0.3846153846153846,1,1,4,3,1
u-0590,2025-06-01,30,1,1,6,7,24,23,6,2,2,2,8,473.68,473.68,236.84,T-Shirts,2,13,2,3,63,0
u-0592,2025-06-01,96,2,2,5,5,21,21,0,3,3,0,61,771.08,0,257.03,Sweaters,0.9375,14,2,2.3333333333333335,50,0
u-0594,2025-06-01,103,50,50,0,0,0,0,0,0,3,0,69,585.52,0,195.17,Accessories,0.8737864077669903,0,3,2,0,1
u-0595,2025-06-01,65,8,8,2,2,7,7,1,1,1,0,58,257.6,0,257.6,Trousers,0.46153846153846156,5,1,3,18,0
u-0596,2025-06-01,51,2,2,4,4,13,13,3,0,1,0,44,92,0,92,Shirts,0.5882352941176471,8,1,1,33,0
u-0605,2025-06-01,46,0,0,7,7,29,29,4,1,1,0,36,96,0,96,Trousers,0.6521739130434783,13,1,1,70,0
u-0609,2025-06-01,73,2,2,4,4,19,19,4,1,3,0,45,798.2,0,266.07,Trousers,1.2328767123287672,12,2,3,47,0
u-0611,2025-06-01,94,78,78,0,0,0,0,0,0,1,0,87,510.6,0,510.6,Outerwear,0.3191489361702128,0,1,3,0,1
u-0617,2025-06-01,62,6,6,3,3,14,14,1,0,3,0,45,442,0,147.33,Sweaters,1.4516129032258063,9,2,1.3333333333333333,32,0
u-0619,2025-06-01,32,4,4,3,3,7,6,3,0,1,1,24,510.6,510.6,510.6,Outerwear,0.9375,5,1,3,20,0
u-0624,2025-06-01,34,1,0,3,3,17,17,2,2,1,1,1,353.28,353.28,353.28,Sweaters,0.8823529411764706,11,3,4,42,0
u-0626,2025-06-01,62,0,0,3,3,13,13,1,2,3,1,0,372,170,124,T-Shirts,1.4516129032258063,8,2,2.6666666666666665,33,0
u-0628,2025-06-01,19,6,6,3,3,8,7,3,1,1,1,17,340.4,340.4,340.4,Outerwear,1,6,1,2,23,1
u-0630,2025-06-01,100,7,7,3,3,8,8,2,0,2,0,41,371.04,0,185.52,Shirts,0.6,5,2,2.5,21,0
u-0640,2025-06-01,81,10,10,2,2,9,9,2,0,3,1,10,458.4,340.4,152.8,T-Shirts,1.111111111111111,6,2,1.6666666666666667,23,0
u-0641,2025-06-01,135,0,0,3,3,9,9,0,2,3,0,37,758.6,0,252.87,Jackets,0.6666666666666666,7,3,3,23,0
u-0652,2025-06-01,109,86,86,0,0,0,0,0,0,1,0,98,110,0,110,Sweaters,0.27522935779816515,0,1,1,0,1
u-0653,2025-06-01,37,3,3,4,4,15,15,3,0,2,1,24,209,99,104.5,Jackets,1.6216216216216215,10,2,1,38,0
u-0654,2025-06-01,142,1,1,5,5,21,21,4,2,6,2,5,1962.52,488.68,327.09,Shoes,1.267605633802817,12,4,3.1666666666666665,55,0
u-0657,2025-06-01,106,5,5,2,2,2,2,0,0,2,0,31,278,0,139,Sweaters,0.5660377358490566,2,1,1.5,6,0
u-0658,2025-06-01,141,3,3,3,3,11,11,3,1,4,1,3,578,136,144.5,Shirts,0.851063829787234,9,1,2,30,0
u-0661,2025-06-01,68,1,1,7,7,30,30,3,2,4,2,12,773.24,329.24,193.31,Jackets,1.7647058823529411,13,3,2.25,74,1
u-0663,2025-06-01,79,1,1,8,8,25,25,6,3,4,2,8,798.24,430.24,199.56,Trousers,1.518987341772152,12,2,2.25,69,0
u-0671,2025-06-01,119,80,80,0,0,0,0,0,0,1,0,109,237.36,0,237.36,Shoes,0.25210084033613445,0,3,3,0,1
u-0674,2025-06-01,83,47,47,0,0,0,0,0,0,1,0,74,349.6,0,349.6,Shoes,0.3614457831325301,0,3,4,0,1
u-0675,2025-06-01,124,75,75,0,0,0,0,0,0,3,0,91,895.84,0,298.61,Shoes,0.7258064516129031,0,3,2.6666666666666665,0,1
u-0677,2025-06-01,95,1,1,6,6,23,23,4,2,3,1,24,531.84,198,177.28,Jackets,0.9473684210526316,16,3,2,59,0
u-0681,2025-06-01,87,4,4,5,5,22,22,2,4,4,0,50,526,0,131.5,Dresses,1.3793103448275863,11,2,1.25,55,0
u-0682,2025-06-01,119,6,6,6,6,26,26,2,3,4,1,6,892.28,96,223.07,Trousers,1.0084033613445378,12,1,2.5,64,0
u-0684,2025-06-01,28,14,14,3,3,3,2,3,0,1,1,26,156,156,156,T-Shirts,1,2,2,3,12,1
u-0698,2025-06-01,93,3,3,3,3,13,13,4,0,2,1,14,416,204,208,Accessories,0.6451612903225806,9,3,3,34,1
u-0700,2025-06-01,68,5,5,7,7,23,23,7,5,5,2,5,1310.04,438,262.01,Sweaters,2.2058823529411766,13,4,2.4,67,0
u-0701,2025-06-01,32,0,0,3,3,9,8,5,2,2,2,0,458.24,458.24,229.12,Jackets,1.875,7,2,2,29,0
u-0703,2025-06-01,88,0,0,8,8,36,36,5,4,2,1,29,340.96,264.96,170.48,Accessories,0.6818181818181819,14,2,2,90,0
u-0705,2025-06-01,91,1,1,4,4,17,17,4,2,2,1,1,209,133,104.5,T-Shirts,0.6593406593406593,11,2,2,45,0
u-0706,2025-06-01,113,0,0,3,3,12,12,3,1,2,1,20,461.48,99,230.74,Jackets,0.5309734513274337,9,3,2,32,0
u-0709,2025-06-01,128,28,28,1,1,1,1,1,0,3,0,79,596.2,0,198.73,Accessories,0.703125,1,4,2.3333333333333335,4,1
u-0710,2025-06-01,137,2,2,3,3,15,15,1,2,3,1,15,688.2,265.88,229.4,Dresses,0.6569343065693432,9,3,2.3333333333333335,37,0
u-0711,2025-06-01,78,10,10,2,2,2,2,1,0,1,0,68,271.4,0,271.4,Outerwear,0.3846153846153846,2,2,2,7,1
u-0713,2025-06-01,62,10,10,2,2,8,8,0,1,1,0,55,340.4,0,340.4,Outerwear,0.48387096774193544,5,1,2,19,0
u-0718,2025-06-01,125,3,3,5,5,18,18,2,2,5,1,22,643,78,128.6,Shirts,1.2,10,4,1.4,46,0
u-0720,2025-06-01,3,1,1,2,2,2,1,2,0,1,1,1,244.72,244.72,244.72,Jackets,1,1,2,4,8,0
u-0721,2025-06-01,95,7,7,2,2,10,10,1,0,1,0,86,96,0,96,Accessories,0.31578947368421056,7,1,2,23,0
u-0722,2025-06-01,13,2,2,2,2,2,1,2,0,1,1,2,263.12,263.12,263.12,Trousers,1,1,1,3,8,0
u-0728,2025-06-01,98,6,6,3,3,14,14,2,2,2,1,6,467.2,136,233.6,Accessories,0.6122448979591837,10,2,2.5,36,0
u-0730,2025-06-01,116,1,1,4,4,14,14,2,0,4,0,38,1564,0,391,Shoes,1.0344827586206897,9,2,3.5,34,0
u-0736,2025-06-01,60,5,5,2,2,10,10,1,1,1,0,57,208,0,208,Dresses,0.5,5,1,2,24,0
u-0738,2025-06-01,133,9,9,3,3,16,16,1,2,3,1,18,450.12,99,150.04,Jackets,0.6766917293233082,10,2,1.6666666666666667,39,0
u-0739,2025-06-01,141,15,15,1,1,1,1,0,0,4,0,63,708,0,177,Dresses,0.851063829787234,1,2,1.75,3,1
u-0744,2025-06-01,55,9,9,3,3,5,5,2,2,2,1,25,669.76,231.84,334.88,Shoes,1.090909090909091,4,1,3,18,0
u-0745,2025-06-01,90,0,0,4,4,20,20,3,1,3,0,46,1047.96,0,349.32,Outerwear,1,11,2,2.3333333333333335,48,0
u-0746,2025-06-01,20,5,5,3,3,8,7,3,0,1,1,17,84,84,84,Sweaters,1,5,1,1,22,0
u-0747,2025-06-01,138,12,12,2,2,2,2,0,0,2,0,46,84,0,42,T-Shirts,0.4347826086956522,2,1,1,6,0
u-0756,2025-06-01,55,4,4,5,5,17,17,4,1,2,1,28,384.32,112,192.16,Shoes,1.090909090909091,9,2,2,45,0
u-0759,2025-06-01,19,3,3,3,3,6,5,2,0,1,1,17,84,84,84,Sweaters,1,5,1,1,17,0
u-0761,2025-06-01,82,8,8,4,4,16,16,2,1,3,1,12,1016.6,446.2,338.87,Trousers,1.0975609756097562,12,5,3.3333333333333335,40,0
u-0763,2025-06-01,13,3,3,2,2,2,1,2,0,1,1,3,185,185,185,Outerwear,1,1,1,1,8,0
u-0768,2025-06-01,59,2,2,3,3,13,13,2,2,3,1,2,674.04,88,224.68,Trousers,1.5254237288135595,11,1,2.6666666666666665,34,0
u-0772,2025-06-01,55,13,13,2,2,7,7,0,0,1,0,51,216,0,216,Accessories,0.5454545454545455,6,1,3,16,1
u-0773,2025-06-01,70,12,12,2,2,9,9,3,0,3,1,12,811,282.44,270.33,Jackets,1.2857142857142856,9,5,3.3333333333333335,24,0
u-0776,2025-06-01,10,3,3,2,2,2,1,2,0,1,1,3,146,146,146,Shirts,1,1,1,2,8,0
u-0777,2025-06-01,18,6,6,3,3,4,3,2,1,1,1,16,99,99,99,Jackets,1,3,1,1,14,0
u-0778,2025-06-01,44,11,11,2,2,6,6,2,0,1,0,38,299.92,0,299.92,Shirts,0.6818181818181819,5,2,4,16,0
u-0783,2025-06-01,84,1,1,4,4,15,15,2,1,3,1,21,698.64,140,232.88,Shoes,1.0714285714285714,10,2,2,38,0
u-0788,2025-06-01,79,3,3,7,7,29,29,4,0,2,0,45,246,0,123,Sweaters,0.759493670886076,13,2,1.5,69,0
u-0791,2025-06-01,130,8,8,3,3,15,15,3,1,4,0,60,784.8,0,196.2,Sweaters,0.9230769230769231,10,2,2.25,37,1
u-0792,2025-06-01,37,6,6,3,3,10,9,5,1,2,2,16,198,198,99,Jackets,1.6216216216216215,8,1,1,30,1
u-0793,2025-06-01,43,3,3,6,6,23,23,4,2,2,1,8,588.96,448.96,294.48,Shoes,1.3953488372093024,11,2,2.5,59,0
u-0799,2025-06-01,27,3,3,3,3,8,7,3,0,1,1,18,263.12,263.12,263.12,Trousers,1,6,1,3,22,1
u-0805,2025-06-01,74,0,0,3,3,10,10,1,1,2,1,0,439.04,198,219.52,Jackets,0.8108108108108107,7,3,2.5,26,0
u-0818,2025-06-01,126,15,15,1,1,1,1,0,0,4,0,67,982.28,0,245.57,Trousers,0.9523809523809523,1,3,2.5,3,1
u-0819,2025-06-01,134,1,1,5,5,20,20,3,2,3,1,22,576.56,185,192.19,Jackets,0.6716417910447761,10,3,1.6666666666666667,51,0
u-0820,2025-06-01,35,0,0,3,3,9,8,4,2,1,1,26,140,140,140,Shoes,0.8571428571428571,7,1,1,27,0
u-0821,2025-06-01,88,3,3,5,5,21,21,0,2,2,0,67,435.4,0,217.7,Outerwear,0.6818181818181819,14,2,1.5,49,0
u-0824,2025-06-01,51,0,0,3,3,11,11,2,0,3,1,0,411.52,42,137.17,T-Shirts,1.7647058823529411,8,4,2,28,0
u-0825,2025-06-01,104,2,2,4,4,12,12,4,2,3,1,21,609.04,259.44,203.01,Shirts,0.8653846153846153,10,2,2.6666666666666665,35,0
u-0831,2025-06-01,44,2,2,6,6,24,24,8,2,3,2,8,1031.32,690.92,343.77,Outerwear,2.0454545454545454,14,3,2.3333333333333335,66,0
u-0833,2025-06-01,24,7,7,3,3,8,7,2,0,1,1,22,188,188,188,Dresses,1,5,2,2,21,0
u-0834,2025-06-01,25,2,2,4,4,8,7,4,1,1,1,20,168,168,168,Accessories,1,7,1,2,25,0
u-0836,2025-06-01,81,18,18,1,1,1,1,0,0,1,0,74,231,0,231,Shirts,0.37037037037037035,1,2,3,3,1
u-0838,2025-06-01,86,2,2,3,3,12,12,3,0,2,1,26,255,163,127.5,Shirts,0.6976744186046512,9,2,1.5,31,0
u-0841,2025-06-01,77,8,8,3,3,10,10,2,1,1,0,71,267.72,0,267.72,Trousers,0.3896103896103896,8,2,3,26,0
u-0844,2025-06-01,23,6,6,3,3,5,4,2,1,1,1,18,236,236,236,Accessories,1,4,2,3,16,0
u-0847,2025-06-01,104,0,0,2,2,8,8,0,0,3,0,31,1264.16,0,421.39,Outerwear,0.8653846153846153,6,2,3,18,0
u-0850,2025-06-01,41,14,14,2,2,2,2,0,0,1,0,30,257.6,0,257.6,Shoes,0.7317073170731707,2,1,2,6,1
u-0851,2025-06-01,143,7,7,2,2,7,7,1,1,2,0,33,212,0,106,T-Shirts,0.4195804195804196,6,2,2,18,0
u-0853,2025-06-01,86,0,0,6,6,24,24,2,4,2,0,55,398.88,0,199.44,Sweaters,0.6976744186046512,14,2,2,60,0
u-0854,2025-06-01,112,4,4,4,4,20,20,2,0,3,0,40,528,0,176,Sweaters,0.8035714285714286,13,2,1.6666666666666667,46,0
u-0856,2025-06-01,146,31,31,0,0,0,0,0,0,3,0,86,563,0,187.67,Jackets,0.6164383561643836,0,2,2,0,1
u-0858,2025-06-01,69,62,62,0,0,0,0,0,0,1,0,62,224,0,224,Shoes,0.4347826086956522,0,1,2,0,1
u-0859,2025-06-01,24,3,3,4,4,10,9,4,0,1,1,18,96,96,96,Trousers,1,6,1,1,28,0
u-0866,2025-06-01,99,3,3,6,6,27,27,5,2,4,2,3,1095,637.56,273.75,Jackets,1.2121212121212122,13,2,3,69,0
u-0867,2025-06-01,24,2,2,3,3,8,7,3,0,1,1,14,185,185,185,Outerwear,1,7,1,1,22,0
u-0874,2025-06-01,56,0,0,3,3,9,9,3,2,2,1,27,132,56,66,T-Shirts,1.0714285714285714,6,2,1.5,27,1
u-0880,2025-06-01,54,25,25,1,1,1,1,0,0,1,0,48,340.4,0,340.4,Outerwear,0.5555555555555556,1,1,2,3,1
u-0881,2025-06-01,39,1,1,8,8,30,30,7,2,2,1,7,326,156,163,Shirts,1.5384615384615383,12,1,2,78,0
u-0882,2025-06-01,41,9,9,2,2,9,9,1,0,1,0,32,232,0,232,Jackets,0.7317073170731707,7,2,3,21,0
u-0883,2025-06-01,132,10,10,2,2,8,8,2,0,3,0,73,564.56,0,188.19,Sweaters,0.6818181818181818,8,3,1.6666666666666667,20,0
u-0885,2025-06-01,101,4,4,5,5,20,20,4,3,3,2,4,558,362,186,Sweaters,0.8910891089108911,13,2,2,54,0
u-0889,2025-06-01,54,4,4,4,4,12,12,3,0,4,2,10,1172.12,353.32,293.03,Dresses,2.2222222222222223,9,4,2.75,33,1
u-0890,2025-06-01,95,3,3,6,6,16,16,3,2,5,1,29,405,42,81,T-Shirts,1.5789473684210527,10,3,1.8,44,0
u-0892,2025-06-01,92,5,5,3,3,7,7,3,3,2,1,21,718.4,240,359.2,Dresses,0.6521739130434783,6,2,3.5,24,0
u-0893,2025-06-01,100,26,26,1,1,1,1,1,0,1,0,98,110,0,110,Sweaters,0.3,1,1,1,4,1
u-0895,2025-06-01,88,12,12,1,1,1,1,0,0,1,0,85,364.32,0,364.32,Jackets,0.34090909090909094,1,1,4,3,1
u-0899,2025-06-01,73,4,4,3,3,12,12,2,2,2,1,26,669.76,382.72,334.88,Dresses,0.8219178082191781,10,1,3.5,32,0
u-0900,2025-06-01,27,2,2,4,4,6,5,5,1,2,2,10,362,362,181,Sweaters,2,4,1,2,23,0
u-0904,2025-06-01,142,43,43,0,0,0,0,0,0,1,0,137,99,0,99,Jackets,0.2112676056338028,0,1,1,0,1
u-0908,2025-06-01,3,1,0,2,3,2,1,2,0,1,1,0,216,216,216,Accessories,1,1,1,3,8,0
u-0912,2025-06-01,41,2,2,3,3,11,11,2,1,2,1,2,574.08,287.04,287.04,Dresses,1.4634146341463414,8,1,3,29,0
u-0917,2025-06-01,118,5,5,3,3,3,3,0,0,2,0,55,649.52,0,324.76,Accessories,0.5084745762711864,3,2,3.5,9,1
u-0918,2025-06-01,57,1,1,7,7,28,28,4,2,4,2,3,872.68,426.56,218.17,Trousers,2.1052631578947367,15,2,2.5,71,0
u-0921,2025-06-01,18,5,5,3,3,5,4,2,1,1,1,10,266.8,266.8,266.8,Jackets,1,3,2,3,16,0
u-0929,2025-06-01,80,1,1,3,3,8,8,1,1,3,1,13,1113.2,273.24,371.07,Jackets,1.125,7,4,3.6666666666666665,22,0
u-0931,2025-06-01,20,0,0,7,7,19,18,5,1,1,1,14,266.8,266.8,266.8,Jackets,1,11,2,3,51,0
u-0932,2025-06-01,108,6,6,4,4,15,15,4,2,3,1,27,818.08,198,272.69,Jackets,0.8333333333333333,8,5,2.6666666666666665,41,0
u-0935,2025-06-01,101,1,1,3,3,13,13,3,2,2,1,13,475.76,220,237.88,Sweaters,0.594059405940594,7,1,2.5,35,0
u-0937,2025-06-01,57,1,1,7,7,30,30,5,3,2,1,10,705.64,281.52,352.82,Sweaters,1.0526315789473684,14,4,4,76,0
u-0938,2025-06-01,15,8,8,2,2,2,1,2,0,1,1,8,412.16,412.16,412.16,Accessories,1,1,2,4,8,1
u-0942,2025-06-01,117,0,0,7,7,23,23,6,1,3,1,10,1294.44,510.6,431.48,Outerwear,0.7692307692307693,13,2,2.6666666666666665,61,0
u-0944,2025-06-01,134,7,7,4,4,14,14,2,2,6,1,26,1129.8,112,188.3,Shirts,1.3432835820895521,9,4,2.1666666666666665,37,0
u-0947,2025-06-01,47,5,5,4,4,16,16,1,0,2,1,22,346,190,173,Trousers,1.2765957446808511,9,2,2,38,0
u-0953,2025-06-01,130,19,19,1,1,1,1,0,0,2,0,102,368.56,0,184.28,Jackets,0.46153846153846156,1,2,2,3,1
u-0954,2025-06-01,74,29,29,1,1,1,1,0,0,1,0,68,264.04,0,264.04,Trousers,0.4054054054054054,1,1,3,3,1
u-0958,2025-06-01,147,9,9,2,2,4,4,2,0,3,0,56,559.04,0,186.35,Trousers,0.6122448979591836,2,2,2,12,0
u-0959,2025-06-01,11,0,0,3,4,5,4,2,0,1,1,8,404.8,404.8,404.8,Sweaters,1,3,1,4,15,0
u-0961,2025-06-01,74,32,32,0,0,0,0,0,0,1,0,71,731.4,0,731.4,Outerwear,0.4054054054054054,0,2,5,0,0
u-0962,2025-06-01,118,7,7,3,3,10,10,1,0,4,1,7,804.84,99,201.21,Jackets,1.0169491525423728,8,3,2.5,25,0
u-0964,2025-06-01,148,2,2,4,4,19,19,0,2,2,0,42,272,0,136,T-Shirts,0.4054054054054054,10,1,4,44,0
u-0965,2025-06-01,19,0,0,3,3,7,6,2,1,1,1,8,235.52,235.52,235.52,Accessories,1,5,2,4,20,0
u-0970,2025-06-01,150,12,12,2,2,6,6,0,1,3,0,50,761.84,0,253.95,Shirts,0.6,6,3,3,15,1
u-0971,2025-06-01,122,9,9,2,2,4,4,2,0,3,1,25,710.24,198,236.75,Jackets,0.7377049180327869,4,2,2.3333333333333335,13,1
u-0972,2025-06-01,149,2,2,3,3,14,14,2,0,5,1,2,969.64,191,193.93,Trousers,1.006711409395973,9,3,2.4,34,1
u-0973,2025-06-01,150,4,4,4,4,14,14,3,2,3,1,16,1702,510.6,567.33,Outerwear,0.6,10,1,3.3333333333333335,38,0
u-0976,2025-06-01,136,2,2,3,3,13,13,4,1,3,1,9,764.88,246,254.96,Accessories,0.6617647058823529,11,4,3,35,0
u-0979,2025-06-01,101,7,7,1,1,1,1,1,0,1,0,99,208,0,208,Accessories,0.297029702970297,1,2,3,4,1
u-0980,2025-06-01,79,5,5,2,2,9,9,1,0,2,0,31,340,0,170,T-Shirts,0.759493670886076,8,3,3,21,0
u-0981,2025-06-01,77,9,9,2,2,7,7,3,1,3,1,9,557,204,185.67,Accessories,1.1688311688311688,5,3,1.6666666666666667,21,0
u-0983,2025-06-01,84,0,0,6,6,28,28,3,2,2,0,33,471.2,0,235.6,Shirts,0.7142857142857143,13,3,2.5,67,0
u-0984,2025-06-01,35,4,4,3,3,9,8,4,1,2,2,16,547.32,547.32,273.66,Jackets,1.7142857142857142,7,2,3,27,0
u-0985,2025-06-01,137,7,7,4,4,15,15,0,1,3,0,34,708.76,0,236.25,Accessories,0.6569343065693432,11,2,2.6666666666666665,35,0
u-0992,2025-06-01,84,9,9,2,2,3,3,0,0,2,0,66,520.8,0,260.4,Shoes,0.7142857142857143,3,3,3,8,1
u-0998,2025-06-01,65,1,1,3,3,16,16,1,1,3,0,38,648.24,0,216.08,T-Shirts,1.3846153846153848,9,5,3,37,0
u-0999,2025-06-01,56,5,5,3,3,11,11,4,2,2,1,21,765.44,258.52,382.72,Trousers,1.0714285714285714,9,3,4,32,0
u-1001,2025-06-01,130,30,30,0,0,0,0,0,0,3,0,53,321,0,107,Accessories,0.6923076923076924,0,3,1.3333333333333333,0,1
u-1002,2025-06-01,40,1,1,6,6,34,34,4,1,2,1,26,204,102,102,T-Shirts,1.5,13,1,3,80,0
u-1005,2025-06-01,28,4,4,3,3,5,4,3,1,1,1,17,95,95,95,Trousers,1,4,1,1,17,0
u-1007,2025-06-01,130,69,69,0,0,0,0,0,0,2,0,94,486.28,0,243.14,Shirts,0.46153846153846156,0,4,2.5,0,1
u-1010,2025-06-01,140,5,5,3,3,14,14,2,2,3,0,52,391,0,130.33,Accessories,0.6428571428571428,8,2,1.3333333333333333,35,0
u-1011,2025-06-01,21,1,1,5,5,14,13,4,2,1,1,11,140,140,140,Shoes,1,9,1,1,39,0
u-1012,2025-06-01,133,48,48,0,0,0,0,0,0,1,0,126,146,0,146,Shoes,0.22556390977443608,0,2,2,0,1
u-1014,2025-06-01,72,3,3,5,5,20,20,4,3,2,0,33,368.52,0,184.26,Outerwear,0.8333333333333334,9,3,1.5,52,0
u-1015,2025-06-01,19,4,4,3,3,4,3,3,1,1,1,12,183,183,183,Trousers,1,3,1,2,15,0
u-1017,2025-06-01,111,7,7,2,2,8,8,2,1,3,1,7,546.4,340.4,182.13,Outerwear,0.8108108108108107,7,3,1.6666666666666667,22,0
u-1021,2025-06-01,76,0,0,3,3,11,11,0,1,2,0,44,529.92,0,264.96,Sweaters,0.7894736842105263,11,2,3,26,0
u-1022,2025-06-01,150,1,1,4,4,16,16,3,2,7,1,8,1660.04,206,237.15,Sweaters,1.4,11,5,2.857142857142857,42,0
u-1024,2025-06-01,110,17,17,2,2,3,3,1,0,2,0,41,442.16,0,221.08,Accessories,0.5454545454545455,3,3,2.5,9,0
u-1026,2025-06-01,56,2,2,5,5,23,23,2,1,1,0,50,220,0,220,Sweaters,0.5357142857142857,12,1,2,54,0
u-1030,2025-06-01,33,6,6,5,5,18,17,4,3,1,1,27,680.8,680.8,680.8,Outerwear,0.9090909090909091,12,1,4,48,0
u-1032,2025-06-01,150,12,12,2,2,2,2,1,0,2,0,117,370,0,185,Outerwear,0.4,2,1,1,7,1
u-1033,2025-06-01,30,4,4,3,4,10,9,3,0,1,1,20,76,76,76,Shirts,1,9,1,1,26,0
u-1035,2025-06-01,63,13,13,2,2,5,5,1,0,1,0,60,242,0,242,Accessories,0.47619047619047616,5,3,5,13,1
u-1036,2025-06-01,149,3,3,3,3,10,10,3,2,5,1,3,1254.32,277.84,250.86,Jackets,1.006711409395973,7,3,2.8,29,0
u-1037,2025-06-01,96,8,8,2,2,10,10,1,0,2,1,8,120,42,60,T-Shirts,0.625,8,2,1,24,0
u-1040,2025-06-01,85,7,7,3,3,7,7,2,2,2,0,34,477.68,0,238.84,Sweaters,0.7058823529411764,5,2,2.5,21,1
u-1044,2025-06-01,81,1,1,9,9,35,35,7,1,3,1,3,841.44,231.84,280.48,Accessories,1.111111111111111,13,2,2.6666666666666665,88,0
u-1045,2025-06-01,65,19,19,1,1,1,1,0,0,2,0,32,232,0,116,Shirts,0.9230769230769231,1,1,1.5,3,0
u-1046,2025-06-01,99,6,6,3,3,11,11,2,1,4,2,6,894.04,457.4,223.51,Accessories,1.2121212121212122,8,4,2.75,30,1
u-1047,2025-06-01,81,0,0,3,3,5,5,3,1,4,1,27,1635.76,614.56,408.94,Outerwear,1.4814814814814814,4,3,2.75,18,0
u-1054,2025-06-01,72,1,1,3,3,12,12,3,1,3,1,1,699.52,96,233.17,Trousers,1.25,9,1,2.6666666666666665,32,0
u-1057,2025-06-01,121,8,8,5,5,23,23,4,1,2,1,22,624.8,220,312.4,Sweaters,0.49586776859504134,11,1,3,57,0
u-1062,2025-06-01,95,23,23,1,1,1,1,1,0,2,0,34,405.76,0,202.88,Dresses,0.6315789473684211,1,2,2,4,1
u-1063,2025-06-01,78,3,3,5,5,20,20,3,2,2,0,38,695.6,0,347.8,Outerwear,0.7692307692307692,11,1,2,50,0
u-1064,2025-06-01,129,1,1,3,3,14,14,3,0,3,1,10,471.24,273.24,157.08,Jackets,0.6976744186046512,11,1,1.6666666666666667,35,1
u-1065,2025-06-01,26,14,14,3,3,3,2,2,0,1,1,24,313.72,313.72,313.72,Shirts,1,2,2,3,11,1
u-1070,2025-06-01,105,7,7,3,3,12,12,4,0,3,2,16,514.4,418.4,171.47,Outerwear,0.8571428571428571,9,3,1.6666666666666667,33,0
u-1082,2025-06-01,26,1,1,6,6,20,19,5,1,2,2,10,440.6,440.6,220.3,Trousers,2,13,1,2.5,53,0
u-1086,2025-06-01,54,5,5,4,4,16,16,2,1,2,1,27,701.04,384.56,350.52,Accessories,1.1111111111111112,10,3,3.5,40,0
u-1088,2025-06-01,19,5,5,3,3,6,5,3,0,1,1,17,386.4,386.4,386.4,Outerwear,1,4,3,3,18,0
u-1092,2025-06-01,65,0,0,4,4,16,16,3,3,3,1,11,1223.6,410.32,407.87,Sweaters,1.3846153846153848,11,2,4.333333333333333,43,0
u-1094,2025-06-01,68,0,0,4,4,9,9,3,1,2,1,18,391.04,287.04,195.52,Dresses,0.8823529411764706,6,1,2,27,0
u-1099,2025-06-01,31,2,2,3,3,10,9,3,0,1,1,21,95,95,95,Trousers,0.9677419354838709,6,1,1,26,0
u-1100,2025-06-01,140,11,11,2,2,2,2,1,0,3,0,69,360,0,120,Dresses,0.6428571428571428,2,3,1.3333333333333333,7,1
u-0003,2025-07-01,21,7,7,3,3,7,6,3,1,1,1,19,224,224,224,Accessories,1,5,2,2,21,0
u-0007,2025-07-01,33,17,17,1,1,1,1,0,0,1,0,30,56,0,56,Accessories,0.9090909090909091,1,1,1,3,0
u-0010,2025-07-01,79,5,5,2,2,4,4,1,1,1,0,70,340.4,0,340.4,Outerwear,0.379746835443038,4,1,2,12,0
u-0011,2025-07-01,160,54,54,0,0,0,0,0,0,2,0,83,478.72,0,239.36,Sweaters,0.375,0,4,2.5,0,1
u-0012,2025-07-01,110,4,4,3,3,10,10,1,1,2,0,48,449.12,0,224.56,Shoes,0.5454545454545455,7,1,2,25,0
u-0013,2025-07-01,163,28,28,1,1,1,0,0,0,3,0,65,1206.2,0,402.07,Outerwear,0.5521472392638036,0,1,2.3333333333333335,2,1
u-0014,2025-07-01,105,29,29,1,1,1,1,0,0,1,0,99,246,0,246,Jackets,0.2857142857142857,1,2,3,3,1
u-0016,2025-07-01,146,6,6,3,3,12,12,1,0,3,1,6,282,99,94,Jackets,0.6164383561643836,7,2,1,29,0
u-0020,2025-07-01,126,45,45,0,0,0,0,0,0,4,0,45,1008.48,0,252.12,Jackets,0.9523809523809523,0,4,2.5,0,1
u-0022,2025-07-01,26,1,1,4,4,9,8,2,0,1,1,24,110,110,110,Sweaters,1,5,1,1,24,0
u-0025,2025-07-01,45,3,3,4,4,16,16,3,2,2,1,11,502.52,304.52,251.26,Jackets,1.3333333333333333,11,3,2.5,42,0
u-0026,2025-07-01,165,0,0,7,7,24,24,5,3,4,1,10,806.28,88,201.57,Trousers,0.7272727272727273,13,2,2.25,64,0
u-0028,2025-07-01,171,134,134,0,0,0,0,0,0,2,0,134,444.96,0,222.48,T-Shirts,0.3508771929824561,0,2,2.5,0,1
u-0031,2025-07-01,99,3,3,4,4,15,15,5,2,3,2,3,1531.8,1191.4,510.6,Outerwear,0.9090909090909092,9,1,3,43,0
u-0032,2025-07-01,112,3,2,2,2,7,7,2,0,1,0,47,140,0,140,Shoes,0.26785714285714285,5,1,1,18,0
u-0033,2025-07-01,76,1,1,6,6,20,20,4,1,3,1,4,477,179,159,Sweaters,1.1842105263157896,12,3,1.6666666666666667,52,1
u-0034,2025-07-01,126,15,15,1,1,1,1,1,0,2,0,78,370,0,185,Accessories,0.47619047619047616,1,3,1.5,4,1
u-0035,2025-07-01,170,2,2,5,5,22,22,2,1,4,0,32,1026.24,0,256.56,Sweaters,0.7058823529411764,11,2,2.75,52,0
u-0036,2025-07-01,64,3,3,2,2,5,5,1,2,1,0,59,218,0,218,Shirts,0.46875,5,2,2,15,0
u-0040,2025-07-01,61,2,2,4,4,11,11,2,0,2,0,40,404,0,202,Accessories,0.9836065573770493,8,2,2.5,28,0
u-0041,2025-07-01,70,1,1,4,4,14,14,2,0,3,1,27,1062.6,271.4,354.2,Outerwear,1.2857142857142856,10,3,2.3333333333333335,35,0
u-0045,2025-07-01,43,0,0,7,7,28,28,5,2,2,1,26,360,240,180,Accessories,1.3953488372093024,12,1,1.5,71,0
u-0049,2025-07-01,123,5,5,2,2,7,7,1,1,3,1,5,607.52,96,202.51,Accessories,0.7317073170731708,7,3,2.3333333333333335,19,0
u-0050,2025-07-01,100,31,31,0,0,0,0,0,0,1,0,91,56,0,56,Accessories,0.3,0,1,1,0,1
u-0056,2025-07-01,32,2,2,4,5,15,14,3,1,1,1,28,76,76,76,T-Shirts,0.9375,8,1,2,38,0
u-0058,2025-07-01,59,6,6,4,4,15,15,4,1,1,0,57,360.64,0,360.64,Shoes,0.5084745762711864,10,1,3,39,0
u-0062,2025-07-01,150,9,9,1,1,1,1,0,0,3,0,66,608,0,202.67,Accessories,0.6,1,2,2.3333333333333335,3,0
u-0066,2025-07-01,31,3,3,3,3,12,11,2,1,1,1,20,56,56,56,Accessories,0.9677419354838709,9,1,1,30,0
u-0067,2025-07-01,29,0,0,6,6,19,18,4,3,1,1,23,96,96,96,Trousers,1,12,1,1,51,0
u-0068,2025-07-01,144,69,69,0,0,0,0,0,0,1,0,138,99,0,99,Jackets,0.20833333333333334,0,1,1,0,1
u-0072,2025-07-01,180,152,152,0,0,0,0,0,0,1,0,173,276,0,276,Shoes,0.16666666666666666,0,2,3,0,1
u-0075,2025-07-01,111,80,80,0,0,0,0,0,0,2,0,99,362,0,181,Shoes,0.5405405405405405,0,2,1.5,0,1
u-0076,2025-07-01,69,5,5,6,6,20,20,1,2,2,0,34,536.24,0,268.12,T-Shirts,0.8695652173913044,13,2,4,49,0
u-0077,2025-07-01,68,4,4,3,3,12,12,2,0,2,0,50,637.44,0,318.72,Accessories,0.8823529411764706,8,1,4,29,0
u-0078,2025-07-01,12,0,0,3,4,7,6,3,0,1,1,8,76,76,76,T-Shirts,1,6,1,2,20,0
u-0080,2025-07-01,178,1,1,5,5,19,19,3,2,4,1,15,1066.32,287.04,266.58,Dresses,0.6741573033707865,10,2,2.75,49,0
u-0082,2025-07-01,149,49,49,0,0,0,0,0,0,2,0,108,349.36,0,174.68,Shoes,0.40268456375838924,0,2,2,0,1
u-0084,2025-07-01,42,22,22,1,1,6,6,0,1,1,0,33,76,0,76,Shirts,0.7142857142857143,3,1,1,14,0
u-0085,2025-07-01,132,13,13,2,2,8,8,1,1,3,0,52,712.64,0,237.55,Shirts,0.6818181818181818,7,2,3,20,0
u-0090,2025-07-01,49,12,12,2,2,7,7,1,0,2,1,22,644,356.96,322,Dresses,1.2244897959183674,6,3,3.5,18,0
u-0091,2025-07-01,47,1,0,6,6,32,32,5,0,1,0,39,42,0,42,T-Shirts,0.6382978723404256,14,1,1,75,0
u-0093,2025-07-01,116,0,0,3,3,7,7,2,1,3,0,48,194,0,64.67,T-Shirts,0.7758620689655172,6,1,1.6666666666666667,20,0
u-0094,2025-07-01,75,3,3,6,6,25,25,5,3,1,0,71,461.84,0,461.84,Sweaters,0.4,13,2,5,64,0
u-0102,2025-07-01,43,10,10,3,3,9,9,1,1,1,0,41,241.04,0,241.04,Sweaters,0.6976744186046512,6,2,3,23,1
u-0103,2025-07-01,17,0,0,4,4,13,12,3,0,1,1,11,110,110,110,Sweaters,1,9,1,1,33,0
u-0105,2025-07-01,136,11,11,2,2,10,10,2,0,4,1,21,1004.8,208,251.2,Dresses,0.8823529411764706,9,2,2.5,25,0
u-0107,2025-07-01,49,3,3,4,4,15,15,2,1,1,0,43,240,0,240,Shirts,0.6122448979591837,10,2,3,37,0
u-0108,2025-07-01,92,2,2,7,7,30,30,5,3,3,1,21,669.48,247.48,223.16,Sweaters,0.9782608695652173,12,4,2.3333333333333335,76,0
u-0109,2025-07-01,116,48,48,0,0,0,0,0,0,1,0,112,386.4,0,386.4,Shoes,0.25862068965517243,0,1,3,0,1
u-0110,2025-07-01,38,4,4,6,6,23,23,4,1,2,1,10,287,211,143.5,Shirts,1.5789473684210527,11,3,2,58,0
u-0111,2025-07-01,61,1,1,3,3,11,11,2,2,2,1,1,374,184,187,Trousers,0.9836065573770493,8,2,2.5,30,0
u-0112,2025-07-01,102,2,2,7,7,27,27,8,2,5,3,2,923.52,739.52,184.7,Shirts,1.4705882352941178,14,2,2.4,74,0
u-0115,2025-07-01,177,3,3,4,4,16,16,3,0,5,1,18,1172.72,384.56,234.54,Jackets,0.847457627118644,12,6,2.6,40,0
u-0116,2025-07-01,134,10,10,2,2,8,8,1,2,2,0,35,340,0,170,Shoes,0.44776119402985076,7,2,1.5,21,0
u-0118,2025-07-01,25,9,9,3,3,8,7,2,0,1,1,22,208,208,208,Dresses,1,6,1,2,21,0
u-0119,2025-07-01,49,4,4,3,3,11,11,1,2,1,0,38,340.4,0,340.4,Outerwear,0.6122448979591837,8,1,2,28,0
u-0120,2025-07-01,123,1,1,5,5,21,21,3,1,3,1,23,1050.8,185,350.27,Outerwear,0.7317073170731708,11,1,2,52,0
u-0122,2025-07-01,152,14,14,2,2,2,2,0,0,5,0,83,914.8,0,182.96,Shirts,0.986842105263158,2,3,2.2,6,1
u-0123,2025-07-01,150,19,19,2,2,5,5,1,0,4,0,78,1260.64,0,315.16,Outerwear,0.8,5,3,2,13,1
u-0124,2025-07-01,127,2,2,5,5,14,14,4,1,4,2,9,985.28,455,246.32,Trousers,0.9448818897637795,11,4,3.25,40,0
u-0126,2025-07-01,11,1,1,2,2,2,1,2,0,1,1,1,185,185,185,Outerwear,1,1,1,1,8,0
u-0129,2025-07-01,90,24,24,1,1,1,1,1,0,1,0,80,176,0,176,Trousers,0.3333333333333333,1,1,2,4,1
u-0131,2025-07-01,156,2,2,2,2,10,10,3,0,3,1,12,403.76,76,134.59,T-Shirts,0.5769230769230769,8,3,2,26,1
u-0132,2025-07-01,82,2,2,3,3,9,9,2,1,4,1,2,666.48,316.48,166.62,T-Shirts,1.4634146341463414,8,5,2.75,25,0
u-0138,2025-07-01,31,1,1,6,7,21,20,6,1,1,1,22,198,198,198,Jackets,0.9677419354838709,11,1,2,55,0
u-0139,2025-07-01,55,1,1,3,3,18,18,3,1,1,0,46,220,0,220,Sweaters,0.5454545454545455,10,1,2,43,0
u-0141,2025-07-01,112,1,1,4,4,15,15,4,0,3,1,1,823.04,355.12,274.35,Shirts,0.8035714285714286,10,2,3.3333333333333335,39,1
u-0143,2025-07-01,82,3,3,5,5,20,20,6,1,3,1,13,565.88,180,188.63,Trousers,1.0975609756097562,12,4,2,53,0
u-0144,2025-07-01,181,5,5,3,3,10,10,1,2,4,0,60,737.04,0,184.26,T-Shirts,0.6629834254143646,9,5,2.75,26,0
u-0148,2025-07-01,28,0,0,5,5,13,12,4,2,2,2,18,685.4,685.4,342.7,Shoes,2,8,2,3,38,0
u-0149,2025-07-01,180,2,2,6,6,22,22,3,5,6,2,2,1423.68,198,237.28,Accessories,1,12,4,2.5,60,1
u-0150,2025-07-01,20,2,2,3,3,6,5,2,0,1,1,11,183,183,183,Trousers,1,5,1,2,17,0
u-0153,2025-07-01,110,1,1,5,5,23,23,3,3,2,0,41,320,0,160,T-Shirts,0.5454545454545455,12,2,3,57,0
u-0154,2025-07-01,176,3,3,1,1,2,2,0,1,1,0,168,168,0,168,Sweaters,0.17045454545454547,2,1,2,6,0
u-0157,2025-07-01,95,8,8,3,3,11,11,4,1,2,1,27,272,176,136,Trousers,0.6315789473684211,8,1,1.5,31,1
u-0158,2025-07-01,46,4,4,3,3,11,11,4,2,2,1,14,312,208,156,Dresses,1.3043478260869565,7,1,1.5,32,0
u-0160,2025-07-01,9,5,5,2,2,2,1,2,0,1,1,5,185,185,185,Outerwear,1,1,1,1,8,0
u-0161,2025-07-01,17,6,6,2,2,2,1,2,0,1,1,6,240,240,240,Accessories,1,1,1,2,8,0
u-0165,2025-07-01,129,11,11,2,2,2,2,1,0,2,0,72,540.04,0,270.02,Jackets,0.46511627906976744,2,2,3,7,0
u-0167,2025-07-01,17,13,13,2,2,2,1,2,0,1,1,13,345.92,345.92,345.92,Trousers,1,1,2,4,8,0
u-0169,2025-07-01,32,0,0,3,3,6,5,3,0,1,1,21,198,198,198,Jackets,0.9375,4,1,2,18,1
u-0170,2025-07-01,34,0,0,6,6,20,20,4,3,2,1,7,225,96,112.5,Trousers,1.7647058823529411,12,2,1.5,54,0
u-0174,2025-07-01,16,7,7,3,3,5,4,3,1,1,1,13,224,224,224,Shirts,1,4,1,3,17,0
u-0178,2025-07-01,121,3,3,5,5,21,21,2,1,3,1,10,1456.36,232.76,485.45,Outerwear,0.7438016528925621,10,3,3.3333333333333335,51,1
u-0182,2025-07-01,65,5,5,2,2,6,6,0,1,1,0,56,96,0,96,Accessories,0.46153846153846156,5,1,2,15,1
u-0189,2025-07-01,66,9,9,2,2,2,2,1,0,2,0,37,375,0,187.5,Trousers,0.9090909090909091,2,1,2,7,0
u-0190,2025-07-01,131,60,60,0,0,0,0,0,0,1,0,122,242.88,0,242.88,Accessories,0.22900763358778628,0,1,4,0,1
u-0192,2025-07-01,102,47,47,0,0,0,0,0,0,1,0,96,176,0,176,Trousers,0.29411764705882354,0,1,2,0,1
u-0197,2025-07-01,75,15,15,1,1,1,1,0,0,1,0,66,301.76,0,301.76,Shoes,0.4,1,2,3,3,1
u-0198,2025-07-01,3,0,0,2,2,2,1,2,0,1,1,0,192,192,192,Trousers,1,1,1,2,8,0
u-0204,2025-07-01,168,4,4,8,8,31,31,5,3,5,1,19,634,172,126.8,T-Shirts,0.8928571428571429,11,4,2.8,79,0
u-0206,2025-07-01,103,43,43,0,0,0,0,0,0,2,0,64,330,0,165,Jackets,0.5825242718446603,0,3,2,0,0
u-0207,2025-07-01,165,0,0,6,6,27,27,2,0,5,1,22,676,140,135.2,Accessories,0.9090909090909091,14,3,1.8,63,0
u-0209,2025-07-01,108,2,2,5,5,19,19,2,2,4,2,2,781.08,535.08,195.27,Jackets,1.1111111111111112,11,3,2.25,49,0
u-0211,2025-07-01,144,1,1,3,3,12,12,3,0,3,1,29,1290.84,425.04,430.28,Outerwear,0.625,7,2,2.6666666666666665,31,0
u-0213,2025-07-01,20,1,1,3,4,8,7,3,1,2,2,1,374,374,187,Trousers,2,6,1,2,24,0
u-0216,2025-07-01,100,9,9,3,3,8,8,3,1,4,1,27,1026.12,228,256.53,Shirts,1.2,6,4,3.25,24,0
u-0217,2025-07-01,17,1,1,3,3,6,5,3,1,1,1,8,42,42,42,T-Shirts,1,5,1,1,19,1
u-0218,2025-07-01,35,1,1,6,7,15,14,5,2,2,2,23,515.76,515.76,257.88,Trousers,1.7142857142857142,9,2,3,44,0
u-0219,2025-07-01,24,10,10,3,4,4,3,3,1,1,1,20,78,78,78,Shirts,1,2,1,1,15,0
u-0221,2025-07-01,10,6,6,2,2,2,1,2,0,1,1,6,195,195,195,Jackets,1,1,2,2,8,0
u-0222,2025-07-01,4,0,0,2,2,2,1,2,0,1,1,0,437.92,437.92,437.92,Shoes,1,1,1,4,8,0
u-0225,2025-07-01,129,2,2,3,3,14,14,1,0,3,1,14,689.76,290.72,229.92,Trousers,0.6976744186046512,10,3,2.3333333333333335,33,1
u-0226,2025-07-01,33,3,3,6,6,18,17,3,3,1,1,25,654.12,654.12,654.12,Outerwear,0.9090909090909091,8,2,5,48,0
u-0227,2025-07-01,110,95,95,0,0,0,0,0,0,1,0,106,110,0,110,Sweaters,0.27272727272727276,0,1,1,0,1
u-0229,2025-07-01,172,53,53,0,0,0,0,0,0,2,0,127,454.32,0,227.16,Shirts,0.3488372093023256,0,2,3,0,1
u-0230,2025-07-01,27,2,2,7,7,22,21,5,1,1,1,22,185,185,185,Outerwear,1,13,1,1,57,0
u-0231,2025-07-01,47,1,0,4,4,18,18,4,1,2,1,1,291.32,42,145.66,T-Shirts,1.2765957446808511,12,3,2.5,46,0
u-0232,2025-07-01,103,2,2,5,5,18,18,5,0,6,2,8,1154.44,168,192.41,Sweaters,1.7475728155339807,12,5,2,48,0
u-0236,2025-07-01,42,4,4,6,6,22,22,3,3,2,1,9,1020.28,556.6,510.14,Shoes,1.4285714285714286,14,2,4,57,0
u-0238,2025-07-01,77,5,5,5,5,24,24,2,3,3,0,46,383,0,127.67,Shirts,1.1688311688311688,14,3,1,58,0
u-0239,2025-07-01,15,4,4,2,2,2,1,2,0,1,1,4,194,194,194,Sweaters,1,1,1,2,8,0
u-0240,2025-07-01,78,1,1,8,8,31,31,7,3,4,2,3,929.28,721.28,232.32,Dresses,1.5384615384615383,13,2,2.5,82,0
u-0241,2025-07-01,60,3,3,3,3,10,10,1,1,1,0,56,76,0,76,Shirts,0.5,8,1,1,25,0
u-0243,2025-07-01,181,9,9,1,1,1,1,0,0,3,1,9,346,104,115.33,Dresses,0.4972375690607735,1,2,1.3333333333333333,4,0
u-0244,2025-07-01,21,2,2,4,4,7,6,3,0,1,1,14,84,84,84,Sweaters,1,4,1,1,21,1
u-0245,2025-07-01,121,18,18,2,2,7,7,2,1,3,0,53,848.8,0,282.93,Dresses,0.7438016528925621,7,3,3,19,0
u-0246,2025-07-01,125,6,6,3,3,3,3,1,0,2,0,84,186,0,93,Accessories,0.48,3,2,2,10,1
u-0247,2025-07-01,62,12,12,2,2,6,6,0,0,1,0,53,88,0,88,Trousers,0.48387096774193544,6,1,1,14,1
u-0248,2025-07-01,12,1,1,2,2,2,1,2,0,1,1,1,277.84,277.84,277.84,Jackets,1,1,2,3,8,0
u-0249,2025-07-01,97,0,0,5,5,17,17,5,1,4,2,23,1609.16,913.56,402.29,Outerwear,1.2371134020618557,7,2,2.5,47,0
u-0250,2025-07-01,102,1,0,7,8,30,30,6,3,4,2,10,962.64,303,240.66,Shoes,1.1764705882352942,15,5,2.25,79,0
u-0252,2025-07-01,94,10,10,2,2,8,8,2,0,1,0,90,208,0,208,Dresses,0.3191489361702128,7,1,2,20,0
u-0254,2025-07-01,67,4,4,6,6,27,27,3,0,2,0,41,369.6,0,184.8,Shoes,0.8955223880597015,14,1,1.5,63,0
u-0257,2025-07-01,120,1,0,5,5,19,19,4,0,1,1,17,283.36,283.36,283.36,Sweaters,0.25,8,2,3,48,0
u-0259,2025-07-01,70,4,4,5,5,17,17,4,2,4,0,32,535,0,133.75,T-Shirts,1.7142857142857142,11,3,2.5,45,0
u-0260,2025-07-01,14,7,7,3,3,5,4,3,0,1,1,11,335.8,335.8,335.8,Jackets,1,3,2,4,16,0
u-0261,2025-07-01,144,68,68,0,0,0,0,0,0,3,0,83,815.68,0,271.89,Jackets,0.625,0,2,2.6666666666666665,0,1
u-0262,2025-07-01,71,5,5,4,4,20,20,0,1,2,0,62,224,0,112,Shoes,0.8450704225352113,11,1,1,45,0
u-0264,2025-07-01,91,0,0,4,4,11,11,0,1,3,0,31,982.56,0,327.52,Shirts,0.989010989010989,8,4,3.6666666666666665,27,0
u-0265,2025-07-01,56,2,2,7,7,27,27,5,3,1,0,52,76,0,76,T-Shirts,0.5357142857142857,13,1,2,69,0
u-0268,2025-07-01,35,12,11,2,2,4,4,2,0,1,1,24,257.6,257.6,257.6,Trousers,0.8571428571428571,3,1,3,13,0
u-0269,2025-07-01,89,3,3,5,5,18,18,1,3,3,0,48,634,0,211.33,Shoes,1.0112359550561798,11,3,2.3333333333333335,45,1
u-0270,2025-07-01,115,6,6,3,3,8,8,0,0,2,0,61,381.96,0,190.98,Shoes,0.5217391304347826,4,3,1.5,19,1
u-0271,2025-07-01,154,9,9,2,2,11,11,2,0,3,1,9,274,42,91.33,T-Shirts,0.5844155844155844,8,2,2.3333333333333335,27,0
u-0275,2025-07-01,171,3,3,3,3,11,11,1,2,7,1,3,1898.6,99,271.23,Outerwear,1.2280701754385965,9,4,1.8571428571428572,29,0
u-0283,2025-07-01,47,3,3,5,5,23,23,3,2,3,2,8,1552.96,1021.2,517.65,Outerwear,1.9148936170212767,13,2,3.3333333333333335,58,0
u-0285,2025-07-01,154,0,0,3,3,9,9,1,2,2,2,0,319.04,319.04,159.52,Shirts,0.3896103896103896,7,1,2,25,0
u-0286,2025-07-01,57,1,1,7,7,29,29,3,3,3,2,24,442,226,147.33,Trousers,1.5789473684210527,15,3,1.6666666666666667,73,0
u-0289,2025-07-01,145,10,10,2,2,9,9,1,2,3,0,47,481,0,160.33,Jackets,0.6206896551724138,8,2,1.6666666666666667,23,0
u-0295,2025-07-01,178,4,4,7,7,29,29,3,3,4,0,42,901.64,0,225.41,Trousers,0.6741573033707865,14,2,2.5,71,0
u-0297,2025-07-01,101,1,1,8,8,29,29,2,4,4,0,38,931.8,0,232.95,Jackets,1.188118811881188,13,2,2.75,72,0
u-0298,2025-07-01,100,4,4,6,6,21,21,4,1,4,0,36,1140.44,0,285.11,Jackets,1.2,11,3,3,53,0
u-0300,2025-07-01,75,1,1,6,6,26,26,7,3,4,2,10,1144.2,768.2,286.05,Outerwear,1.6,14,4,2,70,0
u-0304,2025-07-01,100,5,5,3,3,14,14,2,2,3,0,55,948.52,0,316.17,Accessories,0.8999999999999999,11,5,3.3333333333333335,35,0
u-0309,2025-07-01,108,4,4,2,2,3,3,0,0,4,0,56,929.76,0,232.44,Shoes,1.1111111111111112,3,2,2,8,0
u-0315,2025-07-01,50,10,10,3,3,13,13,2,2,2,0,37,695.6,0,347.8,Outerwear,1.2,8,1,2,33,0
u-0318,2025-07-01,122,4,4,4,4,16,16,1,1,2,0,35,318,0,159,Dresses,0.49180327868852464,12,2,1.5,38,0
u-0319,2025-07-01,135,4,4,3,3,13,13,2,1,3,1,4,678.08,104,226.03,Dresses,0.6666666666666666,11,1,2.3333333333333335,33,1
u-0321,2025-07-01,152,5,5,4,4,13,13,3,2,9,1,5,3617.52,510.6,401.95,Outerwear,1.7763157894736843,9,5,2.5555555555555554,36,0
u-0324,2025-07-01,69,5,5,5,5,21,21,3,1,2,0,33,503.84,0,251.92,Dresses,0.8695652173913044,13,3,2.5,51,0
u-0325,2025-07-01,159,0,0,4,4,13,13,3,0,4,0,48,918.56,0,229.64,Jackets,0.7547169811320755,8,2,2,33,0
u-0327,2025-07-01,97,3,3,6,6,20,20,7,3,4,2,3,785.76,152,196.44,Accessories,1.2371134020618557,11,2,2.25,58,0
u-0329,2025-07-01,51,6,6,7,7,34,34,3,2,2,0,30,292,0,146,Shirts,1.1764705882352942,13,1,2,80,0
u-0332,2025-07-01,14,4,3,2,3,2,1,2,0,1,1,3,232.76,232.76,232.76,Outerwear,1,1,2,2,8,0
u-0334,2025-07-01,34,3,2,3,3,12,12,3,1,1,1,13,415.84,415.84,415.84,Accessories,0.8823529411764706,10,2,4,32,1
u-0337,2025-07-01,20,12,12,2,2,2,1,2,0,1,1,12,92,92,92,Shirts,1,1,1,1,8,0
u-0339,2025-07-01,65,0,0,4,4,12,12,3,1,3,1,16,767.32,264.96,255.77,Sweaters,1.3846153846153848,10,4,3,33,0
u-0341,2025-07-01,72,3,3,6,6,27,27,3,3,3,0,36,694.92,0,231.64,Trousers,1.25,14,1,2.6666666666666665,66,0
u-0346,2025-07-01,166,2,2,3,3,10,10,4,3,6,1,24,1467.28,172,244.55,Sweaters,1.0843373493975903,7,5,2.6666666666666665,31,1
u-0348,2025-07-01,99,53,53,0,0,0,0,0,0,2,0,64,602.68,0,301.34,Outerwear,0.6060606060606061,0,2,2,0,1
u-0353,2025-07-01,31,6,6,6,6,20,19,4,3,1,1,26,333.04,333.04,333.04,T-Shirts,0.9677419354838709,12,3,5,53,0
u-0355,2025-07-01,12,6,5,2,3,2,1,2,0,1,1,5,208,208,208,Dresses,1,1,1,2,8,0
u-0356,2025-07-01,140,2,2,4,4,11,11,1,1,5,1,12,1735.8,425.04,347.16,Outerwear,1.0714285714285714,8,3,2.4,29,0
u-0357,2025-07-01,172,6,6,3,3,10,10,2,2,4,1,20,546,42,136.5,T-Shirts,0.6976744186046512,8,4,2.25,28,0
u-0358,2025-07-01,89,2,2,7,7,27,27,3,3,1,0,78,282.44,0,282.44,Dresses,0.33707865168539325,13,2,3,67,0
u-0361,2025-07-01,159,45,45,0,0,0,0,0,0,2,0,126,521.64,0,260.82,Sweaters,0.37735849056603776,0,2,3,0,1
u-0366,2025-07-01,145,2,2,6,6,28,28,5,1,8,2,12,2122.8,289,265.35,Outerwear,1.6551724137931036,13,3,1.625,70,0
u-0369,2025-07-01,52,7,7,2,2,7,7,3,0,3,1,17,855.6,242.88,285.2,Sweaters,1.7307692307692306,7,2,3.3333333333333335,20,0
u-0372,2025-07-01,77,0,0,5,5,24,24,2,2,2,0,40,445.52,0,222.76,Trousers,0.7792207792207791,11,1,2.5,57,0
u-0375,2025-07-01,107,9,9,2,2,8,8,2,1,1,0,102,118,0,118,Sweaters,0.2803738317757009,7,2,2,21,0
u-0378,2025-07-01,157,0,0,5,5,19,19,4,1,5,0,39,957.8,0,191.56,Shirts,0.9554140127388535,14,3,2.4,48,0
u-0379,2025-07-01,147,7,6,4,4,17,17,5,0,4,2,15,900.76,486.72,225.19,Dresses,0.8163265306122448,12,3,2.25,45,0
u-0380,2025-07-01,52,2,2,2,2,2,2,0,0,2,0,36,371,0,185.5,Dresses,1.1538461538461537,2,3,2.5,6,0
u-0381,2025-07-01,15,1,1,3,3,5,4,2,1,1,1,10,185,185,185,Outerwear,1,4,1,1,16,0
u-0383,2025-07-01,40,4,4,3,3,9,9,2,1,2,1,4,563.04,276,281.52,Dresses,1.5,7,2,3,25,0
u-0384,2025-07-01,126,0,0,7,7,28,28,6,2,7,2,6,956.24,444,136.61,T-Shirts,1.6666666666666665,15,5,2.2857142857142856,73,0
u-0385,2025-07-01,45,14,14,4,4,21,21,3,2,1,0,41,613.64,0,613.64,Jackets,0.6666666666666666,11,2,5,51,1
u-0388,2025-07-01,18,8,8,2,2,2,1,2,0,1,1,8,184,184,184,Shirts,1,1,1,2,8,1
u-0392,2025-07-01,145,2,2,7,7,29,29,6,3,4,1,11,478,104,119.5,Dresses,0.8275862068965518,14,3,1.25,75,1
u-0393,2025-07-01,13,7,7,2,2,2,1,2,0,1,1,7,84,84,84,Sweaters,1,1,1,1,8,0
u-0394,2025-07-01,88,1,1,6,6,23,23,3,2,2,0,61,678.04,0,339.02,Outerwear,0.6818181818181819,12,3,2.5,57,0
u-0395,2025-07-01,29,3,3,6,6,21,20,4,2,1,1,24,255.76,255.76,255.76,Trousers,1,11,1,3,54,0
u-0397,2025-07-01,131,2,2,3,3,15,15,2,0,3,1,17,857.52,185,285.84,Outerwear,0.6870229007633588,11,2,2,36,0
u-0399,2025-07-01,140,14,14,2,2,5,5,1,1,1,0,138,260.36,0,260.36,Shirts,0.21428571428571427,5,2,3,14,0
u-0400,2025-07-01,25,10,10,3,3,6,5,2,1,1,1,22,253.92,253.92,253.92,Shirts,1,4,2,3,18,1
u-0401,2025-07-01,78,7,7,4,4,13,13,4,2,4,1,12,1101.92,452.64,275.48,Shoes,1.5384615384615383,10,3,2.75,37,1
u-0404,2025-07-01,70,20,20,1,1,1,0,0,0,1,0,65,76,0,76,T-Shirts,0.42857142857142855,0,1,2,2,0
u-0409,2025-07-01,144,6,6,3,3,9,9,0,0,3,0,61,160,0,53.33,T-Shirts,0.625,6,1,1.3333333333333333,21,0
u-0410,2025-07-01,76,3,3,3,3,15,15,2,1,2,1,3,471.24,198,235.62,Jackets,0.7894736842105263,12,1,2.5,37,0
u-0412,2025-07-01,69,9,9,2,2,9,9,1,1,1,0,60,241.96,0,241.96,Outerwear,0.4347826086956522,7,2,2,22,0
u-0413,2025-07-01,163,8,8,2,2,9,9,2,1,3,1,20,1797.68,606.28,599.23,Outerwear,0.5521472392638036,6,2,3.6666666666666665,24,0
u-0415,2025-07-01,141,2,2,5,5,23,23,2,0,5,1,14,1433.4,253,286.68,Jackets,1.0638297872340425,10,5,3,54,0
u-0416,2025-07-01,34,1,1,4,4,13,13,1,2,1,0,32,112,0,112,Shoes,0.8823529411764706,7,1,1,33,0
u-0417,2025-07-01,125,0,0,6,6,18,18,3,3,4,1,23,963.92,190,240.98,Shoes,0.96,9,2,2.25,49,0
u-0418,2025-07-01,11,6,6,2,2,2,1,2,0,1,1,6,170,170,170,T-Shirts,1,1,1,5,8,0
u-0422,2025-07-01,89,2,2,2,2,2,2,1,0,2,0,30,340,0,170,T-Shirts,0.6741573033707865,1,3,3,7,1
u-0427,2025-07-01,105,10,10,3,3,9,9,2,2,2,0,37,304,0,152,Sweaters,0.5714285714285714,8,1,1.5,25,0
u-0432,2025-07-01,26,5,5,4,5,10,9,3,1,1,1,21,255.76,255.76,255.76,Sweaters,1,8,1,3,28,0
u-0436,2025-07-01,78,2,2,7,7,33,33,5,4,4,1,4,651.16,76,162.79,T-Shirts,1.5384615384615383,16,4,2.75,83,0
u-0437,2025-07-01,20,3,3,6,6,17,16,5,1,2,2,3,204,204,102,Shirts,2,12,2,1.5,47,1
u-0439,2025-07-01,155,4,4,2,2,10,10,1,1,3,0,30,433.68,0,144.56,Trousers,0.5806451612903225,6,3,1.6666666666666667,24,1
u-0440,2025-07-01,104,5,5,3,3,14,14,2,1,2,0,39,621,0,310.5,Accessories,0.5769230769230769,10,4,3,34,0
u-0442,2025-07-01,117,3,3,9,9,35,35,7,3,7,1,23,842,180,120.29,T-Shirts,1.794871794871795,15,4,2.4285714285714284,90,0
u-0443,2025-07-01,72,5,5,3,3,9,9,2,1,2,0,39,464.88,0,232.44,Sweaters,0.8333333333333334,5,2,3,24,0
u-0444,2025-07-01,149,0,0,3,3,14,14,4,2,4,1,0,590,84,147.5,Sweaters,0.8053691275167785,11,2,1.75,38,1
u-0445,2025-07-01,122,12,12,2,2,2,2,0,0,4,0,36,934,0,233.5,Jackets,0.9836065573770493,2,3,2.5,6,1
u-0446,2025-07-01,83,5,5,4,4,12,12,5,1,4,3,5,1052.16,814.8,263.04,Trousers,1.4457831325301205,8,5,3,37,0
u-0447,2025-07-01,155,11,11,2,2,7,7,2,1,3,0,32,728.16,0,242.72,Shoes,0.5806451612903225,7,3,2.3333333333333335,19,0
u-0449,2025-07-01,143,7,7,5,5,21,21,2,4,4,1,11,684.68,88,171.17,Trousers,0.8391608391608392,11,2,2,54,0
u-0451,2025-07-01,48,0,0,3,3,14,14,3,0,2,1,0,545.2,331.2,272.6,Shirts,1.25,7,2,3.5,35,1
u-0455,2025-07-01,126,61,61,0,0,0,0,0,0,1,0,117,104,0,104,Dresses,0.23809523809523808,0,1,1,0,1
u-0457,2025-07-01,175,62,62,0,0,0,0,0,0,3,0,138,733.48,0,244.49,Jackets,0.5142857142857143,0,2,2.6666666666666665,0,1
u-0458,2025-07-01,23,3,3,4,4,9,8,4,1,1,1,17,264.96,264.96,264.96,Accessories,1,6,1,3,27,0
u-0465,2025-07-01,35,3,3,7,7,24,23,6,4,1,1,27,259.44,259.44,259.44,Shirts,0.8571428571428571,15,1,4,65,0
u-0467,2025-07-01,36,0,0,3,3,14,14,3,1,1,0,34,130,0,130,Accessories,0.8333333333333334,9,2,3,35,0
u-0469,2025-07-01,128,0,0,6,6,24,24,5,1,3,0,40,491.52,0,163.84,Accessories,0.703125,11,2,2,60,0
u-0470,2025-07-01,179,19,19,4,4,15,15,3,1,4,1,28,1555.44,680.8,388.86,Outerwear,0.6703910614525139,10,3,2.5,39,1
u-0472,2025-07-01,153,1,1,3,3,13,13,4,2,3,1,1,304,76,101.33,Shirts,0.5882352941176471,9,1,1.3333333333333333,36,1
u-0474,2025-07-01,47,2,2,3,3,13,13,1,2,1,0,36,217,0,217,Trousers,0.6382978723404256,9,2,3,32,0
u-0475,2025-07-01,26,4,4,3,4,4,3,4,0,2,2,4,372.24,372.24,186.12,Jackets,2,3,1,2,16,0
u-0477,2025-07-01,103,5,5,3,3,14,14,3,0,2,0,33,410.88,0,205.44,Accessories,0.5825242718446603,9,2,2.5,34,1
u-0478,2025-07-01,123,4,4,2,2,6,6,2,0,3,1,18,670.96,184,223.65,Accessories,0.7317073170731708,4,4,2.3333333333333335,17,0
u-0481,2025-07-01,99,7,7,4,4,18,18,2,0,4,0,40,786.64,0,196.66,Sweaters,1.2121212121212122,13,4,2.25,42,0
u-0485,2025-07-01,52,2,2,5,5,24,24,2,3,1,0,46,195,0,195,Jackets,0.5769230769230769,15,2,2,58,0
u-0487,2025-07-01,54,0,0,6,6,18,18,5,2,3,1,0,707.56,241.96,235.85,Outerwear,1.6666666666666665,12,3,1.6666666666666667,50,0
u-0488,2025-07-01,83,4,4,4,4,16,16,1,1,1,0,72,371.68,0,371.68,Outerwear,0.3614457831325301,9,2,3,38,0
u-0489,2025-07-01,135,0,0,4,4,16,16,4,1,5,1,10,1310.4,334.88,262.08,Shoes,1.1111111111111112,11,1,2.2,42,0
u-0491,2025-07-01,175,0,0,2,2,2,1,1,0,2,0,74,598,0,299,Sweaters,0.34285714285714286,1,2,3.5,6,1
u-0492,2025-07-01,150,4,4,1,1,2,2,0,0,3,0,70,508.96,0,169.65,Jackets,0.6,2,2,1.6666666666666667,5,0
u-0493,2025-07-01,63,6,6,3,3,15,15,0,0,2,0,40,420,0,210,Trousers,0.9523809523809523,11,2,2,33,0
u-0494,2025-07-01,100,5,5,4,4,16,16,3,2,2,0,71,209,0,104.5,T-Shirts,0.6,12,2,2,41,0
u-0497,2025-07-01,122,0,0,3,4,9,9,3,1,2,1,11,391,224,195.5,Shoes,0.49180327868852464,8,3,2.5,26,0
u-0499,2025-07-01,98,20,20,1,1,1,1,0,0,2,0,49,360.32,0,180.16,T-Shirts,0.6122448979591837,1,3,2.5,3,1
u-0501,2025-07-01,101,0,0,7,7,28,28,6,4,4,2,6,642.52,246,160.63,Shirts,1.188118811881188,12,3,1.75,75,0
u-0503,2025-07-01,178,4,4,2,2,2,2,1,0,7,0,50,3162.12,0,451.73,Outerwear,1.1797752808988764,2,6,3.142857142857143,7,1
u-0505,2025-07-01,156,38,38,0,0,0,0,0,0,3,0,108,689.72,0,229.91,Dresses,0.5769230769230769,0,2,2.3333333333333335,0,0
u-0511,2025-07-01,31,0,0,3,3,9,8,2,1,1,1,21,185,185,185,Outerwear,0.9677419354838709,6,1,1,24,0
u-0513,2025-07-01,57,0,0,9,9,39,39,5,4,2,0,50,176,0,88,Trousers,1.0526315789473684,13,1,1,96,0
u-0518,2025-07-01,136,7,7,3,3,14,14,0,1,2,0,72,342,0,171,Shirts,0.4411764705882353,8,2,2,32,0
u-0519,2025-07-01,137,5,5,4,4,16,16,3,0,4,1,20,902.08,211,225.52,Jackets,0.8759124087591241,12,3,2.25,40,0
u-0522,2025-07-01,133,2,2,4,4,16,16,4,3,4,1,20,678,198,169.5,Jackets,0.9022556390977443,10,2,1.75,44,0
u-0531,2025-07-01,144,7,7,1,1,1,1,0,0,3,0,41,670.32,0,223.44,T-Shirts,0.625,1,4,3,3,0
u-0534,2025-07-01,135,8,8,2,2,10,10,1,0,5,0,30,1048.72,0,209.74,Shoes,1.1111111111111112,5,3,1.8,23,0
u-0537,2025-07-01,74,0,0,4,4,15,15,2,0,2,1,16,449.76,194,224.88,Sweaters,0.8108108108108107,11,1,2.5,37,0
u-0538,2025-07-01,85,5,5,6,6,22,22,5,1,3,1,20,509.12,309.12,169.71,Accessories,1.0588235294117647,12,2,2.3333333333333335,57,0
u-0539,2025-07-01,122,6,6,3,3,14,14,3,0,3,1,6,774.28,402.04,258.09,Jackets,0.7377049180327869,8,2,2.6666666666666665,35,0
u-0540,2025-07-01,173,10,10,3,3,10,10,1,0,4,1,10,740.88,112,185.22,Shoes,0.6936416184971098,8,3,1.75,25,0
u-0542,2025-07-01,154,7,7,5,5,18,18,4,2,6,1,22,2009.64,99,334.94,Outerwear,1.1688311688311688,11,6,2.5,48,0
u-0546,2025-07-01,75,8,8,3,3,9,9,3,1,2,1,19,335.84,104,167.92,Shoes,0.8,8,2,1.5,26,0
u-0547,2025-07-01,56,2,2,3,3,10,10,1,2,1,0,52,294.4,0,294.4,Dresses,0.5357142857142857,5,2,3,26,0
u-0549,2025-07-01,127,6,6,3,3,10,10,1,2,3,0,47,762.28,0,254.09,Outerwear,0.7086614173228346,8,4,2,26,1
u-0552,2025-07-01,20,9,9,2,2,2,1,2,0,1,1,9,390.08,390.08,390.08,Dresses,1,1,3,4,8,1
u-0554,2025-07-01,13,3,3,2,2,2,1,2,0,1,1,3,316.48,316.48,316.48,Shoes,1,1,2,3,8,0
u-0556,2025-07-01,19,4,4,3,3,3,2,2,0,1,1,8,287.04,287.04,287.04,Dresses,1,1,1,3,11,1
u-0557,2025-07-01,55,5,5,3,3,6,6,2,0,2,1,11,304,194,152,Sweaters,1.090909090909091,6,1,1.5,18,1
u-0559,2025-07-01,77,8,8,3,3,14,14,1,0,2,0,36,140,0,70,Sweaters,0.7792207792207791,11,2,1,32,0
u-0560,2025-07-01,110,32,32,0,0,0,0,0,0,2,0,80,515.2,0,257.6,Shirts,0.5454545454545455,0,1,3.5,0,1
u-0562,2025-07-01,174,6,6,3,3,12,12,2,1,4,1,17,564,194,141,Trousers,0.6896551724137931,8,3,1.5,31,0
u-0564,2025-07-01,92,1,1,3,3,7,7,1,1,2,0,38,236,0,118,Shirts,0.6521739130434783,6,2,2,19,0
u-0565,2025-07-01,147,11,11,2,2,9,9,2,1,3,0,36,752.2,0,250.73,Accessories,0.6122448979591836,8,4,2.6666666666666665,23,0
u-0566,2025-07-01,180,2,2,6,6,28,28,3,3,4,0,35,632,0,158,Accessories,0.6666666666666666,15,1,1.75,68,0
u-0570,2025-07-01,19,5,5,4,4,10,9,3,0,1,1,14,333.04,333.04,333.04,Jackets,1,6,3,3,27,0
u-0578,2025-07-01,34,2,2,3,3,10,9,3,0,2,2,13,297,297,148.5,Jackets,1.7647058823529411,7,1,1.5,27,1
u-0579,2025-07-01,100,5,5,3,3,11,11,1,0,4,1,5,957.72,92,239.43,Jackets,1.2,8,4,2.5,27,0
u-0584,2025-07-01,19,1,1,3,3,4,3,3,1,2,2,1,582.72,582.72,291.36,Dresses,2,3,2,3.5,16,0
u-0585,2025-07-01,120,4,4,3,3,15,15,1,1,4,1,4,1301.2,680.8,325.3,Outerwear,1,11,2,2,36,1
u-0586,2025-07-01,23,1,1,4,4,13,12,4,2,2,2,1,686.4,686.4,343.2,Dresses,2,11,1,3.5,37,0
u-0589,2025-07-01,108,52,52,0,0,0,0,0,0,1,0,101,380.88,0,380.88,Sweaters,0.2777777777777778,0,1,4,0,1
u-0590,2025-07-01,60,1,1,6,6,26,26,4,1,2,0,38,473.68,0,236.84,T-Shirts,1,11,2,3,63,0
u-0592,2025-07-01,126,1,1,6,6,20,20,4,0,5,2,8,1584.36,813.28,316.87,Sweaters,1.1904761904761905,12,4,3.2,52,0
u-0594,2025-07-01,133,9,9,1,1,1,0,0,0,3,0,99,585.52,0,195.17,Accessories,0.6766917293233082,0,3,2,2,0
u-0595,2025-07-01,95,12,12,2,2,7,7,3,1,3,2,12,653.52,395.92,217.84,Trousers,0.9473684210526316,6,2,2.6666666666666665,22,0
u-0596,2025-07-01,81,1,1,4,4,18,18,4,1,3,2,1,610.6,518.6,203.53,Shirts,1.111111111111111,11,3,2,47,0
u-0599,2025-07-01,23,14,13,2,3,2,1,2,0,1,1,13,42,42,42,T-Shirts,1,1,1,1,8,1
u-0602,2025-07-01,22,9,9,3,3,3,2,2,0,1,1,14,253.92,253.92,253.92,Dresses,1,2,2,3,11,0
u-0605,2025-07-01,76,0,0,6,6,25,25,6,3,3,2,12,608,512,202.67,Shoes,1.1842105263157896,11,3,2,67,0
u-0608,2025-07-01,7,3,3,2,2,2,1,2,0,1,1,3,263.12,263.12,263.12,Trousers,1,1,1,3,8,0
u-0609,2025-07-01,103,1,1,4,4,15,15,2,2,4,1,16,990.2,192,247.55,Trousers,1.1650485436893205,10,3,3,39,0
u-0611,2025-07-01,124,108,108,0,0,0,0,0,0,1,0,117,510.6,0,510.6,Outerwear,0.24193548387096772,0,1,3,0,1
u-0615,2025-07-01,25,0,0,4,4,8,7,2,1,1,1,17,188,188,188,T-Shirts,1,6,2,3,23,1
u-0617,2025-07-01,92,5,5,4,4,18,18,4,0,5,2,5,875.84,433.84,175.17,Sweaters,1.6304347826086956,11,3,1.8,46,0
u-0619,2025-07-01,62,3,3,3,3,16,16,3,2,2,1,24,1021.2,510.6,510.6,Outerwear,0.9677419354838709,12,1,3,41,0
u-0624,2025-07-01,64,7,6,2,2,6,6,2,1,1,0,31,353.28,0,353.28,Sweaters,0.46875,5,3,4,17,0
u-0626,2025-07-01,92,1,1,3,3,10,10,3,1,4,1,20,414,42,103.5,T-Shirts,1.3043478260869565,7,2,2.25,28,0
u-0628,2025-07-01,49,8,8,3,3,10,10,0,1,1,0,47,340.4,0,340.4,Outerwear,0.6122448979591837,7,1,2,24,0
u-0630,2025-07-01,130,8,8,3,3,11,11,1,1,2,0,71,371.04,0,185.52,Shirts,0.46153846153846156,9,2,2.5,27,0
u-0640,2025-07-01,111,12,12,2,2,6,6,0,0,3,0,40,458.4,0,152.8,T-Shirts,0.8108108108108107,5,2,1.6666666666666667,14,0
u-0641,2025-07-01,165,4,4,2,2,8,8,2,1,4,1,15,1038.28,279.68,259.57,Jackets,0.7272727272727273,5,4,3,22,0
u-0647,2025-07-01,22,2,2,3,3,4,3,2,1,1,1,17,238,238,238,Trousers,1,3,2,3,14,0
u-0648,2025-07-01,36,6,6,3,3,9,8,4,1,1,1,25,84,84,84,Sweaters,0.8333333333333334,7,1,1,26,0
u-0652,2025-07-01,139,116,116,0,0,0,0,0,0,1,0,128,110,0,110,Sweaters,0.2158273381294964,0,1,1,0,1
u-0653,2025-07-01,67,5,5,3,3,11,11,1,0,2,0,54,209,0,104.5,Jackets,0.8955223880597015,7,2,1,26,0
u-0654,2025-07-01,172,2,2,5,5,25,25,3,1,6,0,35,1962.52,0,327.09,Shoes,1.0465116279069768,11,4,3.1666666666666665,59,0
u-0657,2025-07-01,136,6,6,1,1,2,2,0,0,2,0,61,278,0,139,Sweaters,0.4411764705882353,2,1,1.5,5,0
u-0658,2025-07-01,171,2,2,4,4,17,17,4,0,6,2,2,868,290,144.67,Shirts,1.0526315789473684,12,2,1.8333333333333333,44,1
u-0661,2025-07-01,98,6,6,6,6,17,17,4,1,4,0,42,773.24,0,193.31,Jackets,1.2244897959183674,11,3,2.25,45,1
u-0663,2025-07-01,109,31,31,0,0,0,0,0,0,4,0,38,798.24,0,199.56,Trousers,1.1009174311926606,0,2,2.25,0,0
u-0665,2025-07-01,24,1,1,5,5,16,15,3,2,1,1,16,110,110,110,Sweaters,1,11,1,1,42,0
u-0671,2025-07-01,149,110,110,0,0,0,0,0,0,1,0,139,237.36,0,237.36,Shoes,0.20134228187919462,0,3,3,0,1
u-0674,2025-07-01,113,77,77,0,0,0,0,0,0,1,0,104,349.6,0,349.6,Shoes,0.26548672566371684,0,3,4,0,1
u-0675,2025-07-01,154,105,105,0,0,0,0,0,0,3,0,121,895.84,0,298.61,Shoes,0.5844155844155844,0,3,2.6666666666666665,0,1
u-0677,2025-07-01,125,0,0,9,9,37,37,8,1,4,1,27,615.84,84,153.96,Jackets,0.96,16,4,1.75,93,0
u-0679,2025-07-01,20,5,5,3,3,7,6,2,1,1,1,16,156,156,156,Shirts,1,6,1,2,20,0
u-0681,2025-07-01,117,0,0,3,3,5,5,2,0,4,0,80,526,0,131.5,Dresses,1.0256410256410258,4,2,1.25,15,0
u-0682,2025-07-01,149,1,1,7,7,28,28,4,3,5,1,16,1303.52,411.24,260.7,Trousers,1.006711409395973,14,1,3,71,0
u-0684,2025-07-01,58,20,20,1,1,1,1,0,0,1,0,56,156,0,156,T-Shirts,0.5172413793103449,1,2,3,3,1
u-0690,2025-07-01,15,8,8,2,2,2,1,2,0,1,1,8,274.16,274.16,274.16,Trousers,1,1,2,4,8,0
u-0698,2025-07-01,123,5,5,2,2,6,6,1,0,2,0,44,416,0,208,Accessories,0.48780487804878053,4,3,3,15,1
u-0700,2025-07-01,98,3,3,7,7,31,31,2,2,5,0,35,1310.04,0,262.01,Sweaters,1.530612244897959,13,4,2.4,73,0
u-0701,2025-07-01,62,0,0,2,2,5,5,3,1,3,1,15,648.24,190,216.08,Jackets,1.4516129032258063,5,3,2,17,0
u-0703,2025-07-01,118,3,3,6,6,20,20,4,1,3,1,9,745.76,404.8,248.59,Shirts,0.7627118644067797,10,3,2.6666666666666665,52,0
u-0705,2025-07-01,121,3,3,5,5,25,25,3,2,2,0,31,209,0,104.5,T-Shirts,0.49586776859504134,13,2,2,60,0
u-0706,2025-07-01,143,9,9,3,3,7,7,2,0,3,1,9,758.64,297.16,252.88,Jackets,0.6293706293706294,5,4,2.3333333333333335,20,0
u-0709,2025-07-01,158,58,58,0,0,0,0,0,0,3,0,109,596.2,0,198.73,Accessories,0.569620253164557,0,4,2.3333333333333335,0,1
u-0710,2025-07-01,167,4,4,2,2,6,6,2,1,3,0,45,688.2,0,229.4,Dresses,0.5389221556886228,5,3,2.3333333333333335,17,0
u-0711,2025-07-01,108,4,4,2,2,2,2,1,0,1,0,98,271.4,0,271.4,Outerwear,0.2777777777777778,2,2,2,7,1
u-0712,2025-07-01,9,1,1,2,2,2,1,2,0,1,1,1,266.8,266.8,266.8,Jackets,1,1,2,3,8,0
u-0713,2025-07-01,92,14,14,2,2,10,10,2,1,2,1,27,897,556.6,448.5,Outerwear,0.6521739130434783,6,2,3,26,0
u-0718,2025-07-01,155,0,0,9,9,38,38,7,4,6,1,13,897.84,254.84,149.64,Shirts,1.161290322580645,14,5,1.5,97,0
u-0720,2025-07-01,33,0,0,3,3,13,13,3,1,2,1,0,489.44,244.72,244.72,Jackets,1.8181818181818181,9,3,3.5,34,0
u-0721,2025-07-01,125,9,9,2,2,8,8,1,0,2,1,21,286,190,143,Trousers,0.48,6,2,2,20,0
u-0722,2025-07-01,43,6,6,2,2,7,7,3,0,2,1,20,351.12,88,175.56,Trousers,1.3953488372093024,7,1,2,20,1
u-0728,2025-07-01,128,16,16,2,2,8,8,0,1,2,0,36,467.2,0,233.6,Accessories,0.46875,6,2,2.5,19,0
u-0730,2025-07-01,146,4,4,3,3,11,11,2,1,5,1,14,1640,76,328,Shoes,1.0273972602739727,9,3,3.2,29,1
u-0732,2025-07-01,15,6,5,2,3,2,1,2,0,1,1,5,198,198,198,Jackets,1,1,1,2,8,0
u-0735,2025-07-01,11,9,9,2,2,2,1,2,0,1,1,9,110,110,110,Sweaters,1,1,1,1,8,1
u-0736,2025-07-01,90,8,8,2,2,5,5,2,1,2,1,8,312,104,156,Dresses,0.6666666666666666,4,1,1.5,16,1
u-0738,2025-07-01,163,1,1,4,4,18,18,2,2,4,1,1,633.12,183,158.28,Trousers,0.7361963190184049,10,2,1.75,45,0
u-0739,2025-07-01,171,28,28,1,1,1,1,0,0,4,0,93,708,0,177,Dresses,0.7017543859649122,1,2,1.75,3,1
u-0740,2025-07-01,20,2,2,4,4,6,5,2,1,1,1,16,232,232,232,Shirts,1,3,2,2,19,1
u-0744,2025-07-01,85,4,4,3,3,9,9,1,2,2,0,55,669.76,0,334.88,Shoes,0.7058823529411764,5,1,3,24,0
u-0745,2025-07-01,120,1,1,3,3,10,10,2,1,5,2,1,1898.96,851,379.79,Outerwear,1.25,7,2,2.4,28,0
u-0746,2025-07-01,50,4,4,3,3,8,8,4,2,2,1,4,180,96,90,Trousers,1.2,6,2,1,26,0
u-0747,2025-07-01,168,1,1,5,5,17,17,2,0,4,2,1,358,274,89.5,T-Shirts,0.7142857142857143,11,3,1.75,43,0
u-0756,2025-07-01,85,2,2,7,7,26,26,4,2,3,1,16,554.32,170,184.77,Shirts,1.0588235294117647,11,2,2,66,0
u-0759,2025-07-01,49,12,12,2,2,11,11,3,1,2,1,12,378.4,294.4,189.2,Sweaters,1.2244897959183674,7,2,3,29,0
u-0761,2025-07-01,112,0,0,5,5,16,16,6,2,5,2,0,1303.6,287,260.72,Trousers,1.3392857142857142,11,5,2.6,47,0
u-0763,2025-07-01,43,0,0,3,3,12,12,2,1,2,1,11,824.4,639.4,412.2,Outerwear,1.3953488372093024,10,2,2.5,31,0
u-0766,2025-07-01,10,7,7,2,2,2,1,2,0,1,1,7,287.04,287.04,287.04,Dresses,1,1,1,3,8,0
u-0767,2025-07-01,33,1,1,5,5,15,14,3,2,1,1,24,382.72,382.72,382.72,Accessories,0.9090909090909091,8,2,4,40,0
u-0768,2025-07-01,89,0,0,3,3,13,13,1,2,3,0,32,674.04,0,224.68,Trousers,1.0112359550561798,8,1,2.6666666666666665,32,0
u-0771,2025-07-01,20,6,6,3,3,5,4,3,1,1,1,10,247.48,247.48,247.48,Outerwear,1,4,2,2,17,0
u-0772,2025-07-01,85,11,11,1,1,1,1,0,0,1,0,81,216,0,216,Accessories,0.3529411764705882,1,1,3,3,1
u-0773,2025-07-01,100,2,2,3,3,13,13,1,0,3,0,42,811,0,270.33,Jackets,0.8999999999999999,8,5,3.3333333333333335,30,0
u-0776,2025-07-01,40,10,10,2,2,2,2,0,0,1,0,33,146,0,146,Shirts,0.75,2,1,2,6,0
u-0777,2025-07-01,48,14,14,2,2,9,9,0,1,1,0,46,99,0,99,Jackets,0.625,7,1,1,21,0
u-0778,2025-07-01,74,6,6,3,3,17,17,1,0,2,1,19,469.92,170,234.96,Shirts,0.8108108108108107,11,2,3,39,0
u-0783,2025-07-01,114,3,3,4,4,16,16,3,1,4,1,14,930.48,231.84,232.62,Shoes,1.0526315789473684,10,2,2,41,0
u-0788,2025-07-01,109,2,2,10,10,39,39,8,5,5,3,5,981.2,735.2,196.24,Sweaters,1.3761467889908257,14,3,2.2,104,0
u-0791,2025-07-01,160,11,11,3,3,8,8,2,2,4,0,90,784.8,0,196.2,Sweaters,0.75,5,2,2.25,23,1
u-0792,2025-07-01,67,10,10,2,2,6,6,1,0,2,0,46,198,0,99,Jackets,0.8955223880597015,5,1,1,15,1
u-0793,2025-07-01,73,7,7,5,5,17,17,0,3,2,0,38,588.96,0,294.48,Shoes,0.8219178082191781,10,2,2.5,42,0
u-0798,2025-07-01,16,8,8,2,2,2,1,2,0,1,1,8,112,112,112,Shoes,1,1,1,1,8,0
u-0799,2025-07-01,57,19,19,1,1,1,1,0,0,1,0,48,263.12,0,263.12,Trousers,0.5263157894736842,1,1,3,3,1
u-0801,2025-07-01,33,2,2,8,8,25,24,6,0,2,2,13,445.88,445.88,222.94,Dresses,1.8181818181818181,11,4,3,65,0
u-0805,2025-07-01,104,6,6,2,2,7,7,2,1,3,1,17,679.04,240,226.35,Jackets,0.8653846153846153,7,4,2.3333333333333335,20,0
u-0812,2025-07-01,9,2,2,2,2,2,1,2,0,1,1,2,104,104,104,Dresses,1,1,1,1,8,0
u-0815,2025-07-01,36,3,3,7,7,23,22,5,2,2,2,16,809.6,809.6,404.8,Outerwear,1.6666666666666667,11,2,2.5,61,0
u-0818,2025-07-01,156,45,45,0,0,0,0,0,0,4,0,97,982.28,0,245.57,Trousers,0.7692307692307692,0,3,2.5,0,1
u-0819,2025-07-01,164,1,1,6,6,25,25,6,2,5,2,10,1059.76,483.2,211.95,Jackets,0.9146341463414634,12,4,2,66,0
u-0820,2025-07-01,65,0,0,3,3,10,10,1,0,1,0,56,140,0,140,Shoes,0.46153846153846156,8,1,1,24,0
u-0821,2025-07-01,118,5,5,5,5,22,22,5,3,4,2,16,1122.72,687.32,280.68,Outerwear,1.0169491525423728,13,2,2,59,0
u-0822,2025-07-01,13,4,4,2,2,2,1,2,0,1,1,4,194,194,194,Sweaters,1,1,1,2,8,0
u-0824,2025-07-01,81,1,1,3,3,13,13,2,1,3,0,30,411.52,0,137.17,T-Shirts,1.111111111111111,8,4,2,32,0
u-0825,2025-07-01,134,3,3,4,4,20,20,4,1,4,1,9,837.04,228,209.26,Shirts,0.8955223880597015,11,2,2.75,50,0
u-0831,2025-07-01,74,1,1,5,5,20,20,1,2,4,1,7,1325.72,294.4,331.43,Outerwear,1.6216216216216215,12,4,2.5,49,1
u-0833,2025-07-01,54,0,0,3,3,12,12,2,0,1,0,52,188,0,188,Dresses,0.5555555555555556,8,2,2,29,0
u-0834,2025-07-01,55,5,5,2,2,6,6,0,1,1,0,50,168,0,168,Accessories,0.5454545454545455,6,1,2,15,0
u-0836,2025-07-01,111,18,18,1,1,1,1,0,0,1,0,104,231,0,231,Shirts,0.27027027027027023,1,2,3,3,1
u-0837,2025-07-01,16,1,1,3,3,3,2,2,0,1,1,14,208,208,208,Dresses,1,2,1,2,11,1
u-0838,2025-07-01,116,3,3,3,3,13,13,4,1,3,1,13,473,218,157.67,Shirts,0.7758620689655172,10,3,2,35,0
u-0841,2025-07-01,107,7,7,3,3,11,11,3,1,2,1,25,366.72,99,183.36,Jackets,0.5607476635514018,6,2,2,30,0
u-0844,2025-07-01,53,5,5,3,3,10,10,1,1,1,0,48,236,0,236,Accessories,0.5660377358490566,7,2,3,25,0
u-0847,2025-07-01,134,1,1,2,2,9,9,1,1,3,0,61,1264.16,0,421.39,Outerwear,0.6716417910447761,6,2,3,22,0
u-0850,2025-07-01,71,5,5,3,3,3,3,1,0,1,0,60,257.6,0,257.6,Shoes,0.4225352112676056,2,1,2,10,1
u-0851,2025-07-01,173,6,6,3,3,15,15,3,3,3,1,6,532.16,320.16,177.39,T-Shirts,0.5202312138728323,10,3,2.6666666666666665,40,0
u-0852,2025-07-01,20,0,0,5,5,14,13,5,2,1,1,12,378.12,378.12,378.12,Dresses,1,9,2,4,40,0
u-0853,2025-07-01,116,4,4,7,7,29,29,6,2,4,2,11,942.88,544,235.72,Sweaters,1.0344827586206897,14,4,2.5,75,0
u-0854,2025-07-01,142,5,5,4,4,17,17,5,1,5,2,14,873,345,174.6,Sweaters,1.056338028169014,9,3,1.6,46,0
u-0856,2025-07-01,176,8,8,1,1,1,0,0,0,3,0,116,563,0,187.67,Jackets,0.5113636363636364,0,2,2,2,1
u-0857,2025-07-01,104,9,8,2,2,8,8,1,1,1,1,23,185,185,185,Outerwear,0.28846153846153844,7,1,1,21,1
u-0858,2025-07-01,99,92,92,0,0,0,0,0,0,1,0,92,224,0,224,Shoes,0.30303030303030304,0,1,2,0,1
u-0859,2025-07-01,54,4,4,3,3,15,15,1,2,1,0,48,96,0,96,Trousers,0.5555555555555556,10,1,1,36,0
u-0865,2025-07-01,9,1,1,2,2,2,1,2,0,1,1,1,246.56,246.56,246.56,Sweaters,1,1,2,3,8,0
u-0866,2025-07-01,129,2,2,5,5,18,18,3,1,5,1,2,1430.8,335.8,286.16,Jackets,1.1627906976744187,12,3,3.2,46,0
u-0867,2025-07-01,54,2,2,2,2,11,11,0,0,1,0,44,185,0,185,Outerwear,0.5555555555555556,7,1,1,24,0
u-0874,2025-07-01,86,14,14,1,1,1,1,0,0,2,0,57,132,0,66,T-Shirts,0.6976744186046512,1,2,1.5,3,1
u-0877,2025-07-01,8,0,0,3,3,5,4,2,1,1,1,2,92,92,92,Shirts,1,4,1,1,16,0
u-0878,2025-07-01,35,4,4,4,4,10,9,4,1,1,1,26,170,170,170,T-Shirts,0.8571428571428571,7,1,5,29,0
u-0880,2025-07-01,84,22,22,1,1,1,1,0,0,1,0,78,340.4,0,340.4,Outerwear,0.35714285714285715,1,1,2,3,1
u-0881,2025-07-01,69,1,1,9,9,39,39,5,5,2,0,37,326,0,163,Shirts,0.8695652173913044,14,1,2,97,0
u-0882,2025-07-01,71,5,5,3,3,7,7,3,1,2,1,13,441,209,220.5,Jackets,0.8450704225352113,6,3,2.5,22,0
u-0883,2025-07-01,162,9,9,2,2,8,8,3,1,4,1,25,674.56,110,168.64,Sweaters,0.7407407407407407,6,3,1.5,23,1
u-0885,2025-07-01,131,0,0,4,4,19,19,2,2,3,0,34,558,0,186,Sweaters,0.6870229007633588,11,2,2,46,0
u-0889,2025-07-01,84,6,6,2,2,2,2,0,0,4,0,40,1172.12,0,293.03,Dresses,1.4285714285714286,2,4,2.75,6,1
u-0890,2025-07-01,125,1,1,5,5,21,21,1,2,5,0,59,405,0,81,T-Shirts,1.2,13,3,1.8,50,0
u-0892,2025-07-01,122,5,5,4,4,15,15,2,2,2,0,51,718.4,0,359.2,Dresses,0.49180327868852464,11,2,3.5,38,0
u-0893,2025-07-01,130,56,56,0,0,0,0,0,0,1,0,128,110,0,110,Sweaters,0.23076923076923078,0,1,1,0,1
u-0895,2025-07-01,118,42,42,0,0,0,0,0,0,1,0,115,364.32,0,364.32,Jackets,0.2542372881355932,0,1,4,0,1
u-0899,2025-07-01,103,7,7,2,2,9,9,2,1,3,1,7,1118.72,448.96,372.91,Dresses,0.8737864077669903,8,2,3.6666666666666665,24,0
u-0900,2025-07-01,57,7,7,4,4,21,21,3,1,3,1,26,560,198,186.67,Sweaters,1.5789473684210527,13,2,2,51,0
u-0904,2025-07-01,172,73,73,0,0,0,0,0,0,1,0,167,99,0,99,Jackets,0.1744186046511628,0,1,1,0,1
u-0908,2025-07-01,33,6,6,6,6,28,28,3,1,1,0,30,216,0,216,Accessories,0.9090909090909091,12,1,3,66,0
u-0909,2025-07-01,12,4,4,2,2,2,1,2,0,1,1,4,231.84,231.84,231.84,Shoes,1,1,1,2,8,0
u-0910,2025-07-01,32,11,11,2,2,7,6,2,0,1,1,22,457.24,457.24,457.24,Dresses,0.9375,5,2,4,18,0
u-0912,2025-07-01,71,8,8,3,3,10,10,2,3,3,1,16,782.08,208,260.69,Dresses,1.267605633802817,7,1,2.6666666666666665,29,0
u-0915,2025-07-01,11,4,4,2,2,2,1,2,0,1,1,4,176,176,176,Trousers,1,1,1,2,8,0
u-0917,2025-07-01,148,1,1,3,3,3,3,1,0,2,0,85,649.52,0,324.76,Accessories,0.4054054054054054,3,2,3.5,10,1
u-0918,2025-07-01,87,2,2,9,9,41,41,6,4,5,1,15,1055.68,183,211.14,Trousers,1.7241379310344829,16,2,2.4,102,1
u-0921,2025-07-01,48,5,5,4,4,20,20,2,2,2,1,5,571.32,304.52,285.66,Jackets,1.25,13,3,3.5,49,0
u-0929,2025-07-01,110,6,6,2,2,7,7,2,0,3,0,43,1113.2,0,371.07,Jackets,0.8181818181818182,7,4,3.6666666666666665,18,0
u-0931,2025-07-01,50,2,2,6,6,22,22,6,2,3,2,7,658.8,392,219.6,Shirts,1.7999999999999998,13,4,2.3333333333333335,60,0
u-0932,2025-07-01,138,2,2,7,7,30,30,5,3,4,1,6,917.08,99,229.27,Jackets,0.8695652173913044,14,5,2.25,76,0
u-0935,2025-07-01,131,18,18,1,1,1,1,0,0,2,0,43,475.76,0,237.88,Sweaters,0.45801526717557256,1,1,2.5,3,0
u-0937,2025-07-01,87,10,10,6,6,26,26,4,3,2,0,40,705.64,0,352.82,Sweaters,0.6896551724137931,13,4,4,65,0
u-0938,2025-07-01,45,0,0,2,2,2,2,0,0,1,0,38,412.16,0,412.16,Accessories,0.6666666666666666,2,2,4,6,1
u-0942,2025-07-01,147,10,10,2,2,2,2,0,0,3,0,40,1294.44,0,431.48,Outerwear,0.6122448979591836,2,2,2.6666666666666665,6,0
u-0944,2025-07-01,164,10,10,2,2,2,2,0,0,6,0,56,1129.8,0,188.3,Shirts,1.0975609756097562,2,4,2.1666666666666665,6,0
u-0947,2025-07-01,77,7,7,3,3,13,13,3,0,3,1,7,647.76,301.76,215.92,Trousers,1.1688311688311688,8,3,2.3333333333333335,33,0
u-0953,2025-07-01,160,49,49,0,0,0,0,0,0,2,0,132,368.56,0,184.28,Jackets,0.375,0,2,2,0,1
u-0954,2025-07-01,104,59,59,0,0,0,0,0,0,1,0,98,264.04,0,264.04,Trousers,0.28846153846153844,0,1,3,0,1
u-0958,2025-07-01,177,2,2,3,3,7,7,3,1,4,1,16,991.44,432.4,247.86,Trousers,0.6779661016949152,6,2,2.5,22,0
u-0959,2025-07-01,41,6,6,4,4,17,17,1,1,1,0,38,404.8,0,404.8,Sweaters,0.7317073170731707,10,1,4,40,0
u-0961,2025-07-01,104,1,1,3,3,11,11,1,1,2,1,26,1077.32,345.92,538.66,Outerwear,0.5769230769230769,8,4,4,28,1
u-0962,2025-07-01,148,5,5,3,3,11,11,1,1,4,0,37,804.84,0,201.21,Jackets,0.8108108108108107,9,3,2.5,27,0
u-0963,2025-07-01,4,1,1,2,2,2,1,2,0,1,1,1,56,56,56,Accessories,1,1,1,1,8,1
u-0964,2025-07-01,178,6,6,4,4,16,16,3,1,3,1,14,464,192,154.67,T-Shirts,0.5056179775280899,12,2,3.3333333333333335,41,1
u-0965,2025-07-01,49,3,3,3,3,13,13,3,0,2,1,3,381.52,146,190.76,Shirts,1.2244897959183674,11,2,3,33,1
u-0970,2025-07-01,180,12,12,1,1,1,1,0,0,3,0,80,761.84,0,253.95,Shirts,0.5,1,3,3,3,1
u-0971,2025-07-01,152,24,24,1,1,1,1,0,0,3,0,55,710.24,0,236.75,Jackets,0.5921052631578948,1,2,2.3333333333333335,3,1
u-0972,2025-07-01,179,21,21,1,1,1,1,0,0,5,0,32,969.64,0,193.93,Trousers,0.8379888268156425,1,3,2.4,3,1
u-0973,2025-07-01,180,2,2,4,4,19,19,3,1,4,1,10,2382.8,680.8,595.7,Outerwear,0.6666666666666666,11,1,3.5,47,0
u-0974,2025-07-01,11,7,7,2,2,2,1,2,0,1,1,7,244,244,244,Dresses,1,1,2,2,8,0
u-0976,2025-07-01,166,0,0,4,4,13,13,2,2,3,0,39,764.88,0,254.96,Accessories,0.5421686746987951,10,4,3,34,0
u-0979,2025-07-01,131,37,37,0,0,0,0,0,0,1,0,129,208,0,208,Accessories,0.22900763358778628,0,2,3,0,1
u-0980,2025-07-01,109,10,10,2,2,9,9,3,0,3,1,21,544,204,181.33,T-Shirts,0.8256880733944955,7,3,3.6666666666666665,24,0
u-0981,2025-07-01,107,1,1,4,4,14,14,1,2,4,1,29,641,84,160.25,Accessories,1.1214953271028036,9,3,1.5,36,0
u-0983,2025-07-01,114,10,10,4,4,14,14,1,1,3,1,17,709.2,238,236.4,Shirts,0.7894736842105263,11,3,2.6666666666666665,35,0
u-0984,2025-07-01,65,2,2,3,3,10,10,3,1,2,0,46,547.32,0,273.66,Jackets,0.9230769230769231,8,2,3,27,0
u-0985,2025-07-01,167,2,2,5,5,20,20,3,1,3,0,64,708.76,0,236.25,Accessories,0.5389221556886228,11,2,2.6666666666666665,49,0
u-0992,2025-07-01,114,4,4,1,1,1,1,0,0,2,0,96,520.8,0,260.4,Shoes,0.5263157894736842,1,3,3,3,1
u-0998,2025-07-01,95,6,6,2,2,10,10,1,0,4,1,18,690.24,42,172.56,T-Shirts,1.2631578947368423,9,5,2.5,24,0
u-0999,2025-07-01,86,4,4,5,5,28,28,4,3,3,1,17,950.44,185,316.81,Trousers,1.0465116279069768,13,3,3,69,0
u-1001,2025-07-01,160,22,22,1,1,1,1,0,0,3,0,83,321,0,107,Accessories,0.5625,1,3,1.3333333333333333,3,1
u-1002,2025-07-01,70,4,4,5,5,20,20,4,2,3,1,16,299,95,99.67,T-Shirts,1.2857142857142856,12,2,2.3333333333333335,52,0
u-1005,2025-07-01,58,2,2,3,3,10,10,2,1,1,0,47,95,0,95,Trousers,0.5172413793103449,10,1,1,26,0
u-1007,2025-07-01,160,99,99,0,0,0,0,0,0,2,0,124,486.28,0,243.14,Shirts,0.375,0,4,2.5,0,1
u-1010,2025-07-01,170,0,0,4,4,13,13,4,1,4,1,19,627,236,156.75,Accessories,0.7058823529411764,10,3,2,36,0
u-1011,2025-07-01,51,2,2,8,8,27,27,5,2,2,1,5,224,84,112,Sweaters,1.1764705882352942,14,2,1,70,0
u-1012,2025-07-01,163,78,78,0,0,0,0,0,0,1,0,156,146,0,146,Shoes,0.18404907975460122,0,2,2,0,1
u-1014,2025-07-01,102,3,3,5,5,15,15,4,1,3,1,24,552.52,184,184.17,Shirts,0.8823529411764706,11,4,1.6666666666666667,41,0
u-1015,2025-07-01,49,3,3,4,4,19,19,5,2,2,1,20,474.64,291.64,237.32,Trousers,1.2244897959183674,10,3,2.5,50,0
u-1017,2025-07-01,141,0,0,3,3,7,7,3,1,4,1,0,714.4,168,178.6,Accessories,0.851063829787234,5,3,1.75,22,0
u-1021,2025-07-01,106,0,0,2,2,8,8,1,0,2,0,74,529.92,0,264.96,Sweaters,0.5660377358490566,6,2,3,19,0
u-1022,2025-07-01,180,1,1,3,3,15,15,2,1,8,1,9,2035.4,375.36,254.43,Sweaters,1.3333333333333333,9,5,3,37,0
u-1024,2025-07-01,140,4,4,2,2,4,4,1,0,3,1,14,816.6,374.44,272.2,Jackets,0.6428571428571428,4,4,3,12,0
u-1026,2025-07-01,86,2,2,4,4,20,20,3,0,3,2,2,1082.96,862.96,360.99,Outerwear,1.0465116279069768,13,3,2.6666666666666665,49,0
u-1027,2025-07-01,22,6,6,3,3,4,3,3,0,1,1,11,147,147,147,Accessories,1,3,2,2,14,0
u-1030,2025-07-01,63,0,0,7,7,28,28,3,1,2,1,22,1021.2,340.4,510.6,Outerwear,0.9523809523809523,13,1,3,68,0
u-1032,2025-07-01,180,29,29,1,1,1,1,0,0,2,0,147,370,0,185,Outerwear,0.3333333333333333,1,1,1,3,1
u-1033,2025-07-01,60,4,4,3,3,12,12,1,1,1,0,50,76,0,76,Shirts,0.5,9,1,1,29,0
u-1035,2025-07-01,93,43,43,0,0,0,0,0,0,1,0,90,242,0,242,Accessories,0.3225806451612903,0,3,5,0,1
u-1036,2025-07-01,179,4,4,3,3,10,10,2,3,5,0,33,1254.32,0,250.86,Jackets,0.8379888268156425,8,3,2.8,28,0
u-1037,2025-07-01,126,4,4,3,3,10,10,1,3,2,0,38,120,0,60,T-Shirts,0.47619047619047616,7,2,1,27,0
u-1038,2025-07-01,16,2,2,4,4,11,10,4,2,1,1,13,420.44,420.44,420.44,Accessories,1,8,3,5,32,0
u-1040,2025-07-01,115,10,10,1,1,1,1,0,0,2,0,64,477.68,0,238.84,Sweaters,0.5217391304347826,1,2,2.5,3,1
u-1044,2025-07-01,111,2,2,8,8,24,24,5,4,4,1,4,897.44,56,224.36,Accessories,1.081081081081081,13,2,2.25,66,0
u-1045,2025-07-01,95,11,11,1,1,3,3,1,1,3,1,11,436,204,145.33,Shirts,0.9473684210526316,3,1,2,10,0
u-1046,2025-07-01,129,5,5,3,3,8,8,1,1,4,0,36,894.04,0,223.51,Accessories,0.9302325581395349,7,4,2.75,21,1
u-1047,2025-07-01,111,16,16,1,1,1,1,0,0,4,0,57,1635.76,0,408.94,Outerwear,1.081081081081081,1,3,2.75,3,0
u-1050,2025-07-01,40,3,2,4,4,17,17,4,2,1,1,28,232,232,232,Accessories,0.75,11,2,2,45,0
u-1054,2025-07-01,102,5,5,4,4,14,14,1,2,3,0,31,699.52,0,233.17,Trousers,0.8823529411764706,6,1,2.6666666666666665,35,0
u-1057,2025-07-01,151,3,3,5,5,19,19,5,2,5,3,7,1208.48,583.68,241.7,Sweaters,0.9933774834437087,13,1,2.4,53,0
u-1062,2025-07-01,125,21,21,1,1,1,1,0,0,2,0,64,405.76,0,202.88,Dresses,0.48,1,2,2,3,1
u-1063,2025-07-01,108,4,4,6,6,27,27,2,1,3,1,27,1206.2,510.6,402.07,Outerwear,0.8333333333333333,12,1,2.3333333333333335,64,0
u-1064,2025-07-01,159,20,20,1,1,1,1,0,0,3,0,40,471.24,0,157.08,Jackets,0.5660377358490566,1,1,1.6666666666666667,3,1
u-1065,2025-07-01,56,16,16,1,1,1,1,1,0,1,0,54,313.72,0,313.72,Shirts,0.5357142857142857,1,2,3,4,1
u-1070,2025-07-01,135,6,6,3,3,12,12,2,1,3,0,46,514.4,0,171.47,Outerwear,0.6666666666666666,10,3,1.6666666666666667,30,0
u-1071,2025-07-01,36,3,3,3,3,9,8,3,1,1,1,26,345.92,345.92,345.92,Trousers,0.8333333333333334,6,2,3,25,0
u-1074,2025-07-01,27,11,11,3,4,8,7,2,1,1,1,23,178,178,178,T-Shirts,1,5,2,3,22,1
u-1076,2025-07-01,28,0,0,4,4,10,9,4,0,1,1,23,329.36,329.36,329.36,Shoes,1,7,2,3,28,0
u-1078,2025-07-01,11,1,0,2,3,2,1,2,0,1,1,0,537.28,537.28,537.28,Accessories,1,1,2,5,8,0
u-1082,2025-07-01,56,0,0,7,7,27,27,3,2,3,1,16,689,248.4,229.67,Trousers,1.6071428571428572,15,2,2.6666666666666665,67,0
u-1085,2025-07-01,14,6,6,2,2,2,1,2,0,1,1,6,96,96,96,Trousers,1,1,1,1,8,0
u-1086,2025-07-01,84,8,8,3,3,12,12,3,2,3,1,26,845.04,144,281.68,Accessories,1.0714285714285714,9,3,3,33,0
u-1088,2025-07-01,49,3,3,3,3,10,10,2,0,2,1,3,576.4,190,288.2,Trousers,1.2244897959183674,9,3,2.5,26,1
u-1091,2025-07-01,32,5,5,3,3,7,6,3,0,1,1,22,120,120,120,Accessories,0.9375,5,1,1,20,0
u-1092,2025-07-01,95,6,6,3,3,10,10,2,2,3,0,41,1223.6,0,407.87,Sweaters,0.9473684210526316,8,2,4.333333333333333,27,0
u-1094,2025-07-01,98,1,1,4,4,17,17,2,1,3,1,12,678.08,287.04,226.03,Dresses,0.9183673469387755,9,1,2.3333333333333335,42,0
u-1099,2025-07-01,61,0,0,3,3,11,11,2,1,2,1,9,526.48,431.48,263.24,Trousers,0.9836065573770493,7,3,2.5,29,1
u-1100,2025-07-01,170,4,4,2,2,2,2,1,0,3,0,99,360,0,120,Dresses,0.5294117647058824,2,3,1.3333333333333333,7,1
u-0003,2025-08-01,52,1,1,3,3,9,9,3,0,2,1,28,328,104,164,Dresses,1.1538461538461537,7,2,1.5,25,0
u-0004,2025-08-01,18,4,4,3,3,7,6,3,1,1,1,11,138,138,138,Dresses,1,5,2,2,21,0
u-0007,2025-08-01,64,23,23,1,1,1,1,1,0,1,0,61,56,0,56,Accessories,0.46875,1,1,1,4,0
u-0010,2025-08-01,110,0,0,3,3,13,13,4,1,2,1,11,680.8,340.4,340.4,Outerwear,0.5454545454545455,9,1,2,35,0
u-0011,2025-08-01,191,85,85,0,0,0,0,0,0,2,0,114,478.72,0,239.36,Sweaters,0.31413612565445026,0,4,2.5,0,1
u-0012,2025-08-01,141,2,2,4,4,16,16,4,3,3,1,29,861.28,412.16,287.09,Shoes,0.6382978723404255,12,1,2.6666666666666665,44,0
u-0013,2025-08-01,194,59,59,0,0,0,0,0,0,3,0,96,1206.2,0,402.07,Outerwear,0.4639175257731959,0,1,2.3333333333333335,0,1
u-0014,2025-08-01,136,60,60,0,0,0,0,0,0,1,0,130,246,0,246,Jackets,0.22058823529411764,0,2,3,0,1
u-0016,2025-08-01,177,0,0,4,4,14,14,0,2,3,0,37,282,0,94,Jackets,0.5084745762711864,9,2,1,34,0
u-0020,2025-08-01,157,76,76,0,0,0,0,0,0,4,0,76,1008.48,0,252.12,Jackets,0.7643312101910827,0,4,2.5,0,1
u-0022,2025-08-01,57,0,0,3,3,13,13,2,1,1,0,55,110,0,110,Sweaters,0.5263157894736842,7,1,1,32,0
u-0023,2025-08-01,37,2,2,5,5,17,16,5,1,2,2,2,842.72,842.72,421.36,Shoes,1.6216216216216215,12,3,4,46,0
u-0025,2025-08-01,76,4,4,3,3,11,11,2,1,2,0,42,502.52,0,251.26,Jackets,0.7894736842105263,9,3,2.5,28,0
u-0026,2025-08-01,196,0,0,9,9,35,35,3,1,5,1,22,1086.88,280.6,217.38,Trousers,0.7653061224489796,15,4,2.4,84,0
u-0028,2025-08-01,202,165,165,0,0,0,0,0,0,2,0,165,444.96,0,222.48,T-Shirts,0.297029702970297,0,2,2.5,0,1
u-0031,2025-08-01,130,0,0,5,5,16,16,2,2,3,0,34,1531.8,0,510.6,Outerwear,0.6923076923076924,11,1,3,41,0
u-0032,2025-08-01,143,3,2,2,2,6,6,2,1,1,0,78,140,0,140,Shoes,0.2097902097902098,5,1,1,17,0
u-0033,2025-08-01,107,29,29,1,1,5,5,1,1,3,0,35,477,0,159,Sweaters,0.8411214953271028,3,3,1.6666666666666667,13,0
u-0034,2025-08-01,157,17,17,1,1,1,1,0,0,2,0,109,370,0,185,Accessories,0.38216560509554137,1,3,1.5,3,1
u-0035,2025-08-01,201,4,4,5,5,23,23,5,1,5,1,4,1305.92,279.68,261.18,Sweaters,0.7462686567164178,13,2,2.8,58,0
u-0036,2025-08-01,95,6,6,2,2,5,5,2,1,2,1,21,294,76,147,Shirts,0.6315789473684211,3,2,1.5,16,0
u-0037,2025-08-01,35,4,4,3,3,9,8,3,1,1,1,24,337.64,337.64,337.64,Trousers,0.8571428571428571,6,1,4,25,0
u-0039,2025-08-01,21,4,4,3,3,8,7,2,1,1,1,16,333.04,333.04,333.04,Shoes,1,5,2,3,22,0
u-0040,2025-08-01,92,12,12,3,3,9,9,2,1,3,1,20,500,96,166.67,Accessories,0.9782608695652173,7,2,2.3333333333333335,25,1
u-0041,2025-08-01,101,4,4,4,4,12,12,3,1,4,1,9,1174.6,112,293.65,Outerwear,1.188118811881188,8,5,2.25,33,0
u-0045,2025-08-01,74,2,2,6,6,22,22,5,4,4,2,15,803.64,443.64,200.91,Accessories,1.6216216216216215,15,3,2,61,0
u-0049,2025-08-01,154,6,6,2,2,5,5,2,1,4,1,6,719.52,112,179.88,Shoes,0.7792207792207791,5,3,2,16,1
u-0050,2025-08-01,131,62,62,0,0,0,0,0,0,1,0,122,56,0,56,Accessories,0.22900763358778628,0,1,1,0,0
u-0055,2025-08-01,35,13,13,2,2,5,4,3,0,1,1,25,198,198,198,Jackets,0.8571428571428571,3,1,2,15,0
u-0056,2025-08-01,63,8,8,3,3,12,12,4,1,2,1,18,198,122,99,T-Shirts,0.9523809523809523,9,2,2,33,0
u-0058,2025-08-01,90,5,5,4,4,18,18,5,0,2,1,28,677.12,316.48,338.56,Shoes,0.6666666666666666,11,2,3,46,0
u-0062,2025-08-01,181,4,4,1,1,1,1,0,0,3,0,97,608,0,202.67,Accessories,0.4972375690607735,1,2,2.3333333333333335,3,0
u-0066,2025-08-01,62,5,5,3,3,12,12,2,2,1,0,51,56,0,56,Accessories,0.48387096774193544,7,1,1,31,0
u-0067,2025-08-01,60,7,7,4,4,17,17,3,2,1,0,54,96,0,96,Trousers,0.5,11,1,1,43,0
u-0068,2025-08-01,175,100,100,0,0,0,0,0,0,1,0,169,99,0,99,Jackets,0.17142857142857143,0,1,1,0,1
u-0072,2025-08-01,211,183,183,0,0,0,0,0,0,1,0,204,276,0,276,Shoes,0.14218009478672985,0,2,3,0,1
u-0073,2025-08-01,23,6,6,3,3,7,6,3,1,1,1,14,136,136,136,T-Shirts,1,5,2,3,21,0
u-0074,2025-08-01,21,2,2,3,4,7,6,3,0,2,2,2,475.52,475.52,237.76,Accessories,2,5,2,2.5,21,1
u-0075,2025-08-01,142,111,111,0,0,0,0,0,0,2,0,130,362,0,181,Shoes,0.4225352112676056,0,2,1.5,0,0
u-0076,2025-08-01,100,5,5,7,7,28,28,5,3,3,0,30,672.24,0,224.08,T-Shirts,0.8999999999999999,13,2,4,71,0
u-0077,2025-08-01,99,1,1,3,3,14,14,2,3,2,0,81,637.44,0,318.72,Accessories,0.6060606060606061,9,1,4,36,0
u-0078,2025-08-01,43,8,8,2,2,7,7,1,1,1,0,39,76,0,76,T-Shirts,0.6976744186046512,6,1,2,18,0
u-0080,2025-08-01,209,3,3,4,4,13,13,1,1,4,0,46,1066.32,0,266.58,Dresses,0.5741626794258373,10,2,2.75,32,0
u-0082,2025-08-01,180,21,21,1,1,1,0,0,0,2,0,139,349.36,0,174.68,Shoes,0.3333333333333333,0,2,2,2,1
u-0084,2025-08-01,73,53,53,0,0,0,0,0,0,1,0,64,76,0,76,Shirts,0.4109589041095891,0,1,1,0,0
u-0085,2025-08-01,163,9,9,3,3,13,13,3,2,4,1,29,804.64,92,201.16,Shirts,0.7361963190184049,8,2,2.5,35,0
u-0090,2025-08-01,80,5,5,2,2,11,11,1,1,2,0,53,644,0,322,Dresses,0.75,10,3,3.5,26,0
u-0091,2025-08-01,78,0,0,6,7,21,21,6,2,3,1,11,386,184,128.67,Shirts,1.1538461538461537,9,2,1.6666666666666667,58,0
u-0093,2025-08-01,147,4,4,2,2,7,7,0,1,4,1,12,330,136,82.5,T-Shirts,0.8163265306122448,4,2,2,18,0
u-0094,2025-08-01,106,3,3,8,8,29,29,6,3,4,3,17,1464.64,1002.8,366.16,Sweaters,1.1320754716981132,11,3,4.25,78,0
u-0096,2025-08-01,28,6,6,5,5,17,16,4,1,1,1,18,190,190,190,Trousers,1,8,1,2,44,0
u-0102,2025-08-01,74,41,41,0,0,0,0,0,0,1,0,72,241.04,0,241.04,Sweaters,0.4054054054054054,0,2,3,0,1
u-0103,2025-08-01,48,1,1,4,4,19,19,6,3,3,2,1,450,340,150,Sweaters,1.875,10,2,1.6666666666666667,53,0
u-0105,2025-08-01,167,3,3,3,3,11,11,3,0,4,0,52,1004.8,0,251.2,Dresses,0.718562874251497,7,2,2.5,28,0
u-0106,2025-08-01,6,0,0,2,2,2,1,2,0,1,1,0,216,216,216,Accessories,1,1,1,3,8,0
u-0107,2025-08-01,80,16,16,2,2,7,7,2,0,2,1,26,332,92,166,Shirts,0.75,6,2,2,19,0
u-0108,2025-08-01,123,4,4,6,6,22,22,6,2,4,1,10,863.48,194,215.87,Sweaters,0.9756097560975611,14,4,2.25,59,0
u-0109,2025-08-01,147,79,79,0,0,0,0,0,0,1,0,143,386.4,0,386.4,Shoes,0.2040816326530612,0,1,3,0,1
u-0110,2025-08-01,69,1,1,2,2,2,2,0,0,2,0,41,287,0,143.5,Shirts,0.8695652173913044,2,3,2,6,0
u-0111,2025-08-01,92,8,8,2,2,8,8,0,1,2,0,32,374,0,187,Trousers,0.6521739130434783,6,2,2.5,19,0
u-0112,2025-08-01,133,2,2,6,6,17,17,4,2,5,0,33,923.52,0,184.7,Shirts,1.1278195488721805,8,2,2.4,46,0
u-0115,2025-08-01,208,0,0,4,4,17,17,2,3,6,1,0,1271.72,99,211.95,Jackets,0.8653846153846153,10,6,2.3333333333333335,44,0
u-0116,2025-08-01,165,1,1,3,3,7,6,1,0,3,1,16,545,205,181.67,Trousers,0.5454545454545454,6,3,1.6666666666666667,18,1
u-0118,2025-08-01,56,4,4,3,3,11,11,1,1,1,0,53,208,0,208,Dresses,0.5357142857142857,9,1,2,27,0
u-0119,2025-08-01,80,9,9,2,2,3,3,1,0,2,1,22,1021.2,680.8,510.6,Outerwear,0.75,3,1,3,10,1
u-0120,2025-08-01,154,4,4,5,5,24,24,4,2,4,1,26,1561.4,510.6,390.35,Outerwear,0.7792207792207791,14,1,2.25,60,0
u-0122,2025-08-01,183,45,45,0,0,0,0,0,0,5,0,114,914.8,0,182.96,Shirts,0.819672131147541,0,3,2.2,0,1
u-0123,2025-08-01,181,13,13,1,1,1,0,0,0,4,0,109,1260.64,0,315.16,Outerwear,0.6629834254143646,0,3,2,2,1
u-0124,2025-08-01,158,6,6,3,3,12,12,1,0,4,0,40,985.28,0,246.32,Trousers,0.759493670886076,9,4,3.25,28,0
u-0126,2025-08-01,42,1,1,7,7,33,33,4,2,1,0,32,185,0,185,Outerwear,0.7142857142857143,15,1,1,79,0
u-0129,2025-08-01,121,55,55,0,0,0,0,0,0,1,0,111,176,0,176,Trousers,0.24793388429752067,0,1,2,0,1
u-0130,2025-08-01,19,0,0,5,5,8,7,4,1,2,2,4,475.04,475.04,237.52,Dresses,2,4,2,2.5,27,0
u-0131,2025-08-01,187,5,5,3,3,14,14,2,2,3,0,43,403.76,0,134.59,T-Shirts,0.48128342245989303,8,3,2,35,1
u-0132,2025-08-01,113,11,11,2,2,8,8,1,1,4,0,33,666.48,0,166.62,T-Shirts,1.0619469026548674,6,5,2.75,20,0
u-0133,2025-08-01,7,2,2,2,2,2,1,2,0,1,1,2,450.8,450.8,450.8,Outerwear,1,1,2,3,8,0
u-0136,2025-08-01,15,3,3,3,3,6,5,2,1,1,1,9,76,76,76,Shirts,1,4,1,1,18,0
u-0138,2025-08-01,62,2,2,8,8,27,27,3,1,2,1,13,480.44,282.44,240.22,Jackets,0.9677419354838709,13,3,2.5,67,0
u-0139,2025-08-01,86,10,10,2,2,9,9,2,0,2,1,10,512.56,292.56,256.28,Sweaters,0.6976744186046512,6,3,2.5,23,0
u-0141,2025-08-01,143,0,0,4,4,16,16,1,2,3,0,32,823.04,0,274.35,Shirts,0.6293706293706294,13,2,3.3333333333333335,39,1
u-0143,2025-08-01,113,4,4,6,6,23,23,5,4,4,1,13,823.48,257.6,205.87,Trousers,1.0619469026548674,12,5,2.25,62,0
u-0144,2025-08-01,212,4,4,3,3,14,14,3,0,5,1,21,849.04,112,169.81,T-Shirts,0.7075471698113208,11,5,2.6,35,0
u-0148,2025-08-01,59,9,9,2,2,5,5,2,0,3,1,9,1020.28,334.88,340.09,Shoes,1.5254237288135595,4,2,3,15,0
u-0149,2025-08-01,211,3,3,4,4,17,17,1,2,6,0,33,1423.68,0,237.28,Accessories,0.8530805687203792,12,4,2.5,41,0
u-0150,2025-08-01,51,6,6,3,3,13,13,2,1,1,0,42,183,0,183,Trousers,0.5882352941176471,9,1,2,32,0
u-0153,2025-08-01,141,2,2,5,5,24,24,2,0,3,1,23,362,42,120.67,T-Shirts,0.6382978723404255,11,2,2.3333333333333335,56,0
u-0154,2025-08-01,207,5,5,4,4,17,17,3,2,2,1,28,384,216,192,Sweaters,0.2898550724637681,14,2,2.5,44,0
u-0157,2025-08-01,126,39,39,0,0,0,0,0,0,2,0,58,272,0,136,Trousers,0.47619047619047616,0,1,1.5,0,1
u-0158,2025-08-01,77,5,5,3,3,11,11,1,3,2,0,45,312,0,156,Dresses,0.7792207792207791,8,1,1.5,29,0
u-0160,2025-08-01,40,6,6,5,5,19,19,6,1,4,3,9,1747.16,1562.16,436.79,Outerwear,3,14,3,2.75,53,0
u-0161,2025-08-01,48,1,1,5,5,18,18,4,2,1,0,37,240,0,240,Accessories,0.625,13,1,2,47,0
u-0165,2025-08-01,160,4,4,6,6,21,21,7,1,4,2,4,880.68,340.64,220.17,Jackets,0.75,12,4,2.5,58,0
u-0167,2025-08-01,48,44,44,0,0,0,0,0,0,1,0,44,345.92,0,345.92,Trousers,0.625,0,2,4,0,0
u-0169,2025-08-01,63,0,0,2,2,3,3,2,0,1,0,52,198,0,198,Jackets,0.47619047619047616,3,1,2,10,0
u-0170,2025-08-01,65,7,7,3,3,3,3,0,0,2,0,38,225,0,112.5,Trousers,0.9230769230769231,3,2,1.5,9,0
u-0174,2025-08-01,47,5,5,4,4,16,16,2,1,1,0,44,224,0,224,Shirts,0.6382978723404256,10,1,3,39,0
u-0178,2025-08-01,152,2,2,6,6,24,24,2,3,3,0,41,1456.36,0,485.45,Outerwear,0.5921052631578948,13,3,3.3333333333333335,59,1
u-0182,2025-08-01,96,36,36,0,0,0,0,0,0,1,0,87,96,0,96,Accessories,0.3125,0,1,2,0,1
u-0189,2025-08-01,97,2,2,4,4,17,17,4,1,4,2,2,1110.08,735.08,277.52,Trousers,1.2371134020618557,10,2,3,45,0
u-0190,2025-08-01,162,91,91,0,0,0,0,0,0,1,0,153,242.88,0,242.88,Accessories,0.18518518518518517,0,1,4,0,1
u-0192,2025-08-01,133,78,78,0,0,0,0,0,0,1,0,127,176,0,176,Trousers,0.22556390977443608,0,1,2,0,0
u-0197,2025-08-01,106,16,16,1,1,1,1,1,0,1,0,97,301.76,0,301.76,Shoes,0.2830188679245283,1,2,3,4,1
u-0198,2025-08-01,34,1,1,6,6,21,21,4,0,2,1,22,445,253,222.5,Trousers,1.7647058823529411,10,2,2.5,53,1
u-0204,2025-08-01,199,3,3,8,8,34,34,6,4,7,2,3,972,338,138.86,T-Shirts,1.0552763819095476,14,5,2.857142857142857,88,0
u-0206,2025-08-01,134,74,74,0,0,0,0,0,0,2,0,95,330,0,165,Jackets,0.44776119402985076,0,3,2,0,0
u-0207,2025-08-01,196,2,2,5,5,21,21,1,2,6,1,19,916,240,152.67,Accessories,0.9183673469387755,12,3,1.8333333333333333,51,0
u-0209,2025-08-01,139,2,2,5,5,25,25,4,3,4,0,33,781.08,0,195.27,Jackets,0.8633093525179856,13,3,2.25,62,0
u-0211,2025-08-01,175,8,8,2,2,9,9,1,0,4,1,18,1475.84,185,368.96,Outerwear,0.6857142857142857,6,2,2.25,22,0
u-0213,2025-08-01,51,6,6,2,2,8,8,1,1,2,0,32,374,0,187,Trousers,1.1764705882352942,7,1,2,20,0
u-0216,2025-08-01,131,6,6,4,4,13,13,3,2,5,1,6,1234.12,208,246.82,Shirts,1.1450381679389314,8,5,3,36,0
u-0217,2025-08-01,48,1,1,4,4,12,12,2,1,1,0,39,42,0,42,T-Shirts,0.625,9,1,1,31,1
u-0218,2025-08-01,66,0,0,9,9,41,41,7,3,3,1,27,709.76,194,236.59,Trousers,1.3636363636363635,16,3,2.6666666666666665,102,0
u-0219,2025-08-01,55,1,1,3,3,12,12,2,1,2,1,1,182,104,91,Dresses,1.090909090909091,9,2,1,31,0
u-0221,2025-08-01,41,2,2,3,3,13,13,2,1,1,0,37,195,0,195,Jackets,0.7317073170731707,11,2,2,32,0
u-0222,2025-08-01,35,2,2,6,6,23,23,3,2,1,0,31,437.92,0,437.92,Shoes,0.8571428571428571,13,1,4,57,0
u-0225,2025-08-01,160,10,10,2,2,6,6,1,0,3,0,45,689.76,0,229.92,Trousers,0.5625,5,3,2.3333333333333335,15,1
u-0226,2025-08-01,64,10,10,3,3,6,6,2,0,2,1,17,1164.72,510.6,582.36,Outerwear,0.9375,5,2,4,18,1
u-0227,2025-08-01,141,17,17,1,1,1,0,0,0,1,0,137,110,0,110,Sweaters,0.2127659574468085,0,1,1,2,1
u-0229,2025-08-01,203,84,84,0,0,0,0,0,0,2,0,158,454.32,0,227.16,Shirts,0.2955665024630542,0,2,3,0,1
u-0230,2025-08-01,58,5,5,6,6,21,21,5,1,4,3,5,965.24,780.24,241.31,Outerwear,2.0689655172413794,13,2,1.5,57,0
u-0231,2025-08-01,78,6,5,4,4,15,15,4,2,4,2,6,671.32,380,167.83,T-Shirts,1.5384615384615383,11,4,3.25,42,0
u-0232,2025-08-01,134,3,3,7,7,31,31,4,2,6,0,39,1154.44,0,192.41,Sweaters,1.3432835820895521,14,5,2,75,0
u-0236,2025-08-01,73,2,2,8,8,28,28,8,4,4,2,13,1698.32,678.04,424.58,Shoes,1.6438356164383563,12,4,3.5,78,0
u-0238,2025-08-01,108,4,4,4,4,18,18,4,1,4,1,12,623,240,155.75,Accessories,1.1111111111111112,12,3,1.25,46,0
u-0239,2025-08-01,46,1,1,4,4,10,10,2,3,1,0,35,194,0,194,Sweaters,0.6521739130434783,6,1,2,29,0
u-0240,2025-08-01,109,1,1,8,8,32,32,6,1,5,1,7,1290.84,361.56,258.17,Dresses,1.3761467889908257,12,3,2.6,80,0
u-0241,2025-08-01,91,10,10,2,2,11,11,3,1,3,2,10,389,313,129.67,T-Shirts,0.989010989010989,8,4,2,30,0
u-0243,2025-08-01,212,6,6,2,2,8,8,1,2,3,0,40,346,0,115.33,Dresses,0.42452830188679247,7,2,1.3333333333333333,21,0
u-0244,2025-08-01,52,11,11,2,2,2,2,0,0,1,0,45,84,0,84,Sweaters,0.5769230769230769,2,1,1,6,1
u-0245,2025-08-01,152,1,1,4,4,21,21,5,2,4,1,25,1327.2,478.4,331.8,Dresses,0.7894736842105263,13,3,3.5,54,0
u-0246,2025-08-01,156,29,29,1,1,1,1,0,0,2,0,115,186,0,93,Accessories,0.3846153846153846,1,2,2,3,1
u-0247,2025-08-01,93,43,43,0,0,0,0,0,0,1,0,84,88,0,88,Trousers,0.3225806451612903,0,1,1,0,1
u-0248,2025-08-01,43,3,3,3,3,10,10,1,1,1,0,32,277.84,0,277.84,Jackets,0.6976744186046512,7,2,3,25,0
u-0249,2025-08-01,128,0,0,4,4,21,21,2,1,5,1,23,2166.68,557.52,433.34,Outerwear,1.171875,11,4,3,50,0
u-0250,2025-08-01,133,0,0,10,10,30,30,7,2,7,3,4,1863.92,901.28,266.27,Shoes,1.5789473684210527,14,5,2.4285714285714284,82,0
u-0252,2025-08-01,125,2,2,2,2,8,8,2,0,2,0,30,416,0,208,Dresses,0.48,6,1,2,20,0
u-0253,2025-08-01,24,2,2,4,4,8,7,3,1,1,1,18,82,82,82,Accessories,1,4,2,2,24,0
u-0254,2025-08-01,98,3,3,5,5,18,18,2,3,3,1,16,704.48,334.88,234.83,Shoes,0.9183673469387755,8,1,2,47,0
u-0255,2025-08-01,26,6,6,3,3,8,7,2,0,1,1,19,176,176,176,Shirts,1,6,2,2,21,1
u-0257,2025-08-01,151,6,5,3,3,13,13,2,2,2,1,26,728.64,445.28,364.32,Shoes,0.3973509933774835,10,3,3.5,34,0
u-0259,2025-08-01,101,3,3,6,6,24,24,4,1,4,0,63,535,0,133.75,T-Shirts,1.188118811881188,14,3,2.5,59,0
u-0260,2025-08-01,45,5,5,4,4,18,18,3,2,1,0,42,335.8,0,335.8,Jackets,0.6666666666666666,13,2,4,45,0
u-0261,2025-08-01,175,99,99,0,0,0,0,0,0,3,0,114,815.68,0,271.89,Jackets,0.5142857142857143,0,2,2.6666666666666665,0,1
u-0262,2025-08-01,102,4,4,4,4,20,20,3,2,3,1,12,488.96,264.96,162.99,Accessories,0.8823529411764706,11,2,1.6666666666666667,50,0
u-0264,2025-08-01,122,0,0,4,4,13,13,2,2,3,0,62,982.56,0,327.52,Shirts,0.7377049180327869,9,4,3.6666666666666665,34,0
u-0265,2025-08-01,87,2,2,8,8,31,31,6,3,3,2,17,314,238,104.67,T-Shirts,1.0344827586206897,14,2,2.6666666666666665,81,0
u-0268,2025-08-01,66,5,4,2,3,14,14,2,0,1,0,55,257.6,0,257.6,Trousers,0.45454545454545453,9,1,3,32,0
u-0269,2025-08-01,120,17,17,1,1,1,1,1,0,3,0,79,634,0,211.33,Shoes,0.75,1,3,2.3333333333333335,4,1
u-0270,2025-08-01,146,9,9,1,1,1,1,0,0,2,0,92,381.96,0,190.98,Shoes,0.4109589041095891,1,3,1.5,3,1
u-0271,2025-08-01,185,12,12,2,2,10,10,2,1,3,0,40,274,0,91.33,T-Shirts,0.48648648648648646,8,2,2.3333333333333335,25,0
u-0273,2025-08-01,36,12,12,2,2,3,2,2,1,1,1,25,317.4,317.4,317.4,Jackets,0.8333333333333334,2,2,4,11,0
u-0275,2025-08-01,202,5,5,3,3,16,16,1,0,8,1,22,2228.88,330.28,278.61,Outerwear,1.188118811881188,10,6,2,37,0
u-0283,2025-08-01,78,3,3,5,5,21,21,3,3,3,0,39,1552.96,0,517.65,Outerwear,1.1538461538461537,12,2,3.3333333333333335,53,0
u-0285,2025-08-01,185,7,6,2,2,9,9,3,0,3,1,18,567.04,248,189.01,Shirts,0.48648648648648646,8,1,2.3333333333333335,24,0
u-0286,2025-08-01,88,0,0,7,7,28,28,5,3,4,1,14,609,167,152.25,Trousers,1.3636363636363638,14,5,1.75,72,0
u-0289,2025-08-01,176,14,14,2,2,4,4,0,1,3,0,78,481,0,160.33,Jackets,0.5113636363636364,4,2,1.6666666666666667,11,0
u-0290,2025-08-01,25,0,0,7,8,22,21,6,3,2,2,15,311,311,155.5,Trousers,2,11,2,1.5,61,0
u-0295,2025-08-01,209,2,2,7,7,22,22,6,3,5,1,18,1091.64,190,218.33,Trousers,0.7177033492822966,12,2,2.4,61,0
u-0297,2025-08-01,132,5,5,6,6,28,28,3,3,5,1,13,1284.16,352.36,256.83,Jackets,1.1363636363636362,11,3,2.8,69,0
u-0298,2025-08-01,131,2,2,6,6,24,24,2,3,4,0,67,1140.44,0,285.11,Jackets,0.9160305343511451,12,3,3,59,0
u-0300,2025-08-01,106,3,3,5,5,21,21,3,1,4,0,41,1144.2,0,286.05,Outerwear,1.1320754716981132,13,4,2,51,0
u-0304,2025-08-01,131,5,5,4,4,18,18,3,1,4,1,27,1229.12,280.6,307.28,Accessories,0.9160305343511451,10,6,3,45,0
u-0305,2025-08-01,29,7,7,4,4,8,7,3,0,1,1,19,136,136,136,Shirts,1,6,1,2,23,0
u-0308,2025-08-01,28,6,6,3,3,4,3,3,1,1,1,18,188,188,188,Dresses,1,3,2,2,15,0
u-0309,2025-08-01,139,9,9,3,3,13,13,3,2,6,2,9,1301.6,371.84,216.93,Shoes,1.2949640287769784,7,2,1.8333333333333333,36,0
u-0315,2025-08-01,81,9,9,3,3,12,12,3,3,3,1,9,835.6,140,278.53,Outerwear,1.111111111111111,7,2,1.6666666666666667,34,0
u-0318,2025-08-01,153,4,4,4,4,13,13,4,1,3,1,4,422,104,140.67,Dresses,0.5882352941176471,12,2,1.3333333333333333,36,0
u-0319,2025-08-01,166,26,26,1,1,3,3,0,1,3,0,35,678.08,0,226.03,Dresses,0.5421686746987951,3,1,2.3333333333333335,8,1
u-0321,2025-08-01,183,4,4,4,4,16,16,3,1,9,0,36,3617.52,0,401.95,Outerwear,1.4754098360655739,11,5,2.5555555555555554,40,0
u-0324,2025-08-01,100,4,4,4,4,13,13,1,0,3,1,22,790.88,287.04,263.63,Dresses,0.8999999999999999,9,3,2.6666666666666665,32,0
u-0325,2025-08-01,190,2,2,3,3,13,13,2,1,5,1,20,1282.88,364.32,256.58,Jackets,0.7894736842105263,7,4,2.4,33,0
u-0327,2025-08-01,128,3,3,5,5,14,14,5,2,4,0,34,785.76,0,196.44,Accessories,0.9375,10,2,2.25,40,0
u-0329,2025-08-01,82,3,3,5,5,27,27,2,0,2,0,61,292,0,146,Shirts,0.7317073170731707,13,1,2,61,0
u-0332,2025-08-01,45,5,5,4,4,19,19,2,3,1,0,34,232.76,0,232.76,Outerwear,0.6666666666666666,12,2,2,47,0
u-0334,2025-08-01,65,9,8,2,2,7,7,1,1,1,0,44,415.84,0,415.84,Accessories,0.46153846153846156,7,2,4,18,1
u-0337,2025-08-01,51,10,10,2,2,7,7,2,1,2,0,30,204,0,102,Shoes,1.1764705882352942,6,2,1,19,1
u-0339,2025-08-01,96,4,4,3,3,12,12,2,0,5,2,4,1373.6,606.28,274.72,Sweaters,1.5625,8,4,3.2,31,1
u-0341,2025-08-01,103,1,1,6,6,17,17,5,5,4,1,23,870.92,176,217.73,Trousers,1.1650485436893205,11,1,2.5,51,0
u-0344,2025-08-01,31,3,3,5,6,18,17,5,3,2,2,20,374,374,187,Shirts,1.9354838709677418,10,1,2.5,50,0
u-0346,2025-08-01,197,8,8,3,3,9,9,1,0,6,0,55,1467.28,0,244.55,Sweaters,0.9137055837563453,8,5,2.6666666666666665,22,1
u-0348,2025-08-01,130,84,84,0,0,0,0,0,0,2,0,95,602.68,0,301.34,Outerwear,0.46153846153846156,0,2,2,0,1
u-0353,2025-08-01,62,29,29,1,1,2,2,1,0,2,1,29,445.04,112,222.52,T-Shirts,0.9677419354838709,2,4,3,7,0
u-0354,2025-08-01,13,5,5,2,2,2,1,2,0,1,1,5,194,194,194,Sweaters,1,1,1,2,8,0
u-0355,2025-08-01,43,12,12,2,2,3,3,2,0,2,1,24,404,196,202,Dresses,1.3953488372093024,3,2,2,11,1
u-0356,2025-08-01,171,7,7,4,4,19,19,3,3,6,1,7,2517.8,782,419.63,Outerwear,1.0526315789473684,13,4,2.8333333333333335,49,0
u-0357,2025-08-01,203,4,4,3,3,11,11,2,3,4,0,51,546,0,136.5,T-Shirts,0.5911330049261084,8,4,2.25,30,0
u-0358,2025-08-01,120,3,3,7,7,26,26,3,3,2,1,27,661.48,379.04,330.74,Dresses,0.5,14,4,3.5,66,0
u-0361,2025-08-01,190,76,76,0,0,0,0,0,0,2,0,157,521.64,0,260.82,Sweaters,0.31578947368421056,0,2,3,0,1
u-0366,2025-08-01,176,2,2,9,9,39,39,9,1,10,1,23,2961.92,654.12,296.19,Outerwear,1.7045454545454546,15,4,1.9,98,0
u-0368,2025-08-01,17,3,3,4,4,10,9,3,0,1,1,14,304.52,304.52,304.52,Accessories,1,7,3,3,27,0
u-0369,2025-08-01,83,6,6,3,3,7,7,1,0,3,0,48,855.6,0,285.2,Sweaters,1.0843373493975903,5,2,3.3333333333333335,18,0
u-0370,2025-08-01,13,1,1,3,3,5,4,3,0,1,1,6,458.16,458.16,458.16,Sweaters,1,3,1,5,16,0
u-0372,2025-08-01,108,7,7,4,4,18,18,3,1,2,0,71,445.52,0,222.76,Trousers,0.5555555555555556,13,1,2.5,44,0
u-0373,2025-08-01,29,6,6,3,3,6,5,3,0,1,1,18,386.4,386.4,386.4,Shoes,1,5,1,3,18,0
u-0375,2025-08-01,138,6,6,3,3,7,7,2,2,2,1,27,160,42,80,T-Shirts,0.4347826086956522,7,2,1.5,22,0
u-0378,2025-08-01,188,4,4,4,4,20,20,2,1,6,1,13,1049.8,92,174.97,Shirts,0.9574468085106383,11,3,2.1666666666666665,48,0
u-0379,2025-08-01,178,3,2,5,5,24,24,4,3,6,2,16,1124.76,224,187.46,Dresses,1.0112359550561798,13,3,1.8333333333333333,62,1
u-0380,2025-08-01,83,2,2,2,2,2,2,0,0,2,0,67,371,0,185.5,Dresses,0.7228915662650602,2,3,2.5,6,0
u-0381,2025-08-01,46,4,4,3,3,12,12,2,0,2,1,4,531.84,346.84,265.92,Outerwear,1.3043478260869565,7,2,2,30,1
u-0383,2025-08-01,71,1,1,3,3,15,15,0,3,2,0,35,563.04,0,281.52,Dresses,0.8450704225352113,9,2,3,36,0
u-0384,2025-08-01,157,2,2,6,6,27,27,3,3,8,1,2,1032.24,76,129.03,T-Shirts,1.5286624203821655,12,5,2.25,67,0
u-0385,2025-08-01,76,9,9,1,1,1,0,0,0,1,0,72,613.64,0,613.64,Jackets,0.39473684210526316,0,2,5,2,1
u-0388,2025-08-01,49,5,5,2,2,2,2,0,0,1,0,39,184,0,184,Shirts,0.6122448979591837,2,1,2,6,1
u-0392,2025-08-01,176,18,18,3,3,11,11,2,2,4,0,42,478,0,119.5,Dresses,0.6818181818181819,6,3,1.25,29,1
u-0393,2025-08-01,44,5,5,3,3,15,15,2,1,1,0,38,84,0,84,Sweaters,0.6818181818181819,11,1,1,36,0
u-0394,2025-08-01,119,4,4,7,7,24,24,5,6,3,1,28,956.8,278.76,318.93,Outerwear,0.7563025210084033,11,5,2.6666666666666665,67,0
u-0395,2025-08-01,60,4,4,6,6,26,26,3,1,2,1,8,350.76,95,175.38,Trousers,1,14,1,2,63,0
u-0397,2025-08-01,162,10,10,2,2,7,7,1,1,3,0,48,857.52,0,285.84,Outerwear,0.5555555555555555,5,2,2,18,0
u-0398,2025-08-01,20,13,13,2,2,2,1,2,0,1,1,13,238,238,238,Shirts,1,1,1,3,8,0
u-0399,2025-08-01,171,45,45,0,0,0,0,0,0,1,0,169,260.36,0,260.36,Shirts,0.17543859649122806,0,2,3,0,0
u-0400,2025-08-01,56,12,12,2,2,3,3,1,1,1,0,53,253.92,0,253.92,Shirts,0.5357142857142857,2,2,3,10,0
u-0401,2025-08-01,109,7,7,2,2,2,2,0,0,4,0,43,1101.92,0,275.48,Shoes,1.1009174311926606,2,3,2.75,6,1
u-0402,2025-08-01,19,2,2,3,3,8,7,2,0,1,1,11,383.64,383.64,383.64,Jackets,1,7,2,4,21,1
u-0404,2025-08-01,101,51,51,0,0,0,0,0,0,1,0,96,76,0,76,T-Shirts,0.297029702970297,0,1,2,0,0
u-0409,2025-08-01,175,14,14,2,2,6,6,2,0,4,1,26,262,102,65.5,T-Shirts,0.6857142857142857,4,1,1.75,17,1
u-0410,2025-08-01,107,10,10,2,2,8,8,3,0,3,1,20,570.24,99,190.08,Jackets,0.8411214953271028,7,1,2,22,0
u-0412,2025-08-01,100,6,6,4,4,19,19,4,0,2,1,6,387.96,146,193.98,Shoes,0.6,11,4,2,47,0
u-0413,2025-08-01,194,4,4,3,3,12,12,2,0,4,1,15,2265.96,468.28,566.49,Outerwear,0.6185567010309279,10,4,4,30,0
u-0415,2025-08-01,172,2,2,5,5,15,15,2,0,5,0,45,1433.4,0,286.68,Jackets,0.872093023255814,7,5,3,37,0
u-0416,2025-08-01,65,1,1,4,4,16,16,2,1,3,2,9,625.12,513.12,208.37,Shoes,1.3846153846153848,11,2,2,41,1
u-0417,2025-08-01,156,3,3,8,8,35,35,7,2,6,2,3,1483.48,519.56,247.25,Shoes,1.1538461538461537,14,3,2.3333333333333335,89,0
u-0418,2025-08-01,42,2,2,4,4,13,13,2,1,1,0,37,170,0,170,T-Shirts,0.7142857142857143,8,1,5,33,0
u-0421,2025-08-01,40,21,21,2,2,2,1,2,0,1,1,29,102,102,102,T-Shirts,0.75,1,1,3,8,0
u-0422,2025-08-01,120,11,11,1,1,1,1,1,0,2,0,61,340,0,170,T-Shirts,0.5,1,3,3,4,0
u-0427,2025-08-01,136,6,6,3,3,13,13,4,1,3,1,28,414,110,138,Sweaters,0.6617647058823529,10,1,1.3333333333333333,35,0
u-0429,2025-08-01,8,3,3,2,2,2,1,2,0,1,1,3,99,99,99,Jackets,1,1,1,1,8,0
u-0432,2025-08-01,57,3,3,4,4,14,14,5,1,2,1,10,487.6,231.84,243.8,Sweaters,1.0526315789473684,11,1,3,39,0
u-0434,2025-08-01,25,8,8,3,4,8,7,3,1,1,1,16,104,104,104,Dresses,1,7,1,1,23,0
u-0436,2025-08-01,109,1,1,6,6,21,21,5,2,5,1,23,727.16,76,145.43,T-Shirts,1.3761467889908257,12,4,2.6,56,0
u-0437,2025-08-01,51,1,1,7,7,26,26,5,3,2,0,34,204,0,102,Shirts,1.1764705882352942,14,2,1.5,67,1
u-0439,2025-08-01,186,11,11,2,2,6,6,1,0,3,0,61,433.68,0,144.56,Trousers,0.48387096774193544,4,3,1.6666666666666667,15,1
u-0440,2025-08-01,135,1,1,3,3,15,15,2,0,3,1,1,699,78,233,Accessories,0.6666666666666666,10,4,2.3333333333333335,36,0
u-0441,2025-08-01,40,3,3,2,2,9,9,1,1,1,0,30,120,0,120,Accessories,0.75,8,1,1,22,0
u-0442,2025-08-01,148,0,0,7,7,26,26,4,3,7,0,54,842,0,120.29,T-Shirts,1.4189189189189189,14,4,2.4285714285714284,66,0
u-0443,2025-08-01,103,0,0,4,4,20,20,5,2,3,1,25,701.32,236.44,233.77,Sweaters,0.8737864077669903,13,4,3,52,0
u-0444,2025-08-01,180,3,3,2,2,9,9,1,2,4,0,31,590,0,147.5,Sweaters,0.6666666666666666,8,2,1.75,23,1
u-0445,2025-08-01,153,14,14,2,2,2,2,1,0,4,0,67,934,0,233.5,Jackets,0.7843137254901962,2,3,2.5,7,0
u-0446,2025-08-01,114,0,0,5,5,21,21,2,2,4,0,36,1052.16,0,263.04,Trousers,1.0526315789473684,11,5,3,51,0
u-0447,2025-08-01,186,3,3,3,3,11,11,2,2,4,1,3,840.16,112,210.04,Shoes,0.6451612903225806,9,3,2,30,0
u-0449,2025-08-01,174,0,0,5,5,18,18,3,2,4,0,42,684.68,0,171.17,Trousers,0.6896551724137931,9,2,2,46,0
u-0451,2025-08-01,79,21,21,1,1,4,4,0,0,2,0,31,545.2,0,272.6,Shirts,0.759493670886076,3,2,3.5,9,1
u-0452,2025-08-01,20,4,4,3,3,7,6,3,0,1,1,9,231.84,231.84,231.84,Shoes,1,5,1,2,20,0
u-0453,2025-08-01,9,7,6,2,3,2,1,2,0,1,1,6,42,42,42,T-Shirts,1,1,1,1,8,0
u-0455,2025-08-01,157,92,92,0,0,0,0,0,0,1,0,148,104,0,104,Dresses,0.19108280254777069,0,1,1,0,1
u-0457,2025-08-01,206,93,93,0,0,0,0,0,0,3,0,169,733.48,0,244.49,Jackets,0.4368932038834952,0,2,2.6666666666666665,0,1
u-0458,2025-08-01,54,1,1,4,4,12,12,1,2,1,0,48,264.96,0,264.96,Accessories,0.5555555555555556,9,1,3,31,0
u-0465,2025-08-01,66,1,1,10,10,41,41,4,1,2,1,8,429.44,170,214.72,Shirts,0.9090909090909091,14,1,3,98,0
u-0467,2025-08-01,67,0,0,3,3,11,11,2,0,2,1,10,441.88,311.88,220.94,Accessories,0.8955223880597015,9,3,3,28,1
u-0469,2025-08-01,159,18,18,2,2,7,7,1,1,3,0,71,491.52,0,163.84,Accessories,0.5660377358490566,6,2,2,18,0
u-0470,2025-08-01,210,50,50,0,0,0,0,0,0,4,0,59,1555.44,0,388.86,Outerwear,0.5714285714285714,0,3,2.5,0,1
u-0472,2025-08-01,184,8,8,2,2,11,11,1,1,3,0,32,304,0,101.33,Shirts,0.48913043478260865,7,1,1.3333333333333333,26,1
u-0473,2025-08-01,15,4,4,3,3,4,3,2,0,1,1,13,42,42,42,T-Shirts,1,3,1,1,13,0
u-0474,2025-08-01,78,4,4,3,3,12,12,1,0,1,0,67,217,0,217,Trousers,0.3846153846153846,7,2,3,28,0
u-0475,2025-08-01,57,7,7,2,2,7,7,0,0,2,0,35,372.24,0,186.12,Jackets,1.0526315789473684,6,1,2,16,0
u-0477,2025-08-01,134,11,11,3,3,9,9,1,1,2,0,64,410.88,0,205.44,Accessories,0.44776119402985076,7,2,2.5,23,0
u-0478,2025-08-01,154,9,9,2,2,11,11,1,0,4,1,9,862.96,192,215.74,Accessories,0.7792207792207791,7,4,2.75,26,1
u-0481,2025-08-01,130,0,0,5,5,19,19,4,1,4,0,71,786.64,0,196.66,Sweaters,0.9230769230769231,12,4,2.25,48,0
u-0485,2025-08-01,83,1,1,7,7,27,27,4,2,2,1,16,597.04,402.04,298.52,Jackets,0.7228915662650602,13,3,3,68,0
u-0487,2025-08-01,85,1,1,5,5,19,19,5,1,4,1,9,825.56,118,206.39,Outerwear,1.4117647058823528,14,5,1.75,50,0
u-0488,2025-08-01,114,3,3,4,4,9,9,2,0,2,1,3,1010.16,638.48,505.08,Outerwear,0.5263157894736842,8,4,4,25,0
u-0489,2025-08-01,166,2,2,3,3,15,15,1,0,5,0,41,1310.4,0,262.08,Shoes,0.9036144578313253,8,1,2.2,34,0
u-0490,2025-08-01,18,9,9,2,2,2,1,2,0,1,1,9,258.52,258.52,258.52,Outerwear,1,1,2,2,8,0
u-0491,2025-08-01,206,31,31,0,0,0,0,0,0,2,0,105,598,0,299,Sweaters,0.29126213592233013,0,2,3.5,0,1
u-0492,2025-08-01,181,10,10,2,2,8,8,2,0,4,1,23,743.56,234.6,185.89,Jackets,0.6629834254143646,4,3,2,21,0
u-0493,2025-08-01,94,4,4,4,4,17,17,0,2,2,0,71,420,0,210,Trousers,0.6382978723404256,11,2,2,40,0
u-0494,2025-08-01,131,4,4,3,3,12,12,0,1,3,0,30,325,0,108.33,T-Shirts,0.6870229007633588,10,3,2.3333333333333335,28,1
u-0495,2025-08-01,26,6,6,3,3,4,3,3,0,1,1,15,102,102,102,T-Shirts,1,3,1,3,14,0
u-0497,2025-08-01,153,2,1,3,3,9,9,4,0,3,1,2,633,242,211,Shoes,0.5882352941176471,8,4,2.6666666666666665,26,0
u-0499,2025-08-01,129,7,7,2,2,2,2,1,0,2,0,80,360.32,0,180.16,T-Shirts,0.46511627906976744,2,3,2.5,7,1
u-0500,2025-08-01,11,2,2,5,5,15,14,3,2,2,2,4,632.96,632.96,316.48,Accessories,2,9,2,4,41,0
u-0501,2025-08-01,132,5,5,5,5,20,20,4,2,5,1,10,850.52,208,170.1,Shirts,1.1363636363636362,12,4,2,52,0
u-0503,2025-08-01,209,13,13,2,2,2,2,0,0,7,0,81,3162.12,0,451.73,Outerwear,1.0047846889952152,2,6,3.142857142857143,6,1
u-0505,2025-08-01,187,69,69,0,0,0,0,0,0,3,0,139,689.72,0,229.91,Dresses,0.48128342245989303,0,2,2.3333333333333335,0,0
u-0511,2025-08-01,62,10,10,2,2,10,10,0,1,1,0,52,185,0,185,Outerwear,0.48387096774193544,8,1,1,23,0
u-0513,2025-08-01,88,1,1,7,7,32,32,8,3,5,3,4,590,414,118,Trousers,1.7045454545454546,14,3,1.2,85,0
u-0516,2025-08-01,12,7,6,2,3,2,1,2,0,1,1,6,340.4,340.4,340.4,Outerwear,1,1,1,2,8,0
u-0518,2025-08-01,167,4,4,4,4,16,16,4,2,3,1,27,658.48,316.48,219.49,Shirts,0.5389221556886228,12,3,2.6666666666666665,43,0
u-0519,2025-08-01,168,3,3,4,4,10,10,3,1,6,2,8,1450.4,548.32,241.73,Jackets,1.0714285714285714,9,4,2.5,30,0
u-0522,2025-08-01,164,4,4,3,3,12,12,0,2,4,0,51,678,0,169.5,Jackets,0.7317073170731707,10,2,1.75,29,0
u-0525,2025-08-01,12,4,3,2,3,2,1,2,0,1,1,3,687.24,687.24,687.24,Outerwear,1,1,2,5,8,0
u-0528,2025-08-01,9,1,1,2,2,2,1,2,0,1,1,1,92,92,92,Shirts,1,1,1,1,8,0
u-0531,2025-08-01,175,8,8,1,1,1,1,1,0,3,0,72,670.32,0,223.44,T-Shirts,0.5142857142857143,1,4,3,4,0
u-0532,2025-08-01,17,11,11,2,2,2,1,2,0,1,1,11,371.68,371.68,371.68,Dresses,1,1,2,4,8,1
u-0534,2025-08-01,166,1,1,2,2,7,7,2,0,6,1,1,1383.6,334.88,230.6,Shoes,1.0843373493975903,6,3,2,19,1
u-0537,2025-08-01,105,3,3,4,4,13,13,5,0,4,2,3,1169.2,719.44,292.3,Sweaters,1.1428571428571428,8,1,3.5,37,0
u-0538,2025-08-01,116,1,1,5,5,20,20,4,4,4,1,1,749.12,240,187.28,Accessories,1.0344827586206897,9,2,2.25,54,0
u-0539,2025-08-01,153,2,2,3,3,12,12,2,2,3,0,37,774.28,0,258.09,Jackets,0.5882352941176471,9,2,2.6666666666666665,31,0
u-0540,2025-08-01,204,4,4,4,4,19,19,1,3,4,0,41,740.88,0,185.22,Shoes,0.5882352941176471,12,3,1.75,46,0
u-0542,2025-08-01,185,3,3,4,4,15,15,1,2,7,1,7,2437.44,427.8,348.21,Outerwear,1.135135135135135,10,6,2.5714285714285716,38,0
u-0546,2025-08-01,106,4,4,4,4,17,17,3,2,3,1,23,825.28,489.44,275.09,Shoes,0.8490566037735849,12,2,2.3333333333333335,44,0
u-0547,2025-08-01,87,7,7,2,2,12,12,1,1,2,1,22,576.84,282.44,288.42,Dresses,0.6896551724137931,9,3,3,29,0
u-0549,2025-08-01,158,26,26,1,1,1,1,0,0,3,0,78,762.28,0,254.09,Outerwear,0.569620253164557,1,4,2,3,1
u-0552,2025-08-01,51,6,6,3,3,11,11,2,2,1,0,40,390.08,0,390.08,Dresses,0.5882352941176471,8,3,4,29,1
u-0554,2025-08-01,44,8,8,3,3,10,10,2,1,1,0,34,316.48,0,316.48,Shoes,0.6818181818181819,7,2,3,26,0
u-0556,2025-08-01,50,17,17,1,1,1,1,0,0,1,0,39,287.04,0,287.04,Dresses,0.6,1,1,3,3,0
u-0557,2025-08-01,86,1,1,4,4,14,14,1,0,2,0,42,304,0,152,Sweaters,0.6976744186046512,10,1,1.5,33,1
u-0558,2025-08-01,12,1,1,2,2,2,1,2,0,1,1,1,541.88,541.88,541.88,Outerwear,1,1,2,4,8,0
u-0559,2025-08-01,108,0,0,4,4,17,17,5,1,4,2,0,564,424,141,Sweaters,1.1111111111111112,11,2,1.5,46,0
u-0560,2025-08-01,141,63,63,0,0,0,0,0,0,2,0,111,515.2,0,257.6,Shirts,0.425531914893617,0,1,3.5,0,1
u-0561,2025-08-01,83,9,8,3,3,10,10,4,0,1,1,27,345,345,345,Shoes,0.3614457831325301,7,2,3,28,0
u-0562,2025-08-01,205,4,4,4,4,17,17,4,2,6,2,4,933.24,369.24,155.54,Trousers,0.8780487804878049,11,3,1.6666666666666667,46,0
u-0564,2025-08-01,123,9,9,2,2,6,6,2,1,3,1,22,434,198,144.67,Jackets,0.7317073170731708,5,3,2,18,0
u-0565,2025-08-01,178,4,4,2,2,7,7,2,2,3,0,67,752.2,0,250.73,Accessories,0.5056179775280899,6,4,2.6666666666666665,20,0
u-0566,2025-08-01,211,3,3,6,6,26,26,4,3,5,1,12,834,202,166.8,Accessories,0.7109004739336493,13,2,2,66,0
u-0570,2025-08-01,50,1,1,8,8,24,24,2,2,2,1,11,531.04,198,265.52,Jackets,1.2,13,3,2.5,61,0
u-0574,2025-08-01,3,1,1,2,2,2,1,2,0,1,1,1,147,147,147,Accessories,1,1,2,2,8,1
u-0578,2025-08-01,65,3,3,4,4,13,13,3,0,2,0,44,297,0,148.5,Jackets,0.9230769230769231,8,1,1.5,33,1
u-0579,2025-08-01,131,4,4,3,3,17,17,4,1,6,2,4,1415.16,457.44,235.86,Jackets,1.3740458015267176,12,4,2.5,44,0
u-0580,2025-08-01,24,3,3,4,4,7,6,4,0,1,1,16,92,92,92,Shirts,1,5,1,1,22,0
u-0584,2025-08-01,50,7,7,3,3,13,13,0,2,2,0,32,582.72,0,291.36,Dresses,1.2,9,2,3.5,31,0
u-0585,2025-08-01,151,10,10,2,2,9,9,1,1,4,0,35,1301.2,0,325.3,Outerwear,0.794701986754967,6,2,2,22,1
u-0586,2025-08-01,54,4,4,4,4,13,13,2,0,2,0,32,686.4,0,343.2,Dresses,1.1111111111111112,9,1,3.5,32,0
u-0588,2025-08-01,30,1,1,3,4,6,5,4,1,2,2,9,606.28,606.28,303.14,Outerwear,2,4,2,2,21,0
u-0589,2025-08-01,139,83,83,0,0,0,0,0,0,1,0,132,380.88,0,380.88,Sweaters,0.2158273381294964,0,1,4,0,1
u-0590,2025-08-01,91,0,0,9,9,43,43,4,2,3,1,12,515.68,42,171.89,T-Shirts,0.989010989010989,14,2,2.3333333333333335,102,0
u-0592,2025-08-01,157,0,0,8,8,35,35,3,3,6,1,27,1816.2,231.84,302.7,Sweaters,1.1464968152866242,15,4,3.1666666666666665,85,0
u-0593,2025-08-01,26,8,8,3,3,5,4,3,0,1,1,20,246.56,246.56,246.56,Shirts,1,4,2,3,16,0
u-0594,2025-08-01,164,40,40,0,0,0,0,0,0,3,0,130,585.52,0,195.17,Accessories,0.5487804878048781,0,3,2,0,0
u-0595,2025-08-01,126,4,4,3,3,17,17,2,1,4,1,14,903.76,250.24,225.94,Trousers,0.9523809523809523,10,2,2.75,41,0
u-0596,2025-08-01,112,2,2,4,4,16,16,3,1,4,1,27,834.6,224,208.65,Shirts,1.0714285714285714,6,3,2.25,41,0
u-0597,2025-08-01,30,9,9,2,3,8,7,3,0,1,1,20,208,208,208,T-Shirts,1,7,2,3,21,0
u-0599,2025-08-01,54,0,0,3,3,11,11,2,2,1,0,44,42,0,42,T-Shirts,0.5555555555555556,8,1,1,29,0
u-0602,2025-08-01,53,0,0,3,3,7,7,1,0,2,1,0,461.92,208,230.96,Dresses,1.1320754716981132,5,2,2.5,19,0
u-0605,2025-08-01,107,2,2,5,5,14,14,3,0,3,0,43,608,0,202.67,Shoes,0.8411214953271028,9,3,2,36,0
u-0608,2025-08-01,38,10,10,2,2,9,9,1,1,1,0,34,263.12,0,263.12,Trousers,0.7894736842105263,7,1,3,22,0
u-0609,2025-08-01,134,3,3,4,4,17,17,2,2,4,0,47,990.2,0,247.55,Trousers,0.8955223880597015,12,3,3,42,0
u-0611,2025-08-01,155,139,139,0,0,0,0,0,0,1,0,148,510.6,0,510.6,Outerwear,0.1935483870967742,0,1,3,0,1
u-0613,2025-08-01,27,4,4,6,6,19,18,4,1,1,1,22,443.44,443.44,443.44,Outerwear,1,12,2,3,49,0
u-0615,2025-08-01,56,5,5,1,1,1,1,0,0,1,0,48,188,0,188,T-Shirts,0.5357142857142857,1,2,3,3,1
u-0617,2025-08-01,123,18,18,2,2,7,7,2,0,6,1,29,1131.6,255.76,188.6,Sweaters,1.4634146341463417,4,3,2,19,0
u-0619,2025-08-01,93,8,8,3,3,11,11,2,1,2,0,55,1021.2,0,510.6,Outerwear,0.6451612903225806,9,1,3,28,0
u-0624,2025-08-01,95,7,6,3,3,11,11,1,1,1,0,62,353.28,0,353.28,Sweaters,0.31578947368421056,7,3,4,27,0
u-0626,2025-08-01,123,2,2,3,3,11,11,3,1,5,1,22,456,42,91.2,T-Shirts,1.2195121951219514,9,2,2,30,0
u-0628,2025-08-01,80,15,15,1,1,1,1,1,0,1,0,78,340.4,0,340.4,Outerwear,0.375,1,1,2,4,0
u-0630,2025-08-01,161,6,6,3,3,12,12,4,1,4,2,17,689.04,318,172.26,Sweaters,0.7453416149068324,9,4,2,34,0
u-0640,2025-08-01,142,7,7,3,3,13,13,3,2,4,1,17,723.36,264.96,180.84,T-Shirts,0.8450704225352113,10,3,2.25,35,0
u-0641,2025-08-01,196,0,0,3,3,10,10,3,0,5,1,14,1311.52,273.24,262.3,Jackets,0.7653061224489796,8,4,3,27,0
u-0647,2025-08-01,53,7,7,2,2,10,10,1,0,1,0,48,238,0,238,Trousers,0.5660377358490566,9,2,3,23,0
u-0648,2025-08-01,67,8,8,3,3,9,9,4,0,2,1,16,435.44,351.44,217.72,Trousers,0.8955223880597015,5,2,2.5,26,0
u-0652,2025-08-01,170,147,147,0,0,0,0,0,0,1,0,159,110,0,110,Sweaters,0.1764705882352941,0,1,1,0,1
u-0653,2025-08-01,98,9,9,3,3,8,8,1,1,2,0,85,209,0,104.5,Jackets,0.6122448979591837,6,2,1,21,0
u-0654,2025-08-01,203,7,7,4,4,17,17,3,1,7,1,12,2256.92,294.4,322.42,Shoes,1.0344827586206897,12,4,3.142857142857143,43,0
u-0657,2025-08-01,167,13,13,2,2,5,5,2,0,3,1,20,525.48,247.48,175.16,Sweaters,0.5389221556886228,4,2,1.6666666666666667,15,0
u-0658,2025-08-01,202,14,14,2,2,5,5,2,0,6,0,33,868,0,144.67,Shirts,0.8910891089108911,3,2,1.8333333333333333,14,1
u-0661,2025-08-01,129,2,2,3,3,3,3,0,0,4,0,73,773.24,0,193.31,Jackets,0.9302325581395349,2,3,2.25,9,0
u-0663,2025-08-01,140,62,62,0,0,0,0,0,0,4,0,69,798.24,0,199.56,Trousers,0.8571428571428571,0,2,2.25,0,0
u-0665,2025-08-01,55,4,4,7,7,19,19,5,1,3,2,16,349,239,116.33,T-Shirts,1.6363636363636365,10,3,2,53,0
u-0671,2025-08-01,180,141,141,0,0,0,0,0,0,1,0,170,237.36,0,237.36,Shoes,0.16666666666666666,0,3,3,0,1
u-0674,2025-08-01,144,108,108,0,0,0,0,0,0,1,0,135,349.6,0,349.6,Shoes,0.20833333333333334,0,3,4,0,1
u-0675,2025-08-01,185,136,136,0,0,0,0,0,0,3,0,152,895.84,0,298.61,Shoes,0.48648648648648646,0,3,2.6666666666666665,0,1
u-0677,2025-08-01,156,0,0,9,9,37,37,6,5,5,1,2,889.08,273.24,177.82,Jackets,0.9615384615384615,15,4,2,95,0
u-0679,2025-08-01,51,12,12,2,2,6,6,1,1,1,0,47,156,0,156,Shirts,0.5882352941176471,5,1,2,16,0
u-0681,2025-08-01,148,4,4,2,2,3,3,0,0,5,1,11,630,104,126,Dresses,1.0135135135135134,3,2,1.2,9,0
u-0682,2025-08-01,180,3,3,8,8,35,35,4,1,6,1,10,1399.52,96,233.25,Trousers,1,12,1,2.6666666666666665,84,0
u-0684,2025-08-01,89,29,29,1,1,1,1,1,0,1,0,87,156,0,156,T-Shirts,0.33707865168539325,1,2,3,4,1
u-0686,2025-08-01,29,8,8,3,4,4,3,3,1,1,1,21,257.6,257.6,257.6,Trousers,1,3,1,3,15,0
u-0688,2025-08-01,26,11,11,3,3,6,5,3,0,2,2,11,530.64,530.64,265.32,Shirts,2,5,3,3,19,0
u-0689,2025-08-01,33,15,15,2,2,2,1,2,0,1,1,27,185,185,185,Outerwear,0.9090909090909091,1,1,1,8,1
u-0690,2025-08-01,46,0,0,5,5,26,26,2,2,1,0,39,274.16,0,274.16,Trousers,0.6521739130434783,15,2,4,61,0
u-0696,2025-08-01,24,2,2,4,5,14,13,4,2,1,1,17,369.84,369.84,369.84,Shirts,1,7,2,4,38,0
u-0697,2025-08-01,29,14,14,3,3,3,2,2,0,1,1,21,185,185,185,Outerwear,1,2,1,1,11,0
u-0698,2025-08-01,154,3,3,1,1,1,1,0,0,2,0,75,416,0,208,Accessories,0.3896103896103896,1,3,3,3,1
u-0700,2025-08-01,129,2,2,6,6,26,26,3,6,7,2,2,1757.72,447.68,251.1,Sweaters,1.627906976744186,14,4,2.4285714285714284,69,0
u-0701,2025-08-01,93,3,3,2,2,8,8,1,1,4,1,3,747.24,99,186.81,Jackets,1.2903225806451613,7,3,1.75,21,0
u-0703,2025-08-01,149,2,2,7,7,29,29,2,1,3,0,40,745.76,0,248.59,Shirts,0.6040268456375839,14,3,2.6666666666666665,68,0
u-0705,2025-08-01,152,2,2,4,4,13,13,4,2,2,0,62,209,0,104.5,T-Shirts,0.39473684210526316,10,2,2,36,0
u-0706,2025-08-01,174,6,6,3,3,12,12,3,2,4,1,6,870.64,112,217.66,Shoes,0.6896551724137931,9,4,2,33,0
u-0709,2025-08-01,189,89,89,0,0,0,0,0,0,3,0,140,596.2,0,198.73,Accessories,0.4761904761904762,0,4,2.3333333333333335,0,1
u-0710,2025-08-01,198,9,9,2,2,10,10,0,1,3,0,76,688.2,0,229.4,Dresses,0.4545454545454546,9,3,2.3333333333333335,23,0
u-0711,2025-08-01,139,35,35,0,0,0,0,0,0,1,0,129,271.4,0,271.4,Outerwear,0.2158273381294964,0,2,2,0,1
u-0712,2025-08-01,40,3,3,2,2,11,11,1,1,2,1,17,464.8,198,232.4,Jackets,1.5,9,2,2.5,27,0
u-0713,2025-08-01,123,5,5,2,2,5,5,2,1,3,0,30,1082,0,360.67,Outerwear,0.7317073170731708,4,2,2.3333333333333335,15,0
u-0714,2025-08-01,8,0,0,3,3,8,7,2,0,1,1,4,78,78,78,Shirts,1,7,1,1,21,0
u-0718,2025-08-01,186,2,2,9,9,44,44,4,3,7,1,27,1067.84,170,152.55,Shirts,1.129032258064516,16,5,1.5714285714285714,105,0
u-0720,2025-08-01,64,6,6,2,2,11,11,2,0,2,0,31,489.44,0,244.72,Jackets,0.9375,9,3,3.5,26,0
u-0721,2025-08-01,156,5,5,3,3,11,11,1,0,2,0,52,286,0,143,Trousers,0.3846153846153846,8,2,2,26,0
u-0722,2025-08-01,74,37,37,0,0,0,0,0,0,2,0,51,351.12,0,175.56,Trousers,0.8108108108108107,0,1,2,0,1
u-0728,2025-08-01,159,47,47,0,0,0,0,0,0,2,0,67,467.2,0,233.6,Accessories,0.37735849056603776,0,2,2.5,0,0
u-0730,2025-08-01,177,21,21,2,2,3,3,1,1,5,0,45,1640,0,328,Shoes,0.847457627118644,3,3,3.2,10,0
u-0732,2025-08-01,46,4,4,4,4,13,13,4,1,2,1,27,297,99,148.5,Jackets,1.3043478260869565,8,1,1.5,36,0
u-0735,2025-08-01,42,9,9,3,3,13,13,3,1,1,0,40,110,0,110,Sweaters,0.7142857142857143,7,1,1,33,1
u-0736,2025-08-01,121,15,15,2,2,6,6,1,0,2,0,39,312,0,156,Dresses,0.49586776859504134,5,1,1.5,15,1
u-0738,2025-08-01,194,1,1,4,4,14,14,3,1,4,0,32,633.12,0,158.28,Trousers,0.6185567010309279,9,2,1.75,36,0
u-0739,2025-08-01,202,15,15,1,1,1,0,0,0,4,0,124,708,0,177,Dresses,0.594059405940594,0,2,1.75,2,1
u-0740,2025-08-01,51,8,8,4,4,14,14,3,2,1,0,47,232,0,232,Shirts,0.5882352941176471,9,2,2,37,1
u-0744,2025-08-01,116,0,0,4,4,19,19,4,1,4,2,0,1044.8,375.04,261.2,Shoes,1.0344827586206897,13,3,2.5,49,0
u-0745,2025-08-01,151,2,2,3,3,11,11,3,1,6,1,13,2038.96,140,339.83,Outerwear,1.1920529801324504,8,3,2.1666666666666665,30,0
u-0746,2025-08-01,81,0,0,3,3,13,13,2,0,2,0,35,180,0,90,Trousers,0.7407407407407407,9,2,1,31,0
u-0747,2025-08-01,199,4,4,7,7,27,27,4,3,5,1,19,577,219,115.4,T-Shirts,0.7537688442211055,12,4,1.8,69,0
u-0755,2025-08-01,35,4,4,5,5,17,16,6,0,1,1,25,235.52,235.52,235.52,Shoes,0.8571428571428571,12,3,3,45,0
u-0756,2025-08-01,116,0,0,9,9,36,36,7,2,5,2,4,1015.92,461.6,203.18,Shirts,1.293103448275862,13,3,2.4,92,0
u-0759,2025-08-01,80,7,7,2,2,9,9,1,1,2,0,43,378.4,0,189.2,Sweaters,0.75,7,2,3,22,0
u-0760,2025-08-01,27,24,24,2,2,2,1,2,0,1,1,24,144,144,144,Sweaters,1,1,2,2,8,1
u-0761,2025-08-01,143,8,8,3,3,8,8,4,1,6,1,26,1466.6,163,244.43,Trousers,1.2587412587412588,7,5,2.5,25,0
u-0763,2025-08-01,74,0,0,3,3,11,11,2,0,2,0,42,824.4,0,412.2,Outerwear,0.8108108108108107,9,2,2.5,27,0
u-0765,2025-08-01,36,7,7,4,5,14,13,4,2,1,1,25,136,136,136,T-Shirts,0.8333333333333334,9,1,4,38,0
u-0766,2025-08-01,41,7,7,3,3,13,13,2,1,1,0,38,287.04,0,287.04,Dresses,0.7317073170731707,8,1,3,32,0
u-0767,2025-08-01,64,5,5,4,4,16,16,2,2,1,0,55,382.72,0,382.72,Accessories,0.46875,9,2,4,40,0
u-0768,2025-08-01,120,6,6,2,2,5,5,2,1,4,1,19,902.04,228,225.51,Trousers,1,5,2,2.5,16,0
u-0770,2025-08-01,7,5,5,2,2,2,1,2,0,1,1,5,360.64,360.64,360.64,Accessories,1,1,2,4,8,0
u-0771,2025-08-01,51,1,1,4,4,10,10,1,2,1,0,41,247.48,0,247.48,Outerwear,0.5882352941176471,5,2,2,27,0
u-0772,2025-08-01,116,42,42,0,0,0,0,0,0,1,0,112,216,0,216,Accessories,0.25862068965517243,0,1,3,0,1
u-0773,2025-08-01,131,10,10,2,2,7,7,2,1,4,1,10,1175.32,364.32,293.83,Jackets,0.9160305343511451,6,5,3.5,20,0
u-0775,2025-08-01,19,0,0,3,3,5,4,3,0,1,1,10,78,78,78,Shirts,1,4,1,1,16,0
u-0776,2025-08-01,71,1,1,2,2,2,2,1,0,2,1,1,238,92,119,Shirts,0.8450704225352113,2,1,1.5,8,0
u-0777,2025-08-01,79,6,6,2,2,9,9,2,0,3,1,20,403,194,134.33,Jackets,1.139240506329114,7,3,1.3333333333333333,23,1
u-0778,2025-08-01,105,1,1,3,3,12,12,4,0,3,1,1,683.92,214,227.97,Shirts,0.8571428571428571,8,2,3,32,0
u-0783,2025-08-01,145,0,0,5,5,19,19,4,1,4,0,45,930.48,0,232.62,Shoes,0.8275862068965518,12,2,2,48,0
u-0788,2025-08-01,140,2,2,6,6,26,26,5,4,5,0,36,981.2,0,196.24,Sweaters,1.0714285714285714,14,3,2.2,67,0
u-0789,2025-08-01,20,3,3,4,4,11,10,3,2,1,1,14,238,238,238,Shirts,1,8,1,3,31,0
u-0791,2025-08-01,191,42,42,0,0,0,0,0,0,4,0,121,784.8,0,196.2,Sweaters,0.6282722513089005,0,2,2.25,0,1
u-0792,2025-08-01,98,41,41,0,0,0,0,0,0,2,0,77,198,0,99,Jackets,0.6122448979591837,0,1,1,0,1
u-0793,2025-08-01,104,0,0,8,8,29,29,7,2,4,2,0,1163.52,574.56,290.88,Shoes,1.1538461538461537,15,4,2.75,77,1
u-0798,2025-08-01,47,1,1,3,3,11,11,1,2,1,0,39,112,0,112,Shoes,0.6382978723404256,8,1,1,28,0
u-0799,2025-08-01,88,19,19,1,1,1,1,0,0,1,0,79,263.12,0,263.12,Trousers,0.34090909090909094,1,1,3,3,1
u-0800,2025-08-01,27,1,1,5,6,11,10,2,2,1,1,18,463.68,463.68,463.68,Shoes,1,8,2,4,31,0
u-0801,2025-08-01,64,3,3,6,6,17,17,1,1,2,0,44,445.88,0,222.94,Dresses,0.9375,12,4,3,42,0
u-0802,2025-08-01,10,8,8,2,2,2,1,2,0,1,1,8,242.88,242.88,242.88,Accessories,1,1,1,4,8,1
u-0805,2025-08-01,135,6,6,3,3,13,13,2,1,3,0,48,679.04,0,226.35,Jackets,0.6666666666666666,11,4,2.3333333333333335,32,0
u-0812,2025-08-01,40,0,0,6,6,23,23,5,1,2,1,6,208,104,104,Dresses,1.5,12,1,1,59,0
u-0814,2025-08-01,12,2,2,2,2,2,1,2,0,1,1,2,253.92,253.92,253.92,Shirts,1,1,2,3,8,0
u-0815,2025-08-01,67,6,6,7,7,31,31,4,2,3,1,27,1320.2,510.6,440.07,Outerwear,1.3432835820895521,13,2,2.6666666666666665,76,0
u-0816,2025-08-01,11,3,3,2,2,2,1,2,0,1,1,3,271.4,271.4,271.4,Jackets,1,1,3,3,8,0
u-0818,2025-08-01,187,76,76,0,0,0,0,0,0,4,0,128,982.28,0,245.57,Trousers,0.6417112299465241,0,3,2.5,0,1
u-0819,2025-08-01,195,4,4,4,4,17,17,2,1,6,1,10,1158.76,99,193.13,Jackets,0.9230769230769231,10,4,1.8333333333333333,42,0
u-0820,2025-08-01,96,9,9,2,2,11,11,2,0,2,1,20,196,56,98,Accessories,0.625,10,2,1,27,0
u-0821,2025-08-01,149,0,0,6,6,26,26,6,3,5,1,9,1633.32,510.6,326.66,Outerwear,1.006711409395973,14,2,2.2,68,0
u-0822,2025-08-01,44,4,4,5,5,20,20,3,1,1,0,35,194,0,194,Sweaters,0.6818181818181819,13,1,2,49,0
u-0824,2025-08-01,112,1,1,4,4,19,19,4,1,4,1,15,547.52,136,136.88,T-Shirts,1.0714285714285714,13,4,2.5,48,0
u-0825,2025-08-01,165,3,3,4,4,16,16,4,1,6,2,3,1445.12,608.08,240.85,Shirts,1.0909090909090908,10,4,2.6666666666666665,43,0
u-0831,2025-08-01,105,1,1,3,3,5,5,0,0,4,0,38,1325.72,0,331.43,Outerwear,1.1428571428571428,5,4,2.5,13,1
u-0833,2025-08-01,85,4,4,2,2,7,7,0,2,1,0,83,188,0,188,Dresses,0.3529411764705882,6,2,2,18,0
u-0834,2025-08-01,86,6,6,3,3,14,14,3,0,2,1,17,528.64,360.64,264.32,Accessories,0.6976744186046512,10,2,3,35,0
u-0836,2025-08-01,142,18,18,1,1,1,1,1,0,1,0,135,231,0,231,Shirts,0.2112676056338028,1,2,3,4,0
u-0837,2025-08-01,47,1,1,1,1,1,1,0,0,1,0,45,208,0,208,Dresses,0.6382978723404256,1,1,2,3,1
u-0838,2025-08-01,147,11,11,2,2,5,5,0,0,3,0,44,473,0,157.67,Shirts,0.6122448979591836,5,3,2,12,0
u-0841,2025-08-01,138,6,6,3,3,15,15,2,1,2,0,56,366.72,0,183.36,Jackets,0.4347826086956522,7,2,2,36,0
u-0843,2025-08-01,16,6,6,3,3,5,4,4,0,2,2,6,467.92,467.92,233.96,Jackets,2,4,2,2.5,18,0
u-0844,2025-08-01,84,5,5,3,3,9,9,3,1,2,1,25,292,56,146,Accessories,0.7142857142857143,7,2,2,26,0
u-0847,2025-08-01,165,10,10,2,2,8,8,2,1,4,1,20,1944.96,680.8,486.24,Outerwear,0.7272727272727273,6,2,3.25,22,0
u-0850,2025-08-01,102,36,36,0,0,0,0,0,0,1,0,91,257.6,0,257.6,Shoes,0.29411764705882354,0,1,2,0,1
u-0851,2025-08-01,204,16,16,2,2,7,7,1,1,3,0,37,532.16,0,177.39,T-Shirts,0.4411764705882353,5,3,2.6666666666666665,18,0
u-0852,2025-08-01,51,4,4,5,5,20,20,2,0,2,1,21,470.12,92,235.06,Dresses,1.1764705882352942,13,3,2.5,48,0
u-0853,2025-08-01,147,2,2,6,6,21,21,3,3,4,0,42,942.88,0,235.72,Sweaters,0.8163265306122448,12,4,2.5,54,0
u-0854,2025-08-01,173,2,2,5,5,21,21,3,2,6,1,8,1469.16,596.16,244.86,Sweaters,1.0404624277456647,12,4,2.1666666666666665,53,0
u-0856,2025-08-01,207,39,39,0,0,0,0,0,0,3,0,147,563,0,187.67,Jackets,0.43478260869565216,0,2,2,0,1
u-0857,2025-08-01,135,15,14,2,2,6,6,2,0,1,0,54,185,0,185,Outerwear,0.2222222222222222,5,1,1,16,1
u-0858,2025-08-01,130,10,10,1,1,1,0,0,0,1,0,123,224,0,224,Shoes,0.23076923076923078,0,1,2,2,1
u-0859,2025-08-01,85,6,6,3,3,17,17,2,1,2,1,16,379.36,283.36,189.68,Accessories,0.7058823529411764,10,3,2,41,0
u-0865,2025-08-01,40,3,3,8,8,30,30,6,2,2,1,27,356.56,110,178.28,Sweaters,1.5,15,2,2,77,0
u-0866,2025-08-01,160,5,5,6,6,26,26,4,4,5,0,33,1430.8,0,286.16,Jackets,0.9375,13,3,3.2,66,0
u-0867,2025-08-01,85,7,7,2,2,11,11,2,0,2,1,7,261,76,130.5,T-Shirts,0.7058823529411764,7,2,1.5,27,0
u-0874,2025-08-01,117,4,4,1,1,1,1,0,0,2,0,88,132,0,66,T-Shirts,0.5128205128205129,1,2,1.5,3,0
u-0877,2025-08-01,39,2,2,5,5,19,19,4,3,1,0,33,92,0,92,Shirts,0.7692307692307692,13,1,1,50,0
u-0878,2025-08-01,66,7,7,5,5,24,24,2,3,3,2,7,490.72,320.72,163.57,T-Shirts,1.3636363636363635,11,3,3.3333333333333335,60,0
u-0880,2025-08-01,115,53,53,0,0,0,0,0,0,1,0,109,340.4,0,340.4,Outerwear,0.2608695652173913,0,1,2,0,0
u-0881,2025-08-01,100,0,0,8,8,35,35,8,6,5,3,2,852,526,170.4,Shirts,1.5,14,1,2.2,95,0
u-0882,2025-08-01,102,6,6,3,3,13,13,4,2,3,1,14,639,198,213,Jackets,0.8823529411764706,10,3,2.3333333333333335,36,0
u-0883,2025-08-01,193,9,9,2,2,8,8,0,1,4,0,56,674.56,0,168.64,Sweaters,0.6217616580310881,7,3,1.5,19,1
u-0885,2025-08-01,162,4,4,4,4,18,18,3,2,4,1,4,802,244,200.5,Sweaters,0.7407407407407407,10,3,2.25,46,1
u-0889,2025-08-01,115,1,1,2,2,2,2,0,0,4,0,71,1172.12,0,293.03,Dresses,1.0434782608695652,2,4,2.75,6,1
u-0890,2025-08-01,156,2,2,6,6,20,20,4,2,6,1,27,497,92,82.83,T-Shirts,1.1538461538461537,11,4,1.6666666666666667,53,0
u-0892,2025-08-01,153,5,5,4,4,15,15,4,2,2,0,82,718.4,0,359.2,Dresses,0.3921568627450981,11,2,3.5,40,0
u-0893,2025-08-01,161,87,87,0,0,0,0,0,0,1,0,159,110,0,110,Sweaters,0.1863354037267081,0,1,1,0,1
u-0895,2025-08-01,149,73,73,0,0,0,0,0,0,1,0,146,364.32,0,364.32,Jackets,0.20134228187919462,0,1,4,0,1
u-0899,2025-08-01,134,13,13,2,2,7,7,1,1,3,0,38,1118.72,0,372.91,Dresses,0.6716417910447761,6,2,3.6666666666666665,18,0
u-0900,2025-08-01,88,0,0,6,6,31,31,3,3,4,1,0,743,183,185.75,Sweaters,1.3636363636363638,15,2,2,75,0
u-0904,2025-08-01,203,104,104,0,0,0,0,0,0,1,0,198,99,0,99,Jackets,0.1477832512315271,0,1,1,0,1
u-0908,2025-08-01,64,0,0,4,4,14,14,5,0,3,2,0,544,328,181.33,Accessories,1.40625,9,3,2,39,0
u-0909,2025-08-01,43,9,9,3,3,14,14,2,1,1,0,35,231.84,0,231.84,Shoes,0.6976744186046512,10,1,2,34,0
u-0910,2025-08-01,63,5,5,2,2,11,11,2,0,2,1,5,673.24,216,336.62,Dresses,0.9523809523809523,8,3,3,27,0
u-0912,2025-08-01,102,5,5,3,3,9,9,2,1,3,0,47,782.08,0,260.69,Dresses,0.8823529411764706,6,1,2.6666666666666665,24,0
u-0915,2025-08-01,42,11,11,2,2,6,6,1,0,1,0,35,176,0,176,Trousers,0.7142857142857143,5,1,2,15,0
u-0917,2025-08-01,179,7,7,2,2,2,2,1,0,2,0,116,649.52,0,324.76,Accessories,0.33519553072625696,2,2,3.5,7,1
u-0918,2025-08-01,118,33,33,0,0,0,0,0,0,5,0,46,1055.68,0,211.14,Trousers,1.2711864406779663,0,2,2.4,0,1
u-0919,2025-08-01,15,2,2,4,4,7,6,4,0,1,1,10,255.76,255.76,255.76,Sweaters,1,5,1,3,22,0
u-0921,2025-08-01,79,1,1,5,5,22,22,2,3,2,0,36,571.32,0,285.66,Jackets,0.759493670886076,14,3,3.5,54,0
u-0929,2025-08-01,141,3,3,3,3,12,12,5,1,5,2,3,1311.2,198,262.24,Jackets,1.0638297872340425,8,4,2.6,35,0
u-0931,2025-08-01,81,0,0,7,7,30,30,4,2,4,1,14,842.8,184,210.7,Shirts,1.4814814814814814,15,4,2.25,74,0
u-0932,2025-08-01,169,3,3,7,7,28,28,5,6,5,1,3,1029.08,112,205.82,Jackets,0.8875739644970414,14,6,2,75,0
u-0935,2025-08-01,162,0,0,2,2,5,5,2,0,3,1,0,847.44,371.68,282.48,Sweaters,0.5555555555555555,5,3,3,15,0
u-0937,2025-08-01,118,4,4,3,3,3,3,0,0,2,0,71,705.64,0,352.82,Sweaters,0.5084745762711864,3,4,4,9,0
u-0938,2025-08-01,76,2,2,1,1,1,1,0,0,1,0,69,412.16,0,412.16,Accessories,0.39473684210526316,1,2,4,3,1
u-0941,2025-08-01,14,1,1,4,4,6,5,4,0,2,2,1,606.28,606.28,303.14,Shoes,2,4,3,3,21,0
u-0942,2025-08-01,178,4,4,3,3,3,3,0,0,3,0,71,1294.44,0,431.48,Outerwear,0.5056179775280899,3,2,2.6666666666666665,9,0
u-0944,2025-08-01,195,0,0,4,4,10,10,4,0,7,1,12,1221.8,92,174.54,Shirts,1.0769230769230769,7,4,2,29,1
u-0947,2025-08-01,108,2,2,3,3,10,10,3,3,4,1,14,757.76,110,189.44,Trousers,1.1111111111111112,8,4,2,30,0
u-0953,2025-08-01,191,80,80,0,0,0,0,0,0,2,0,163,368.56,0,184.28,Jackets,0.31413612565445026,0,2,2,0,1
u-0954,2025-08-01,135,90,90,0,0,0,0,0,0,1,0,129,264.04,0,264.04,Trousers,0.2222222222222222,0,1,3,0,1
u-0955,2025-08-01,9,2,2,2,2,2,1,2,0,1,1,2,96,96,96,Trousers,1,1,1,1,8,0
u-0958,2025-08-01,208,7,7,2,2,7,7,1,0,4,0,47,991.44,0,247.86,Trousers,0.5769230769230769,6,2,2.5,17,0
u-0959,2025-08-01,72,12,12,3,3,7,7,1,0,2,0,30,708.4,0,354.2,Sweaters,0.8333333333333334,5,1,3.5,18,1
u-0961,2025-08-01,135,32,32,0,0,0,0,0,0,2,0,57,1077.32,0,538.66,Outerwear,0.4444444444444444,0,4,4,0,1
u-0962,2025-08-01,179,6,6,3,3,8,8,1,1,5,1,26,1078.08,273.24,215.62,Jackets,0.8379888268156425,7,3,2.6,22,0
u-0963,2025-08-01,35,32,32,0,0,0,0,0,0,1,0,32,56,0,56,Accessories,0.8571428571428571,0,1,1,0,1
u-0964,2025-08-01,209,19,19,1,1,1,1,1,0,3,0,45,464,0,154.67,T-Shirts,0.43062200956937796,1,2,3.3333333333333335,4,1
u-0965,2025-08-01,80,1,1,4,4,14,14,1,1,2,0,34,381.52,0,190.76,Shirts,0.75,9,2,3,34,1
u-0967,2025-08-01,24,7,7,4,4,13,12,3,1,1,1,19,303.6,303.6,303.6,Trousers,1,9,2,3,34,1
u-0970,2025-08-01,211,12,12,1,1,1,1,0,0,3,0,111,761.84,0,253.95,Shirts,0.4265402843601896,1,3,3,3,1
u-0971,2025-08-01,183,14,14,1,1,1,0,0,0,3,0,86,710.24,0,236.75,Jackets,0.49180327868852464,0,2,2.3333333333333335,2,1
u-0972,2025-08-01,210,24,24,1,1,1,1,1,0,5,0,63,969.64,0,193.93,Trousers,0.7142857142857143,1,3,2.4,4,1
u-0973,2025-08-01,211,6,6,3,3,9,9,3,1,4,0,41,2382.8,0,595.7,Outerwear,0.5687203791469194,8,1,3.5,25,0
u-0974,2025-08-01,42,6,6,4,4,17,17,2,1,2,1,6,531.04,287.04,265.52,Dresses,1.4285714285714286,12,2,2.5,42,0
u-0976,2025-08-01,197,2,2,3,3,15,15,1,1,4,1,11,1007.76,242.88,251.94,Accessories,0.6091370558375635,10,4,3.25,36,0
u-0979,2025-08-01,162,68,68,0,0,0,0,0,0,1,0,160,208,0,208,Accessories,0.18518518518518517,0,2,3,0,0
u-0980,2025-08-01,140,5,5,3,3,16,16,3,1,4,1,5,620,76,155,T-Shirts,0.8571428571428571,10,3,3.25,40,0
u-0981,2025-08-01,138,0,0,3,3,9,9,3,1,5,1,0,781,140,156.2,Accessories,1.0869565217391306,5,4,1.4,26,1
u-0983,2025-08-01,145,0,0,5,5,26,26,4,0,5,1,22,1185.6,228,237.12,Shirts,1.0344827586206897,11,3,2.8,62,0
u-0984,2025-08-01,96,7,7,3,3,9,9,2,2,3,1,15,820.56,273.24,273.52,Jackets,0.9375,7,2,3,26,0
u-0985,2025-08-01,198,16,16,2,2,3,3,1,1,4,1,24,1017.88,309.12,254.47,Accessories,0.6060606060606061,3,2,3,11,0
u-0987,2025-08-01,36,6,5,4,4,13,13,3,1,1,1,17,92,92,92,Shirts,0.8333333333333334,9,1,1,35,0
u-0992,2025-08-01,145,35,35,0,0,0,0,0,0,2,0,127,520.8,0,260.4,Shoes,0.4137931034482759,0,3,3,0,1
u-0998,2025-08-01,126,4,4,3,3,14,14,2,1,4,0,49,690.24,0,172.56,T-Shirts,0.9523809523809523,12,5,2.5,34,0
u-0999,2025-08-01,117,1,1,5,5,23,23,2,2,4,1,9,1135.44,185,283.86,Outerwear,1.0256410256410258,14,3,2.5,56,0
u-1000,2025-08-01,29,1,1,5,5,19,18,3,1,2,2,13,318,318,159,Accessories,2,11,2,1.5,48,0
u-1001,2025-08-01,191,20,20,1,1,1,1,0,0,3,0,114,321,0,107,Accessories,0.47120418848167545,1,3,1.3333333333333333,3,1
u-1002,2025-08-01,101,1,1,6,6,23,23,5,2,5,2,16,511,212,102.2,T-Shirts,1.4851485148514851,12,3,2.2,61,0
u-1005,2025-08-01,89,22,22,1,1,5,5,2,0,2,1,22,179,84,89.5,Sweaters,0.6741573033707865,4,2,1,14,1
u-1007,2025-08-01,191,130,130,0,0,0,0,0,0,2,0,155,486.28,0,243.14,Shirts,0.31413612565445026,0,4,2.5,0,1
u-1010,2025-08-01,201,3,3,3,3,9,9,1,1,5,1,3,723,96,144.6,Accessories,0.7462686567164178,8,3,1.8,24,0
u-1011,2025-08-01,82,0,0,7,7,26,26,2,2,2,0,36,224,0,112,Sweaters,0.7317073170731707,10,2,1,63,0
u-1012,2025-08-01,194,109,109,0,0,0,0,0,0,1,0,187,146,0,146,Shoes,0.15463917525773196,0,2,2,0,0
u-1014,2025-08-01,133,6,6,5,5,18,18,3,2,4,1,17,630.52,78,157.63,Shirts,0.9022556390977443,11,4,1.5,47,1
u-1015,2025-08-01,80,5,5,4,4,20,20,3,0,2,0,51,474.64,0,237.32,Trousers,0.75,12,3,2.5,47,0
u-1017,2025-08-01,172,7,7,2,2,9,9,2,1,4,0,31,714.4,0,178.6,Accessories,0.6976744186046512,6,3,1.75,23,0
u-1021,2025-08-01,137,6,6,2,2,7,7,2,0,3,1,17,840.88,310.96,280.29,Sweaters,0.6569343065693432,6,4,3,19,1
u-1022,2025-08-01,211,10,10,2,2,6,6,2,2,9,1,10,2300.36,264.96,255.6,Sweaters,1.2796208530805688,5,6,3.111111111111111,19,1
u-1023,2025-08-01,25,4,4,4,4,9,8,3,1,2,2,9,553.6,553.6,276.8,Outerwear,2,6,3,2,27,1
u-1024,2025-08-01,171,4,4,3,3,9,9,3,0,4,1,4,1142.28,325.68,285.57,Jackets,0.7017543859649122,8,6,3.25,25,1
u-1026,2025-08-01,117,0,0,5,5,19,19,4,2,3,0,33,1082.96,0,360.99,Outerwear,0.7692307692307693,11,3,2.6666666666666665,49,0
u-1027,2025-08-01,53,1,1,6,6,25,25,3,1,1,0,42,147,0,147,Accessories,0.5660377358490566,12,2,2,60,0
u-1030,2025-08-01,94,5,5,5,5,13,13,5,4,3,1,14,1361.6,340.4,453.87,Outerwear,0.9574468085106383,11,1,2.6666666666666665,41,0
u-1031,2025-08-01,9,3,2,2,3,2,1,2,0,1,1,2,340.4,340.4,340.4,Outerwear,1,1,1,2,8,0
u-1032,2025-08-01,211,60,60,0,0,0,0,0,0,2,0,178,370,0,185,Outerwear,0.2843601895734597,0,1,1,0,1
u-1033,2025-08-01,91,1,1,3,3,14,14,3,1,2,1,23,288,212,144,Shirts,0.6593406593406593,10,2,1.5,36,0
u-1035,2025-08-01,124,74,74,0,0,0,0,0,0,1,0,121,242,0,242,Accessories,0.24193548387096772,0,3,5,0,1
u-1036,2025-08-01,210,4,4,3,3,12,12,4,0,6,1,23,1330.32,76,221.72,Jackets,0.8571428571428571,8,4,2.5,32,0
u-1037,2025-08-01,157,3,3,3,3,9,9,4,2,3,1,26,410.72,290.72,136.91,Shirts,0.5732484076433121,7,2,2,28,0
u-1038,2025-08-01,47,0,0,5,5,18,18,2,2,1,0,44,420.44,0,420.44,Accessories,0.6382978723404256,12,3,5,45,0
u-1040,2025-08-01,146,21,21,1,1,1,1,1,0,2,0,95,477.68,0,238.84,Sweaters,0.4109589041095891,1,2,2.5,4,1
u-1044,2025-08-01,142,2,2,7,7,29,29,5,3,5,1,15,1017.44,120,203.49,Accessories,1.056338028169014,14,2,2,74,0
u-1045,2025-08-01,126,3,3,3,3,10,10,3,0,4,1,3,531,95,132.75,Shirts,0.9523809523809523,10,2,1.75,27,1
u-1046,2025-08-01,160,17,17,2,2,3,3,1,0,4,0,67,894.04,0,223.51,Accessories,0.75,3,4,2.75,9,1
u-1047,2025-08-01,142,0,0,4,4,15,15,3,1,5,1,0,1967.88,332.12,393.58,Outerwear,1.056338028169014,9,4,2.8,39,1
u-1050,2025-08-01,71,4,3,5,5,21,21,4,1,3,2,10,1050.8,818.8,350.27,Shoes,1.267605633802817,12,4,3.3333333333333335,54,0
u-1052,2025-08-01,28,5,5,4,4,13,12,3,2,1,1,19,287.04,287.04,287.04,Dresses,1,8,1,3,35,0
u-1054,2025-08-01,133,6,6,4,4,20,20,2,3,3,0,62,699.52,0,233.17,Trousers,0.6766917293233082,12,1,2.6666666666666665,49,0
u-1057,2025-08-01,182,1,1,5,5,16,16,3,3,6,1,1,1292.48,84,215.41,Sweaters,0.989010989010989,7,1,2.1666666666666665,44,0
u-1060,2025-08-01,18,5,5,3,3,3,2,2,0,1,1,16,99,99,99,Jackets,1,2,1,1,11,1
u-1062,2025-08-01,156,52,52,0,0,0,0,0,0,2,0,95,405.76,0,202.88,Dresses,0.3846153846153846,0,2,2,0,1
u-1063,2025-08-01,139,2,2,6,6,25,25,5,3,5,2,2,1808.88,602.68,361.78,Outerwear,1.079136690647482,12,2,2.2,66,1
u-1064,2025-08-01,190,16,16,1,1,1,1,0,0,3,0,71,471.24,0,157.08,Jackets,0.4736842105263158,1,1,1.6666666666666667,3,1
u-1065,2025-08-01,87,21,21,1,1,1,1,0,0,1,0,85,313.72,0,313.72,Shirts,0.3448275862068966,1,2,3,3,1
u-1070,2025-08-01,166,0,0,4,4,15,15,4,1,4,1,27,854.8,340.4,213.7,Outerwear,0.7228915662650602,11,3,1.75,40,1
u-1071,2025-08-01,67,0,0,3,3,16,16,1,1,1,0,57,345.92,0,345.92,Trousers,0.44776119402985076,10,2,3,37,0
u-1074,2025-08-01,58,22,22,1,1,1,1,0,0,1,0,54,178,0,178,T-Shirts,0.5172413793103449,1,2,3,3,1
u-1076,2025-08-01,59,1,1,3,3,11,11,2,2,2,1,11,441.36,112,220.68,Shoes,1.0169491525423728,10,2,2,30,0
u-1078,2025-08-01,42,10,10,2,2,6,6,2,2,2,1,21,649.28,112,324.64,Accessories,1.4285714285714286,5,3,3,19,0
u-1082,2025-08-01,87,5,5,9,9,34,33,6,4,5,2,7,1183.96,494.96,236.79,Trousers,1.7241379310344829,15,3,2.8,88,0
u-1083,2025-08-01,28,5,5,3,3,6,5,3,0,1,1,18,232,232,232,Accessories,1,4,2,4,18,1
u-1085,2025-08-01,45,3,3,4,4,12,12,5,1,3,2,3,543.64,447.64,181.21,Trousers,2,9,2,2,36,0
u-1086,2025-08-01,115,21,21,1,1,4,4,2,1,4,1,21,933.04,88,233.26,Trousers,1.0434782608695652,4,3,2.5,13,1
u-1088,2025-08-01,80,1,1,3,3,12,12,1,2,2,0,34,576.4,0,288.2,Trousers,0.75,8,3,2.5,30,0
u-1091,2025-08-01,63,1,1,5,5,25,25,2,2,2,1,11,176,56,88,Accessories,0.9523809523809523,11,1,1,60,0
u-1092,2025-08-01,126,0,0,4,4,20,20,3,1,3,0,72,1223.6,0,407.87,Sweaters,0.7142857142857143,10,2,4.333333333333333,48,0
u-1093,2025-08-01,18,3,3,3,3,6,5,3,0,1,1,14,680.8,680.8,680.8,Outerwear,1,5,1,4,18,0
u-1094,2025-08-01,129,3,3,5,5,24,24,2,3,5,2,3,1094.08,416,218.82,Dresses,1.1627906976744187,15,1,2.2,60,0
u-1099,2025-08-01,92,3,3,3,3,15,15,1,1,2,0,40,526.48,0,263.24,Trousers,0.6521739130434783,9,3,2.5,35,1
u-1100,2025-08-01,201,9,9,1,1,1,1,1,0,3,0,130,360,0,120,Dresses,0.44776119402985076,1,3,1.3333333333333333,4,1
u-0001,2025-09-01,15,7,7,2,2,2,1,2,0,1,1,7,194,194,194,Sweaters,1,1,1,2,8,0
u-0003,2025-09-01,83,7,7,2,2,8,8,1,2,2,0,59,328,0,164,Dresses,0.7228915662650602,7,2,1.5,21,0
u-0004,2025-09-01,49,2,2,5,5,20,20,3,0,1,0,42,138,0,138,Dresses,0.6122448979591837,11,2,2,48,0
u-0007,2025-09-01,95,3,3,3,3,13,13,1,2,2,1,27,151,95,75.5,Trousers,0.6315789473684211,6,2,1,33,0
u-0009,2025-09-01,29,1,1,5,5,16,15,5,2,1,1,20,136,136,136,Shirts,1,11,1,2,44,0
u-0010,2025-09-01,141,6,6,2,2,4,4,0,1,2,0,42,680.8,0,340.4,Outerwear,0.425531914893617,3,1,2,11,0
u-0011,2025-09-01,222,116,116,0,0,0,0,0,0,2,0,145,478.72,0,239.36,Sweaters,0.27027027027027023,0,4,2.5,0,0
u-0012,2025-09-01,172,1,1,4,4,21,21,1,0,4,1,15,1118.88,257.6,279.72,Shoes,0.6976744186046512,11,1,2.5,48,0
u-0013,2025-09-01,225,90,90,0,0,0,0,0,0,3,0,127,1206.2,0,402.07,Outerwear,0.4,0,1,2.3333333333333335,0,1
u-0014,2025-09-01,167,20,20,1,1,1,0,0,0,1,0,161,246,0,246,Jackets,0.17964071856287425,0,2,3,2,1
u-0016,2025-09-01,208,1,1,3,3,13,13,2,1,3,0,68,282,0,94,Jackets,0.43269230769230765,8,2,1,32,0
u-0018,2025-09-01,10,5,4,2,3,2,1,2,0,1,1,4,191,191,191,Jackets,1,1,2,2,8,0
u-0020,2025-09-01,188,107,107,0,0,0,0,0,0,4,0,107,1008.48,0,252.12,Jackets,0.6382978723404256,0,4,2.5,0,1
u-0022,2025-09-01,88,9,9,2,2,9,9,1,0,1,0,86,110,0,110,Sweaters,0.34090909090909094,8,1,1,21,0
u-0023,2025-09-01,68,0,0,4,4,7,7,3,1,2,0,33,842.72,0,421.36,Shoes,0.8823529411764706,5,3,4,22,0
u-0024,2025-09-01,32,0,0,3,4,10,9,3,2,1,1,22,382.72,382.72,382.72,Dresses,0.9375,6,1,4,28,0
u-0025,2025-09-01,107,9,9,2,2,7,7,2,1,3,1,9,601.52,99,200.51,Jackets,0.8411214953271028,5,3,2,20,0
u-0026,2025-09-01,227,4,4,7,7,33,33,5,2,7,2,4,1358.88,272,194.13,Trousers,0.9251101321585904,16,4,2.142857142857143,82,0
u-0028,2025-09-01,233,196,196,0,0,0,0,0,0,2,0,196,444.96,0,222.48,T-Shirts,0.2575107296137339,0,2,2.5,0,1
u-0031,2025-09-01,161,2,2,4,4,17,17,2,1,4,1,2,1716.8,185,429.2,Outerwear,0.7453416149068324,13,1,2.5,42,0
u-0032,2025-09-01,174,8,7,2,2,10,10,2,0,1,0,109,140,0,140,Shoes,0.1724137931034483,9,1,1,24,0
u-0033,2025-09-01,138,60,60,0,0,0,0,0,0,3,0,66,477,0,159,Sweaters,0.6521739130434783,0,3,1.6666666666666667,0,0
u-0034,2025-09-01,188,48,48,0,0,0,0,0,0,2,0,140,370,0,185,Accessories,0.3191489361702128,0,3,1.5,0,1
u-0035,2025-09-01,232,1,1,6,6,28,28,3,2,6,1,21,1686.8,380.88,281.13,Sweaters,0.7758620689655172,13,2,3,68,0
u-0036,2025-09-01,126,0,0,3,3,13,13,3,1,2,0,52,294,0,147,Shirts,0.47619047619047616,7,2,1.5,33,0
u-0037,2025-09-01,66,1,1,3,3,11,11,2,1,2,1,12,771.88,434.24,385.94,Trousers,0.9090909090909091,8,1,4.5,29,0
u-0038,2025-09-01,21,2,2,5,5,17,16,2,0,1,1,12,439.76,439.76,439.76,Jackets,1,8,2,4,41,1
u-0039,2025-09-01,52,0,0,3,3,12,12,2,2,1,0,47,333.04,0,333.04,Shoes,0.5769230769230769,8,2,3,31,0
u-0040,2025-09-01,123,4,4,2,2,2,2,1,0,3,0,51,500,0,166.67,Accessories,0.7317073170731708,2,2,2.3333333333333335,7,1
u-0041,2025-09-01,132,5,5,3,3,8,8,0,0,4,0,40,1174.6,0,293.65,Outerwear,0.9090909090909091,7,5,2.25,19,0
u-0045,2025-09-01,105,8,8,5,5,14,14,3,1,5,0,30,1134.84,0,226.97,Accessories,1.4285714285714286,9,3,2.2,37,0
u-0049,2025-09-01,185,6,6,2,2,6,6,1,0,4,0,37,719.52,0,179.88,Shoes,0.6486486486486486,5,3,2,15,1
u-0050,2025-09-01,162,93,93,0,0,0,0,0,0,1,0,153,56,0,56,Accessories,0.18518518518518517,0,1,1,0,0
u-0055,2025-09-01,66,1,1,2,2,10,10,1,0,2,0,30,396,0,198,Jackets,0.9090909090909091,8,1,2,23,1
u-0056,2025-09-01,94,10,10,3,3,11,11,2,0,3,1,18,417,219,139,T-Shirts,0.9574468085106383,9,3,2,28,0
u-0057,2025-09-01,23,6,6,3,3,8,7,2,0,1,1,20,237.36,237.36,237.36,T-Shirts,1,6,2,4,21,0
u-0058,2025-09-01,121,3,3,4,4,16,16,4,1,4,2,3,1081.12,404,270.28,Shoes,0.9917355371900827,10,2,2.5,43,0
u-0060,2025-09-01,29,1,1,6,6,19,18,3,1,1,1,24,198,198,198,Shirts,1,12,3,3,48,0
u-0061,2025-09-01,28,8,8,3,4,8,7,2,0,1,1,19,56,56,56,Accessories,1,7,1,1,21,1
u-0062,2025-09-01,212,9,9,1,1,1,1,0,0,3,0,128,608,0,202.67,Accessories,0.42452830188679247,1,2,2.3333333333333335,3,0
u-0066,2025-09-01,93,10,10,2,2,10,10,2,2,1,0,82,56,0,56,Accessories,0.3225806451612903,8,1,1,26,0
u-0067,2025-09-01,91,5,5,4,4,17,17,4,2,2,1,15,272,176,136,Trousers,0.6593406593406593,11,1,1.5,45,0
u-0068,2025-09-01,206,131,131,0,0,0,0,0,0,1,0,200,99,0,99,Jackets,0.14563106796116507,0,1,1,0,1
u-0072,2025-09-01,242,214,214,0,0,0,0,0,0,1,0,235,276,0,276,Shoes,0.12396694214876033,0,2,3,0,1
u-0073,2025-09-01,54,8,8,3,3,15,15,2,0,1,0,45,136,0,136,T-Shirts,0.5555555555555556,10,2,3,35,0
u-0074,2025-09-01,52,25,25,1,1,1,1,0,0,2,0,33,475.52,0,237.76,Accessories,1.1538461538461537,1,2,2.5,3,1
u-0075,2025-09-01,173,142,142,0,0,0,0,0,0,2,0,161,362,0,181,Shoes,0.3468208092485549,0,2,1.5,0,0
u-0076,2025-09-01,131,6,6,6,6,27,27,4,2,5,2,6,978.24,306,195.65,T-Shirts,1.1450381679389314,12,4,3.4,68,0
u-0077,2025-09-01,130,7,7,2,2,8,8,1,0,3,1,19,825.44,188,275.15,Accessories,0.6923076923076924,7,2,3.3333333333333335,20,0
u-0078,2025-09-01,74,5,5,2,2,9,9,1,0,1,0,70,76,0,76,T-Shirts,0.4054054054054054,7,1,2,21,0
u-0080,2025-09-01,240,3,3,4,4,16,16,4,1,5,1,3,1266.32,200,253.26,Dresses,0.625,13,3,2.6,42,0
u-0082,2025-09-01,211,52,52,0,0,0,0,0,0,2,0,170,349.36,0,174.68,Shoes,0.2843601895734597,0,2,2,0,1
u-0084,2025-09-01,104,84,84,0,0,0,0,0,0,1,0,95,76,0,76,Shirts,0.28846153846153844,0,1,1,0,0
u-0085,2025-09-01,194,2,2,3,3,13,13,0,0,4,0,60,804.64,0,201.16,Shirts,0.6185567010309279,10,2,2.5,29,0
u-0089,2025-09-01,18,2,2,3,4,7,6,3,1,1,1,15,185,185,185,Outerwear,1,5,1,1,21,0
u-0090,2025-09-01,111,2,2,3,3,10,10,3,1,3,1,2,852,208,284,Dresses,0.8108108108108107,8,3,3,28,0
u-0091,2025-09-01,109,6,5,5,5,19,19,4,3,3,0,42,386,0,128.67,Shirts,0.8256880733944955,13,2,1.6666666666666667,50,0
u-0093,2025-09-01,178,2,2,4,4,20,20,1,3,5,1,25,554,224,110.8,T-Shirts,0.8426966292134831,12,2,2.4,49,0
u-0094,2025-09-01,137,2,2,8,8,32,32,4,4,5,1,8,1596.64,132,319.33,Sweaters,1.094890510948905,15,4,3.8,81,0
u-0096,2025-09-01,59,1,1,8,8,37,37,6,2,3,2,5,560,370,186.67,Outerwear,1.5254237288135595,14,2,1.3333333333333333,92,0
u-0102,2025-09-01,105,72,72,0,0,0,0,0,0,1,0,103,241.04,0,241.04,Sweaters,0.2857142857142857,0,2,3,0,1
u-0103,2025-09-01,79,6,6,5,5,13,13,3,2,3,0,32,450,0,150,Sweaters,1.139240506329114,10,2,1.6666666666666667,36,0
u-0105,2025-09-01,198,8,8,2,2,5,5,1,0,5,1,22,1203.8,199,240.76,Dresses,0.7575757575757576,4,3,2.4,14,0
u-0106,2025-09-01,37,8,8,2,2,5,5,3,0,2,1,8,408,192,204,Accessories,1.6216216216216215,4,1,3.5,16,1
u-0107,2025-09-01,111,4,4,3,3,5,5,2,0,3,1,11,648.48,316.48,216.16,Shirts,0.8108108108108107,4,3,2.3333333333333335,16,0
u-0108,2025-09-01,154,3,3,10,10,44,44,7,2,6,2,21,1315.48,452,219.25,Sweaters,1.1688311688311688,15,6,2.3333333333333335,109,0
u-0109,2025-09-01,178,110,110,0,0,0,0,0,0,1,0,174,386.4,0,386.4,Shoes,0.16853932584269662,0,1,3,0,1
u-0110,2025-09-01,100,8,8,2,2,2,2,0,0,2,0,72,287,0,143.5,Shirts,0.6,2,3,2,6,0
u-0111,2025-09-01,123,5,5,3,3,11,11,1,1,2,0,63,374,0,187,Trousers,0.48780487804878053,9,2,2.5,27,0
u-0112,2025-09-01,164,6,6,5,5,22,22,3,3,6,1,13,1158.52,235,193.09,Shirts,1.0975609756097562,13,3,2.3333333333333335,56,0
u-0113,2025-09-01,36,4,4,4,4,10,9,4,1,1,1,26,185,185,185,Outerwear,0.8333333333333334,8,1,1,29,0
u-0115,2025-09-01,239,7,7,3,3,12,12,3,2,6,0,31,1271.72,0,211.95,Jackets,0.7531380753138075,9,6,2.3333333333333335,32,0
u-0116,2025-09-01,196,32,32,0,0,0,0,0,0,3,0,47,545,0,181.67,Trousers,0.45918367346938777,0,3,1.6666666666666667,0,1
u-0118,2025-09-01,87,11,11,2,2,9,9,1,1,1,0,84,208,0,208,Dresses,0.3448275862068966,7,1,2,22,0
u-0119,2025-09-01,111,4,4,2,2,8,8,2,0,2,0,53,1021.2,0,510.6,Outerwear,0.5405405405405405,7,1,3,20,1
u-0120,2025-09-01,185,4,4,6,6,21,21,6,0,6,2,4,2257,695.6,376.17,Outerwear,0.9729729729729729,12,1,2.1666666666666665,56,1
u-0122,2025-09-01,214,76,76,0,0,0,0,0,0,5,0,145,914.8,0,182.96,Shirts,0.7009345794392523,0,3,2.2,0,1
u-0123,2025-09-01,212,8,8,1,1,1,0,0,0,4,0,140,1260.64,0,315.16,Outerwear,0.5660377358490566,0,3,2,2,1
u-0124,2025-09-01,189,0,0,5,5,23,23,5,2,7,2,12,1795.52,478.12,256.5,Trousers,1.1111111111111112,10,5,3,60,0
u-0125,2025-09-01,34,1,1,7,7,25,24,3,3,1,1,28,176,176,176,Trousers,0.8823529411764706,14,1,2,63,0
u-0126,2025-09-01,73,0,0,7,7,21,21,6,2,2,1,23,280,95,140,Trousers,0.8219178082191781,14,2,1,58,0
u-0127,2025-09-01,32,1,1,3,3,9,8,3,1,1,1,28,185,185,185,Outerwear,0.9375,8,1,1,25,0
u-0128,2025-09-01,23,5,5,3,3,8,7,3,0,1,1,17,208,208,208,Dresses,1,6,1,2,22,0
u-0129,2025-09-01,152,86,86,0,0,0,0,0,0,1,0,142,176,0,176,Trousers,0.19736842105263158,0,1,2,0,1
u-0130,2025-09-01,50,0,0,4,4,18,18,2,3,2,0,35,475.04,0,237.52,Dresses,1.2,10,2,2.5,45,0
u-0131,2025-09-01,218,36,36,0,0,0,0,0,0,3,0,74,403.76,0,134.59,T-Shirts,0.41284403669724773,0,3,2,0,0
u-0132,2025-09-01,144,8,8,2,2,9,9,2,1,4,0,64,666.48,0,166.62,T-Shirts,0.8333333333333334,6,5,2.75,23,0
u-0133,2025-09-01,38,9,9,2,2,6,6,1,1,1,0,33,450.8,0,450.8,Outerwear,0.7894736842105263,5,2,3,16,0
u-0136,2025-09-01,46,4,4,5,5,18,18,4,1,1,0,40,76,0,76,Shirts,0.6521739130434783,12,1,1,46,0
u-0138,2025-09-01,93,2,2,8,8,34,34,9,2,4,2,10,911.2,430.76,227.8,Jackets,1.2903225806451613,13,5,2.5,89,0
u-0139,2025-09-01,117,7,7,3,3,12,12,1,1,2,0,41,512.56,0,256.28,Sweaters,0.5128205128205129,9,3,2.5,29,0
u-0140,2025-09-01,20,12,12,2,2,2,1,2,0,1,1,12,168,168,168,Sweaters,1,1,1,2,8,1
u-0141,2025-09-01,174,3,3,2,2,2,2,0,0,3,0,63,823.04,0,274.35,Shirts,0.5172413793103449,2,2,3.3333333333333335,6,0
u-0143,2025-09-01,144,2,2,6,6,25,25,3,2,5,1,15,945.48,122,189.1,Trousers,1.0416666666666667,13,6,2.2,62,0
u-0144,2025-09-01,243,1,1,4,4,15,15,2,2,5,0,52,849.04,0,169.81,T-Shirts,0.617283950617284,11,5,2.6,38,0
u-0147,2025-09-01,27,0,0,4,4,12,11,3,1,1,1,19,168,168,168,Sweaters,1,7,1,2,32,0
u-0148,2025-09-01,90,4,4,4,4,15,15,4,1,4,1,29,1406.68,386.4,351.67,Shoes,1.3333333333333333,11,2,3,40,1
u-0149,2025-09-01,242,1,1,6,6,22,22,4,1,6,0,64,1423.68,0,237.28,Accessories,0.7438016528925621,12,4,2.5,55,0
u-0150,2025-09-01,82,7,7,4,4,19,19,3,1,2,1,16,403,220,201.5,Sweaters,0.7317073170731707,11,2,2,47,0
u-0153,2025-09-01,172,6,6,5,5,18,18,2,0,3,0,54,362,0,120.67,T-Shirts,0.5232558139534884,12,2,2.3333333333333335,43,0
u-0154,2025-09-01,238,6,6,4,4,18,18,2,2,2,0,59,384,0,192,Sweaters,0.25210084033613445,11,2,2.5,44,0
u-0157,2025-09-01,157,70,70,0,0,0,0,0,0,2,0,89,272,0,136,Trousers,0.38216560509554137,0,1,1.5,0,1
u-0158,2025-09-01,108,12,12,2,2,8,8,1,0,3,1,25,567.76,255.76,189.25,Dresses,0.8333333333333333,5,3,2,20,0
u-0160,2025-09-01,71,6,6,3,3,11,11,1,1,4,0,40,1747.16,0,436.79,Outerwear,1.6901408450704225,5,3,2.75,27,0
u-0161,2025-09-01,79,0,0,6,6,24,24,5,2,2,1,26,414,174,207,Accessories,0.759493670886076,14,2,2.5,62,0
u-0164,2025-09-01,38,4,4,5,5,17,16,4,3,1,1,28,310.96,310.96,310.96,Jackets,0.7894736842105263,11,2,3,46,0
u-0165,2025-09-01,191,0,0,9,9,41,41,6,4,4,0,35,880.68,0,220.17,Jackets,0.6282722513089005,16,4,2.5,101,0
u-0167,2025-09-01,79,6,6,2,2,7,7,1,0,1,0,75,345.92,0,345.92,Trousers,0.379746835443038,5,2,4,17,0
u-0169,2025-09-01,94,31,31,0,0,0,0,0,0,1,0,83,198,0,198,Jackets,0.3191489361702128,0,1,2,0,0
u-0170,2025-09-01,96,3,3,2,2,2,2,0,0,3,1,3,313,88,104.33,Trousers,0.9375,2,2,1.3333333333333333,7,0
u-0172,2025-09-01,20,4,4,3,4,5,4,3,1,1,1,10,185,185,185,Outerwear,1,4,1,1,17,1
u-0174,2025-09-01,78,6,6,4,4,16,16,5,1,3,2,6,394,170,131.33,Shirts,1.1538461538461537,13,1,1.6666666666666667,44,1
u-0178,2025-09-01,183,27,27,1,1,5,5,1,0,3,0,72,1456.36,0,485.45,Outerwear,0.49180327868852464,4,3,3.3333333333333335,12,1
u-0179,2025-09-01,25,0,0,7,7,23,22,5,3,2,2,19,370,370,185,Outerwear,2,13,1,1,62,1
u-0182,2025-09-01,127,67,67,0,0,0,0,0,0,1,0,118,96,0,96,Accessories,0.23622047244094488,0,1,2,0,1
u-0189,2025-09-01,128,6,6,3,3,10,10,1,2,4,0,33,1110.08,0,277.52,Trousers,0.9375,8,2,3,26,0
u-0190,2025-09-01,193,122,122,0,0,0,0,0,0,1,0,184,242.88,0,242.88,Accessories,0.15544041450777202,0,1,4,0,1
u-0192,2025-09-01,164,109,109,0,0,0,0,0,0,1,0,158,176,0,176,Trousers,0.18292682926829268,0,1,2,0,0
u-0197,2025-09-01,137,12,12,1,1,1,1,0,0,1,0,128,301.76,0,301.76,Shoes,0.21897810218978103,1,2,3,3,1
u-0198,2025-09-01,65,3,3,4,4,12,12,2,1,2,0,53,445,0,222.5,Trousers,0.9230769230769231,9,2,2.5,31,1
u-0199,2025-09-01,20,2,2,3,3,4,3,2,1,1,1,9,264.04,264.04,264.04,Trousers,1,2,1,3,14,0
u-0204,2025-09-01,230,0,0,11,11,37,37,8,4,10,3,6,1310,338,131,T-Shirts,1.3043478260869565,15,5,2.5,100,0
u-0206,2025-09-01,165,105,105,0,0,0,0,0,0,2,0,126,330,0,165,Jackets,0.36363636363636365,0,3,2,0,0
u-0207,2025-09-01,227,2,2,4,4,21,21,1,0,6,0,50,916,0,152.67,Accessories,0.7929515418502203,11,3,1.8333333333333333,47,0
u-0209,2025-09-01,170,3,3,4,4,20,20,3,2,5,0,30,859.08,0,171.82,Jackets,0.8823529411764706,14,3,2,49,0
u-0211,2025-09-01,206,29,29,1,1,1,1,0,0,4,0,49,1475.84,0,368.96,Outerwear,0.5825242718446603,1,2,2.25,3,0
u-0213,2025-09-01,82,11,11,2,2,7,7,2,1,3,1,11,626.08,252.08,208.69,Trousers,1.0975609756097562,7,3,2.3333333333333335,20,0
u-0216,2025-09-01,162,5,5,4,4,19,19,3,2,5,0,37,1234.12,0,246.82,Shirts,0.9259259259259258,12,5,3,47,0
u-0217,2025-09-01,79,4,4,4,4,15,15,3,3,1,0,70,42,0,42,T-Shirts,0.379746835443038,12,1,1,40,1
u-0218,2025-09-01,97,6,6,3,3,3,3,0,0,3,0,58,709.76,0,236.59,Trousers,0.9278350515463918,3,3,2.6666666666666665,9,0
u-0219,2025-09-01,86,4,4,2,2,9,9,1,1,2,0,32,182,0,91,Dresses,0.6976744186046512,8,2,1,22,0
u-0221,2025-09-01,72,0,0,3,3,12,12,2,0,2,1,10,480.2,285.2,240.1,Jackets,0.8333333333333334,8,3,2.5,30,0
u-0222,2025-09-01,66,0,0,8,8,30,30,2,4,1,0,62,437.92,0,437.92,Shoes,0.45454545454545453,12,1,4,74,0
u-0224,2025-09-01,35,9,9,3,3,9,8,2,1,1,1,29,231.84,231.84,231.84,Shoes,0.8571428571428571,7,1,2,24,0
u-0225,2025-09-01,191,7,7,1,1,1,1,1,0,3,0,76,689.76,0,229.92,Trousers,0.47120418848167545,1,3,2.3333333333333335,4,1
u-0226,2025-09-01,95,1,1,2,2,2,2,1,0,2,0,48,1164.72,0,582.36,Outerwear,0.6315789473684211,2,2,4,7,1
u-0227,2025-09-01,172,48,48,0,0,0,0,0,0,1,0,168,110,0,110,Sweaters,0.1744186046511628,0,1,1,0,1
u-0229,2025-09-01,234,115,115,0,0,0,0,0,0,2,0,189,454.32,0,227.16,Shirts,0.25641025641025644,0,2,3,0,1
u-0230,2025-09-01,89,3,3,7,7,24,24,4,1,5,1,7,1475.84,510.6,295.17,Outerwear,1.6853932584269662,12,2,1.8,61,0
u-0231,2025-09-01,109,6,5,4,4,8,8,0,1,4,0,37,671.32,0,167.83,T-Shirts,1.1009174311926606,7,4,3.25,21,0
u-0232,2025-09-01,165,3,3,6,6,21,21,5,3,8,2,6,1322.44,168,165.31,Sweaters,1.4545454545454546,14,5,1.75,58,0
u-0233,2025-09-01,21,0,0,3,4,7,6,3,0,1,1,12,265.88,265.88,265.88,Dresses,1,5,2,2,20,0
u-0235,2025-09-01,35,1,1,5,5,20,19,6,1,3,3,6,950.44,950.44,316.81,Outerwear,2.571428571428571,11,2,2,54,1
u-0236,2025-09-01,104,6,6,2,2,2,2,0,0,4,0,44,1698.32,0,424.58,Shoes,1.1538461538461537,2,4,3.5,6,0
u-0238,2025-09-01,139,1,1,5,5,21,21,1,1,4,0,43,623,0,155.75,Accessories,0.8633093525179856,10,3,1.25,49,0
u-0239,2025-09-01,77,0,0,5,5,22,22,5,1,3,2,0,418,224,139.33,Sweaters,1.1688311688311688,13,2,1.6666666666666667,57,0
u-0240,2025-09-01,140,1,1,9,9,41,41,6,1,7,2,3,1881.56,590.72,268.79,Dresses,1.5,15,3,2.7142857142857144,100,0
u-0241,2025-09-01,122,4,4,3,3,8,8,3,0,3,0,41,389,0,129.67,T-Shirts,0.7377049180327869,7,4,2,22,0
u-0243,2025-09-01,243,1,1,4,4,10,10,3,1,4,1,1,554,208,138.5,Dresses,0.4938271604938272,7,2,1.5,29,0
u-0244,2025-09-01,83,4,4,2,2,2,2,0,0,1,0,76,84,0,84,Sweaters,0.3614457831325301,2,1,1,6,1
u-0245,2025-09-01,183,2,2,5,5,22,22,3,3,5,1,12,1709.92,382.72,341.98,Dresses,0.819672131147541,9,3,3.6,56,0
u-0246,2025-09-01,187,60,60,0,0,0,0,0,0,2,0,146,186,0,93,Accessories,0.32085561497326204,0,2,2,0,1
u-0247,2025-09-01,124,8,8,1,1,1,0,0,0,1,0,115,88,0,88,Trousers,0.24193548387096772,0,1,1,2,0
u-0248,2025-09-01,74,26,26,1,1,1,1,0,0,1,0,63,277.84,0,277.84,Jackets,0.4054054054054054,1,2,3,3,0
u-0249,2025-09-01,159,7,7,3,3,9,9,3,1,6,1,16,3017.68,851,502.95,Outerwear,1.1320754716981132,6,4,3.3333333333333335,26,1
u-0250,2025-09-01,164,9,8,7,7,19,19,4,1,9,2,11,2505.12,641.2,278.35,Shoes,1.646341463414634,14,6,2.5555555555555554,52,0
u-0252,2025-09-01,156,5,5,2,2,11,11,1,0,3,1,5,504,88,168,Dresses,0.5769230769230769,9,2,1.6666666666666667,26,0
u-0253,2025-09-01,55,2,2,3,3,11,11,2,2,1,0,49,82,0,82,Accessories,0.5454545454545455,9,2,2,29,0
u-0254,2025-09-01,129,4,4,4,4,16,16,3,0,3,0,47,704.48,0,234.83,Shoes,0.6976744186046512,10,1,2,39,0
u-0255,2025-09-01,57,23,23,1,1,1,1,0,0,1,0,50,176,0,176,Shirts,0.5263157894736842,1,2,2,3,1
u-0257,2025-09-01,182,14,13,1,2,2,2,1,0,2,0,57,728.64,0,364.32,Shoes,0.32967032967032966,2,3,3.5,6,0
u-0259,2025-09-01,132,3,3,6,6,24,24,3,2,5,1,18,611,76,122.2,T-Shirts,1.1363636363636362,12,3,2.4,60,0
u-0260,2025-09-01,76,1,1,6,6,30,30,3,4,2,1,14,533.8,198,266.9,Jackets,0.7894736842105263,13,2,3,74,1
u-0261,2025-09-01,206,130,130,0,0,0,0,0,0,3,0,145,815.68,0,271.89,Jackets,0.4368932038834952,0,2,2.6666666666666665,0,1
u-0262,2025-09-01,133,3,3,5,5,18,18,4,3,3,0,43,488.96,0,162.99,Accessories,0.6766917293233082,13,2,1.6666666666666667,48,0
u-0264,2025-09-01,153,3,3,5,5,24,24,4,3,4,1,20,1060.56,78,265.14,Shirts,0.7843137254901962,13,4,3,61,0
u-0265,2025-09-01,118,7,7,4,4,13,13,2,2,3,0,48,314,0,104.67,T-Shirts,0.7627118644067797,8,2,2.6666666666666665,34,0
u-0268,2025-09-01,97,8,7,2,2,7,7,2,1,2,1,21,537.28,279.68,268.64,Trousers,0.6185567010309279,7,2,3,20,0
u-0269,2025-09-01,151,11,11,1,1,1,1,0,0,3,0,110,634,0,211.33,Shoes,0.5960264900662252,1,3,2.3333333333333335,3,1
u-0270,2025-09-01,177,40,40,0,0,0,0,0,0,2,0,123,381.96,0,190.98,Shoes,0.3389830508474576,0,3,1.5,0,1
u-0271,2025-09-01,216,0,0,3,3,15,15,4,1,5,2,0,486,212,97.2,T-Shirts,0.6944444444444444,11,2,2.6,40,1
u-0273,2025-09-01,67,2,2,3,3,14,14,3,1,1,0,56,317.4,0,317.4,Jackets,0.44776119402985076,8,2,4,35,0
u-0275,2025-09-01,233,4,4,3,3,13,13,5,1,10,2,16,2898.68,669.8,289.87,Outerwear,1.2875536480686696,9,7,2.1,37,0
u-0281,2025-09-01,33,4,4,3,4,9,8,2,1,1,1,28,84,84,84,Sweaters,0.9090909090909091,4,1,1,24,0
u-0283,2025-09-01,109,1,1,4,4,18,18,2,2,4,1,10,1737.96,185,434.49,Outerwear,1.1009174311926606,8,2,2.75,45,1
u-0285,2025-09-01,216,8,7,3,3,6,6,2,2,4,1,8,844.88,277.84,211.22,Shirts,0.5555555555555556,5,1,2.75,20,1
u-0286,2025-09-01,119,0,0,7,7,27,27,6,3,7,3,0,1353.84,744.84,193.41,Trousers,1.7647058823529411,11,5,2.2857142857142856,73,0
u-0289,2025-09-01,207,4,4,2,2,8,8,1,1,4,0,30,720,0,180,Jackets,0.5797101449275363,5,3,1.75,20,0
u-0290,2025-09-01,56,2,2,6,6,29,29,2,2,2,0,46,311,0,155.5,Trousers,1.0714285714285714,15,2,1.5,68,0
u-0295,2025-09-01,240,1,1,8,8,34,34,7,1,7,2,16,1492.36,400.72,213.19,Trousers,0.875,16,4,2.5714285714285716,86,0
u-0297,2025-09-01,163,4,4,6,6,26,26,3,3,5,0,44,1284.16,0,256.83,Jackets,0.920245398773006,14,3,2.8,64,0
u-0298,2025-09-01,162,3,3,3,3,7,7,2,0,5,1,28,1630.8,490.36,326.16,Jackets,0.9259259259259258,6,6,3.2,20,0
u-0300,2025-09-01,137,2,2,5,5,18,18,1,1,4,0,72,1144.2,0,286.05,Outerwear,0.8759124087591241,12,4,2,43,0
u-0301,2025-09-01,20,2,2,3,3,4,3,3,0,1,1,13,292.56,292.56,292.56,Accessories,1,3,2,3,14,0
u-0304,2025-09-01,162,9,9,3,3,14,14,1,1,5,1,24,1569.52,340.4,313.9,Accessories,0.9259259259259258,10,6,2.8,34,0
u-0305,2025-09-01,60,3,3,3,3,9,9,1,3,1,0,50,136,0,136,Shirts,0.5,8,1,2,25,0
u-0308,2025-09-01,59,10,10,2,2,12,12,1,1,2,1,10,396,208,198,Dresses,1.0169491525423728,6,2,2,29,0
u-0309,2025-09-01,170,4,4,4,4,11,11,3,3,7,1,4,1596,294.4,228,Shoes,1.2352941176470587,8,2,2.142857142857143,33,0
u-0315,2025-09-01,112,9,9,3,3,10,10,1,0,3,0,40,835.6,0,278.53,Outerwear,0.8035714285714286,7,2,1.6666666666666667,24,0
u-0316,2025-09-01,8,0,0,2,2,2,1,2,0,1,1,0,170,170,170,T-Shirts,1,1,1,5,8,0
u-0318,2025-09-01,184,25,25,1,1,1,1,0,0,3,0,35,422,0,140.67,Dresses,0.48913043478260865,1,2,1.3333333333333333,3,0
u-0319,2025-09-01,197,57,57,0,0,0,0,0,0,3,0,66,678.08,0,226.03,Dresses,0.4568527918781726,0,1,2.3333333333333335,0,1
u-0321,2025-09-01,214,1,1,4,4,12,12,3,0,9,0,67,3617.52,0,401.95,Outerwear,1.2616822429906542,9,5,2.5555555555555554,31,0
u-0322,2025-09-01,5,3,3,2,2,2,1,2,0,1,1,3,287.04,287.04,287.04,Dresses,1,1,1,3,8,0
u-0324,2025-09-01,131,5,5,4,4,20,20,3,0,3,0,53,790.88,0,263.63,Dresses,0.6870229007633588,12,3,2.6666666666666665,47,0
u-0325,2025-09-01,221,10,10,3,3,16,16,2,2,6,1,10,1465.88,183,244.31,Jackets,0.8144796380090498,9,5,2.3333333333333335,40,0
u-0326,2025-09-01,32,4,4,3,3,9,8,2,2,1,1,25,112,112,112,Shirts,0.9375,5,2,2,25,0
u-0327,2025-09-01,159,2,2,5,5,15,15,2,1,4,0,65,785.76,0,196.44,Accessories,0.7547169811320755,9,2,2.25,38,0
u-0329,2025-09-01,113,1,1,8,8,38,38,7,6,4,2,19,474,182,118.5,Shirts,1.0619469026548674,15,2,1.5,99,0
u-0332,2025-09-01,76,5,5,4,4,17,17,2,0,2,1,5,417.76,185,208.88,Outerwear,0.7894736842105263,14,2,1.5,41,0
u-0334,2025-09-01,96,0,0,3,3,8,8,0,1,1,0,75,415.84,0,415.84,Accessories,0.3125,5,2,4,20,1
u-0337,2025-09-01,82,5,5,1,1,1,1,0,0,2,0,61,204,0,102,Shoes,0.7317073170731707,1,2,1,3,1
u-0339,2025-09-01,127,0,0,2,2,2,2,0,0,5,0,35,1373.6,0,274.72,Sweaters,1.1811023622047243,2,4,3.2,6,1
u-0340,2025-09-01,32,1,1,5,5,17,16,5,1,1,1,21,264.04,264.04,264.04,Trousers,0.9375,10,1,3,45,0
u-0341,2025-09-01,134,4,4,6,6,24,24,6,6,5,1,29,1119.32,248.4,223.86,Trousers,1.1194029850746268,12,2,2.6,67,0
u-0344,2025-09-01,62,10,10,3,3,10,10,3,2,3,1,17,514,140,171.33,Shirts,1.4516129032258063,8,2,2,29,0
u-0346,2025-09-01,228,29,29,1,1,1,1,0,0,6,0,86,1467.28,0,244.55,Sweaters,0.7894736842105263,1,5,2.6666666666666665,3,0
u-0348,2025-09-01,161,115,115,0,0,0,0,0,0,2,0,126,602.68,0,301.34,Outerwear,0.3726708074534162,0,2,2,0,0
u-0353,2025-09-01,93,21,21,1,1,1,0,0,0,2,0,60,445.04,0,222.52,T-Shirts,0.6451612903225806,0,4,3,2,0
u-0354,2025-09-01,44,23,23,1,1,1,1,0,0,1,0,36,194,0,194,Sweaters,0.6818181818181819,1,1,2,3,0
u-0355,2025-09-01,74,7,7,1,1,1,1,0,0,2,0,55,404,0,202,Dresses,0.8108108108108107,1,2,2,3,1
u-0356,2025-09-01,202,5,5,4,4,18,18,1,3,7,1,29,3028.4,510.6,432.63,Outerwear,1.0396039603960396,10,4,2.857142857142857,45,0
u-0357,2025-09-01,234,0,0,3,3,10,10,3,1,5,1,23,642,96,128.4,T-Shirts,0.6410256410256411,5,4,2.2,28,0
u-0358,2025-09-01,151,0,0,8,8,32,32,4,4,3,1,7,853.48,192,284.49,Dresses,0.5960264900662252,13,5,3,81,0
u-0359,2025-09-01,19,5,5,3,3,5,4,3,0,1,1,13,102,102,102,T-Shirts,1,4,1,3,16,1
u-0361,2025-09-01,221,107,107,0,0,0,0,0,0,2,0,188,521.64,0,260.82,Sweaters,0.2714932126696833,0,2,3,0,1
u-0363,2025-09-01,31,0,0,3,3,6,5,2,0,1,1,29,264.96,264.96,264.96,Trousers,0.9677419354838709,5,2,3,17,0
u-0365,2025-09-01,32,6,6,3,3,8,7,3,1,1,1,22,287.04,287.04,287.04,Trousers,0.9375,4,2,3,23,0
u-0366,2025-09-01,207,5,5,6,6,17,17,5,3,10,0,54,2961.92,0,296.19,Outerwear,1.4492753623188406,11,4,1.9,48,0
u-0368,2025-09-01,48,4,4,4,4,18,18,1,2,1,0,45,304.52,0,304.52,Accessories,0.625,12,3,3,43,0
u-0369,2025-09-01,114,6,6,3,3,10,10,3,1,4,1,26,987.6,132,246.9,Sweaters,1.0526315789473684,7,3,3,28,0
u-0370,2025-09-01,44,6,6,3,3,9,9,1,1,1,0,37,458.16,0,458.16,Sweaters,0.6818181818181819,9,1,5,23,0
u-0372,2025-09-01,139,0,0,4,4,15,15,4,1,4,2,0,827.92,382.4,206.98,Trousers,0.8633093525179856,10,2,2.5,41,0
u-0373,2025-09-01,60,5,5,3,3,14,14,2,0,2,1,5,526.4,140,263.2,Shoes,1,10,1,2,34,0
u-0375,2025-09-01,169,5,5,3,3,15,15,1,2,2,0,58,160,0,80,T-Shirts,0.35502958579881655,11,2,1.5,36,0
u-0378,2025-09-01,219,2,2,4,4,9,9,3,1,6,0,44,1049.8,0,174.97,Shirts,0.8219178082191781,7,3,2.1666666666666665,26,0
u-0379,2025-09-01,209,34,33,0,0,0,0,0,0,6,0,47,1124.76,0,187.46,Dresses,0.8612440191387559,0,3,1.8333333333333333,0,1
u-0380,2025-09-01,114,10,10,1,1,1,1,1,0,2,0,98,371,0,185.5,Dresses,0.5263157894736842,1,3,2.5,4,0
u-0381,2025-09-01,77,7,7,3,3,13,13,0,2,2,0,35,531.84,0,265.92,Outerwear,0.7792207792207791,8,2,2,31,1
u-0383,2025-09-01,102,2,2,3,3,14,14,2,0,3,1,2,771.04,208,257.01,Dresses,0.8823529411764706,8,2,2.6666666666666665,34,0
u-0384,2025-09-01,188,4,4,3,3,7,7,1,0,8,0,33,1032.24,0,129.03,T-Shirts,1.2765957446808511,6,5,2.25,18,0
u-0385,2025-09-01,107,40,40,0,0,0,0,0,0,1,0,103,613.64,0,613.64,Jackets,0.2803738317757009,0,2,5,0,1
u-0388,2025-09-01,80,9,9,1,1,1,1,1,0,1,0,70,184,0,184,Shirts,0.375,1,1,2,4,1
u-0392,2025-09-01,207,49,49,0,0,0,0,0,0,4,0,73,478,0,119.5,Dresses,0.5797101449275363,0,3,1.25,0,1
u-0393,2025-09-01,75,9,9,2,2,10,10,2,0,1,0,69,84,0,84,Sweaters,0.4,7,1,1,24,0
u-0394,2025-09-01,150,2,2,6,6,18,18,5,3,3,0,59,956.8,0,318.93,Outerwear,0.6,10,5,2.6666666666666665,50,0
u-0395,2025-09-01,91,3,3,7,7,32,32,7,3,2,0,39,350.76,0,175.38,Trousers,0.6593406593406593,13,1,2,81,0
u-0397,2025-09-01,193,4,4,3,3,15,15,2,1,4,1,16,1130.76,273.24,282.69,Outerwear,0.6217616580310881,12,3,2,37,0
u-0398,2025-09-01,51,6,6,2,2,10,10,1,1,1,0,44,238,0,238,Shirts,0.5882352941176471,7,1,3,24,0
u-0399,2025-09-01,202,4,4,1,1,3,3,1,0,2,1,4,540.04,279.68,270.02,Sweaters,0.297029702970297,2,3,3,9,0
u-0400,2025-09-01,87,43,43,0,0,0,0,0,0,1,0,84,253.92,0,253.92,Shirts,0.3448275862068966,0,2,3,0,0
u-0401,2025-09-01,140,21,21,1,1,1,1,0,0,4,0,74,1101.92,0,275.48,Shoes,0.8571428571428571,1,3,2.75,3,1
u-0402,2025-09-01,50,2,2,3,3,11,11,2,2,1,0,42,383.64,0,383.64,Jackets,0.6,7,2,4,29,1
u-0404,2025-09-01,132,2,2,2,2,9,9,2,1,2,1,14,239,163,119.5,T-Shirts,0.45454545454545453,7,2,2.5,24,0
u-0409,2025-09-01,206,19,19,1,1,1,1,0,0,4,0,57,262,0,65.5,T-Shirts,0.5825242718446603,1,1,1.75,3,1
u-0410,2025-09-01,138,0,0,3,3,9,9,3,0,4,1,20,662.24,92,165.56,Jackets,0.8695652173913044,7,2,1.75,25,1
u-0412,2025-09-01,131,7,7,3,3,10,10,1,1,2,0,37,387.96,0,193.98,Shoes,0.45801526717557256,7,4,2,25,0
u-0413,2025-09-01,225,35,35,0,0,0,0,0,0,4,0,46,2265.96,0,566.49,Outerwear,0.5333333333333333,0,4,4,0,0
u-0415,2025-09-01,203,3,3,7,7,34,34,2,2,6,1,18,1636.4,203,272.73,Jackets,0.8866995073891626,13,5,2.8333333333333335,80,1
u-0416,2025-09-01,96,11,11,2,2,7,7,0,0,3,0,40,625.12,0,208.37,Shoes,0.9375,7,2,2,16,1
u-0417,2025-09-01,187,1,1,7,7,33,33,1,1,6,0,34,1483.48,0,247.25,Shoes,0.9625668449197861,14,3,2.3333333333333335,75,0
u-0418,2025-09-01,73,6,6,3,3,13,13,3,1,2,1,25,333,163,166.5,T-Shirts,0.8219178082191781,10,2,4,34,0
u-0421,2025-09-01,71,2,2,2,2,2,2,1,0,1,0,60,102,0,102,T-Shirts,0.4225352112676056,2,1,3,7,0
u-0422,2025-09-01,151,29,29,1,1,1,1,0,0,2,0,92,340,0,170,T-Shirts,0.3973509933774835,1,3,3,3,0
u-0427,2025-09-01,167,1,1,3,3,10,10,2,1,4,1,25,693.68,279.68,173.42,Sweaters,0.718562874251497,8,1,1.75,27,0
u-0428,2025-09-01,26,6,6,4,4,7,6,4,0,2,2,6,146,146,73,T-Shirts,2,5,2,1,23,0
u-0429,2025-09-01,39,4,4,4,4,13,13,3,2,2,1,27,339,240,169.5,Accessories,1.5384615384615383,11,2,1.5,36,0
u-0431,2025-09-01,29,2,2,8,8,25,24,5,2,1,1,24,566.72,566.72,566.72,Shoes,1,15,1,5,65,0
u-0432,2025-09-01,88,4,4,3,3,14,14,3,1,3,1,4,597.6,110,199.2,Sweaters,1.0227272727272727,8,1,2.3333333333333335,36,0
u-0434,2025-09-01,56,9,9,3,3,11,11,2,1,1,0,47,104,0,104,Dresses,0.5357142857142857,7,1,1,28,0
u-0436,2025-09-01,140,0,0,6,6,24,24,6,0,7,2,5,1193.68,466.52,170.53,T-Shirts,1.5,15,6,2.5714285714285716,62,0
u-0437,2025-09-01,82,7,7,7,7,24,24,5,3,2,0,65,204,0,102,Shirts,0.7317073170731707,13,2,1.5,63,0
u-0439,2025-09-01,217,42,42,0,0,0,0,0,0,3,0,92,433.68,0,144.56,Trousers,0.4147465437788018,0,3,1.6666666666666667,0,1
u-0440,2025-09-01,166,10,10,2,2,7,7,2,0,3,0,32,699,0,233,Accessories,0.5421686746987951,6,4,2.3333333333333335,18,0
u-0441,2025-09-01,71,6,6,2,2,11,11,2,1,2,1,18,240,120,120,Accessories,0.8450704225352113,8,1,1,28,0
u-0442,2025-09-01,179,1,1,6,6,21,20,4,3,8,1,24,1016,174,127,T-Shirts,1.3407821229050279,12,4,2.375,55,1
u-0443,2025-09-01,134,5,5,3,3,8,8,2,1,4,1,5,933.16,231.84,233.29,Sweaters,0.8955223880597015,6,4,3,23,0
u-0444,2025-09-01,211,23,23,1,1,1,1,0,0,4,0,62,590,0,147.5,Sweaters,0.5687203791469194,1,2,1.75,3,1
u-0445,2025-09-01,184,1,1,3,3,3,3,1,0,4,0,98,934,0,233.5,Jackets,0.6521739130434783,3,3,2.5,10,0
u-0446,2025-09-01,145,5,5,4,4,15,15,4,1,5,1,12,1309.76,257.6,261.95,Trousers,1.0344827586206897,8,5,3,40,0
u-0447,2025-09-01,217,3,3,3,3,16,16,1,1,4,0,34,840.16,0,210.04,Shoes,0.5529953917050692,12,3,2,37,0
u-0449,2025-09-01,205,1,1,6,6,18,18,4,3,5,1,18,874.68,190,174.94,Trousers,0.7317073170731707,10,2,2,50,0
u-0451,2025-09-01,110,52,52,0,0,0,0,0,0,2,0,62,545.2,0,272.6,Shirts,0.5454545454545455,0,2,3.5,0,1
u-0452,2025-09-01,51,1,1,4,4,15,15,3,0,1,0,40,231.84,0,231.84,Shoes,0.5882352941176471,9,1,2,37,0
u-0453,2025-09-01,40,10,10,3,3,11,11,1,0,2,1,10,264,222,132,T-Shirts,1.5,8,3,2,27,0
u-0455,2025-09-01,188,19,19,1,1,1,0,0,0,1,0,179,104,0,104,Dresses,0.1595744680851064,0,1,1,2,1
u-0457,2025-09-01,237,124,124,0,0,0,0,0,0,3,0,200,733.48,0,244.49,Jackets,0.37974683544303794,0,2,2.6666666666666665,0,1
u-0458,2025-09-01,85,1,1,3,3,12,12,1,1,1,0,79,264.96,0,264.96,Accessories,0.3529411764705882,10,1,3,29,0
u-0464,2025-09-01,23,6,6,3,3,4,3,2,1,1,1,15,386.4,386.4,386.4,Shoes,1,3,1,3,14,1
u-0465,2025-09-01,97,1,1,6,6,22,22,3,3,3,1,13,669.44,240,223.15,Shirts,0.9278350515463918,12,2,2.6666666666666665,57,0
u-0466,2025-09-01,31,12,12,2,2,6,5,2,1,1,1,24,194,194,194,Sweaters,0.9677419354838709,5,1,2,17,0
u-0467,2025-09-01,98,18,18,1,1,1,1,0,0,2,0,41,441.88,0,220.94,Accessories,0.6122448979591837,1,3,3,3,1
u-0469,2025-09-01,190,49,49,0,0,0,0,0,0,3,0,102,491.52,0,163.84,Accessories,0.4736842105263158,0,2,2,0,0
u-0470,2025-09-01,241,81,81,0,0,0,0,0,0,4,0,90,1555.44,0,388.86,Outerwear,0.4979253112033195,0,3,2.5,0,1
u-0471,2025-09-01,29,4,4,8,8,27,26,5,1,2,2,22,440.48,440.48,220.24,Jackets,2,13,3,2.5,69,0
u-0472,2025-09-01,215,1,1,3,3,11,11,1,1,3,0,63,304,0,101.33,Shirts,0.41860465116279066,9,1,1.3333333333333333,27,1
u-0473,2025-09-01,46,0,0,4,4,17,17,2,1,1,0,44,42,0,42,T-Shirts,0.6521739130434783,10,1,1,41,0
u-0474,2025-09-01,109,11,11,2,2,5,5,1,0,2,1,11,383,166,191.5,Trousers,0.5504587155963303,4,3,2.5,14,1
u-0475,2025-09-01,88,1,1,1,1,1,1,0,0,3,1,1,645.48,273.24,215.16,Jackets,1.0227272727272727,1,1,2.3333333333333335,4,0
u-0476,2025-09-01,7,0,0,2,2,2,1,2,0,1,1,0,353.28,353.28,353.28,Trousers,1,1,1,4,8,0
u-0477,2025-09-01,165,17,17,1,1,1,1,1,0,2,0,95,410.88,0,205.44,Accessories,0.36363636363636365,1,2,2.5,4,0
u-0478,2025-09-01,185,30,30,0,0,0,0,0,0,4,0,40,862.96,0,215.74,Accessories,0.6486486486486486,0,4,2.75,0,1
u-0480,2025-09-01,18,11,10,2,3,2,1,2,0,1,1,10,598.92,598.92,598.92,Outerwear,1,1,2,4,8,0
u-0481,2025-09-01,161,7,7,3,3,15,15,3,1,5,1,22,980.64,194,196.13,Sweaters,0.9316770186335405,11,4,2.2,38,0
u-0485,2025-09-01,114,1,1,5,5,23,23,1,1,2,0,47,597.04,0,298.52,Jackets,0.5263157894736842,13,3,3,53,0
u-0487,2025-09-01,116,4,4,4,4,18,18,2,0,5,1,18,1110.76,285.2,222.15,Accessories,1.293103448275862,12,6,2.2,43,0
u-0488,2025-09-01,145,8,8,3,3,13,13,3,2,3,1,8,1413.12,402.96,471.04,Outerwear,0.6206896551724138,9,5,3.6666666666666665,35,0
u-0489,2025-09-01,197,8,8,3,3,15,15,3,0,6,1,25,1506.4,196,251.07,Shoes,0.9137055837563453,9,2,2.1666666666666665,37,0
u-0490,2025-09-01,49,5,5,4,4,20,20,5,2,2,1,5,598.92,340.4,299.46,Outerwear,1.2244897959183674,10,2,2,52,0
u-0491,2025-09-01,237,62,62,0,0,0,0,0,0,2,0,136,598,0,299,Sweaters,0.2531645569620253,0,2,3.5,0,1
u-0492,2025-09-01,212,3,3,3,3,14,14,4,0,5,1,3,1096.84,353.28,219.37,Jackets,0.7075471698113208,10,4,2.4,36,0
u-0493,2025-09-01,125,2,2,4,4,17,17,1,0,2,0,102,420,0,210,Trousers,0.48,11,2,2,39,0
u-0494,2025-09-01,162,14,14,2,2,8,8,2,0,3,0,61,325,0,108.33,T-Shirts,0.5555555555555555,5,3,2.3333333333333335,20,1
u-0495,2025-09-01,57,3,3,5,5,21,21,3,1,2,1,23,282,180,141,T-Shirts,1.0526315789473684,13,2,3,52,0
u-0497,2025-09-01,184,4,3,3,3,11,11,1,0,3,0,33,633,0,211,Shoes,0.48913043478260865,8,4,2.6666666666666665,26,0
u-0499,2025-09-01,160,0,0,2,2,2,2,0,0,2,0,111,360.32,0,180.16,T-Shirts,0.375,2,3,2.5,6,1
u-0500,2025-09-01,42,2,2,8,8,28,28,6,3,3,1,20,688.96,56,229.65,Accessories,2.142857142857143,14,2,3,74,0
u-0501,2025-09-01,163,4,4,6,6,25,25,3,2,5,0,41,850.52,0,170.1,Shirts,0.920245398773006,11,4,2,61,0
u-0503,2025-09-01,240,44,44,0,0,0,0,0,0,7,0,112,3162.12,0,451.73,Outerwear,0.875,0,6,3.142857142857143,0,1
u-0505,2025-09-01,218,100,100,0,0,0,0,0,0,3,0,170,689.72,0,229.91,Dresses,0.41284403669724773,0,2,2.3333333333333335,0,0
u-0511,2025-09-01,93,4,4,3,3,12,12,2,3,2,1,17,273,88,136.5,Trousers,0.6451612903225806,10,2,1,33,0
u-0512,2025-09-01,7,4,4,2,2,2,1,2,0,1,1,4,42,42,42,T-Shirts,1,1,1,1,8,0
u-0513,2025-09-01,119,4,4,6,6,30,30,2,3,5,0,35,590,0,118,Trousers,1.2605042016806722,13,3,1.2,71,0
u-0516,2025-09-01,43,11,11,2,2,4,4,2,0,2,1,11,752.56,412.16,376.28,Outerwear,1.3953488372093024,3,2,2.5,13,0
u-0517,2025-09-01,10,8,8,2,2,2,1,2,0,1,1,8,287.04,287.04,287.04,Dresses,1,1,1,3,8,1
u-0518,2025-09-01,198,0,0,4,4,18,18,2,2,3,0,58,658.48,0,219.49,Shirts,0.4545454545454546,12,3,2.6666666666666665,44,0
u-0519,2025-09-01,199,7,7,3,3,10,10,2,1,7,1,7,1898.44,448.04,271.21,Jackets,1.0552763819095476,9,4,2.857142857142857,27,0
u-0522,2025-09-01,195,9,9,3,3,13,13,4,1,5,1,28,876,198,175.2,Jackets,0.7692307692307693,7,2,1.8,35,0
u-0524,2025-09-01,37,13,13,2,2,2,1,3,0,1,1,28,220,220,220,Sweaters,0.8108108108108107,1,1,2,9,0
u-0525,2025-09-01,43,5,5,3,3,7,7,1,1,1,0,34,687.24,0,687.24,Outerwear,0.6976744186046512,5,2,5,19,0
u-0526,2025-09-01,26,4,4,5,5,12,11,3,0,2,2,18,284,284,142,Jackets,2,9,2,1,33,0
u-0528,2025-09-01,40,4,4,3,3,15,15,2,0,1,0,32,92,0,92,Shirts,0.75,8,1,1,35,0
u-0529,2025-09-01,33,3,3,3,3,9,9,2,2,2,1,20,550.16,184,275.08,Trousers,1.8181818181818181,8,2,3,26,0
u-0531,2025-09-01,206,8,8,2,2,5,5,1,1,4,1,18,712.32,42,178.08,T-Shirts,0.5825242718446603,2,4,2.5,15,0
u-0532,2025-09-01,48,17,17,2,2,5,5,1,0,1,0,42,371.68,0,371.68,Dresses,0.625,5,2,4,13,1
u-0534,2025-09-01,197,5,5,3,3,11,11,2,1,6,0,32,1383.6,0,230.6,Shoes,0.9137055837563453,8,3,2,28,1
u-0535,2025-09-01,24,2,2,4,4,6,5,2,0,1,1,19,435.16,435.16,435.16,Trousers,1,4,2,4,18,1
u-0537,2025-09-01,136,0,0,5,5,22,22,4,3,4,0,34,1169.2,0,292.3,Sweaters,0.8823529411764706,11,1,3.5,56,0
u-0538,2025-09-01,147,2,2,7,7,33,33,3,1,4,0,32,749.12,0,187.28,Accessories,0.8163265306122448,13,2,2.25,77,0
u-0539,2025-09-01,184,11,11,2,2,8,8,0,1,3,0,68,774.28,0,258.09,Jackets,0.48913043478260865,8,2,2.6666666666666665,19,0
u-0540,2025-09-01,235,0,0,4,4,17,17,3,2,5,1,17,1057.36,316.48,211.47,Shoes,0.6382978723404256,12,4,2,44,0
u-0541,2025-09-01,5,2,1,2,3,2,1,2,0,1,1,1,102,102,102,T-Shirts,1,1,1,3,8,0
u-0542,2025-09-01,216,0,0,6,6,24,24,5,3,9,2,0,2960.84,523.4,328.98,Outerwear,1.25,14,7,2.4444444444444446,64,0
u-0546,2025-09-01,137,19,19,2,2,11,11,1,1,4,1,27,1057.12,231.84,264.28,Shoes,0.8759124087591241,8,2,2.25,27,0
u-0547,2025-09-01,118,3,3,3,3,12,12,2,2,3,1,3,696.84,120,232.28,Dresses,0.7627118644067797,9,4,2.3333333333333335,32,0
u-0549,2025-09-01,189,57,57,0,0,0,0,0,0,3,0,109,762.28,0,254.09,Outerwear,0.4761904761904762,0,4,2,0,1
u-0550,2025-09-01,16,10,10,2,2,2,1,2,0,1,1,10,208,208,208,Dresses,1,1,1,2,8,0
u-0552,2025-09-01,82,24,24,1,1,1,1,1,0,1,0,71,390.08,0,390.08,Dresses,0.36585365853658536,1,3,4,4,1
u-0554,2025-09-01,75,0,0,5,5,23,23,3,0,2,1,29,548.32,231.84,274.16,Shoes,0.8,16,2,2.5,55,0
u-0555,2025-09-01,29,5,5,4,4,11,10,2,0,1,1,22,360.64,360.64,360.64,Shoes,1,7,1,3,28,0
u-0556,2025-09-01,81,15,15,1,1,1,1,1,0,1,0,70,287.04,0,287.04,Dresses,0.37037037037037035,1,1,3,4,0
u-0557,2025-09-01,117,13,13,2,2,4,4,1,1,2,0,73,304,0,152,Sweaters,0.5128205128205129,4,1,1.5,12,1
u-0558,2025-09-01,43,3,3,5,5,21,21,4,2,2,1,17,726.88,185,363.44,Outerwear,1.3953488372093024,12,2,2.5,54,0
u-0559,2025-09-01,139,6,6,2,2,9,9,2,1,5,1,6,656,92,131.2,Sweaters,1.079136690647482,8,3,1.4,24,0
u-0560,2025-09-01,172,94,94,0,0,0,0,0,0,2,0,142,515.2,0,257.6,Shirts,0.3488372093023256,0,1,3.5,0,1
u-0561,2025-09-01,114,7,6,3,3,10,10,1,2,1,0,58,345,0,345,Shoes,0.2631578947368421,7,2,3,26,0
u-0562,2025-09-01,236,7,7,2,2,2,2,0,0,6,0,35,933.24,0,155.54,Trousers,0.7627118644067797,2,3,1.6666666666666667,6,0
u-0563,2025-09-01,17,2,2,3,3,8,7,3,0,1,1,10,275.08,275.08,275.08,Accessories,1,5,3,4,22,0
u-0564,2025-09-01,154,5,5,3,3,10,10,2,1,4,1,5,533,99,133.25,Jackets,0.7792207792207791,9,3,1.75,27,0
u-0565,2025-09-01,209,2,2,3,3,12,12,3,0,4,1,24,920.2,168,230.05,Accessories,0.5741626794258373,8,4,2.5,31,0
u-0566,2025-09-01,242,4,4,5,5,20,20,2,3,5,0,43,834,0,166.8,Accessories,0.6198347107438017,12,2,2,50,0
u-0568,2025-09-01,22,2,2,5,5,16,15,3,0,1,1,18,680.8,680.8,680.8,Outerwear,1,9,1,4,40,0
u-0570,2025-09-01,81,5,5,7,7,24,24,5,2,3,1,21,630.04,99,210.01,Jackets,1.111111111111111,12,3,2,63,0
u-0574,2025-09-01,34,0,0,7,7,28,28,4,4,1,0,32,147,0,147,Accessories,0.8823529411764706,12,2,2,71,1
u-0578,2025-09-01,96,6,6,3,3,10,10,3,1,2,0,75,297,0,148.5,Jackets,0.625,10,1,1.5,27,0
u-0579,2025-09-01,162,11,11,2,2,5,5,0,0,6,0,35,1415.16,0,235.86,Jackets,1.111111111111111,5,4,2.5,12,0
u-0580,2025-09-01,55,4,4,5,5,26,26,3,3,2,1,15,427.8,335.8,213.9,Jackets,1.090909090909091,13,2,2.5,64,0
u-0584,2025-09-01,81,3,3,3,3,8,8,2,1,3,1,3,638.72,56,212.91,Dresses,1.111111111111111,6,2,2.6666666666666665,23,0
u-0585,2025-09-01,182,0,0,2,2,2,2,0,0,4,0,66,1301.2,0,325.3,Outerwear,0.6593406593406593,1,2,2,6,1
u-0586,2025-09-01,85,3,3,6,6,25,25,4,2,2,0,63,686.4,0,343.2,Dresses,0.7058823529411764,14,1,3.5,62,0
u-0588,2025-09-01,61,1,1,3,3,13,13,1,0,2,0,40,606.28,0,303.14,Outerwear,0.9836065573770493,9,2,2,30,0
u-0589,2025-09-01,170,9,9,1,1,1,0,0,0,1,0,163,380.88,0,380.88,Sweaters,0.1764705882352941,0,1,4,2,1
u-0590,2025-09-01,122,2,2,6,6,25,25,4,3,5,2,2,675.68,160,135.14,T-Shirts,1.2295081967213115,15,3,2,65,0
u-0591,2025-09-01,10,5,5,2,2,2,1,2,0,1,1,5,240,240,240,Accessories,1,1,1,2,8,0
u-0592,2025-09-01,188,3,3,6,6,24,24,3,2,6,0,58,1816.2,0,302.7,Sweaters,0.9574468085106383,12,4,3.1666666666666665,59,0
u-0593,2025-09-01,57,3,3,3,3,12,12,1,1,2,1,3,334.56,88,167.28,Shirts,1.0526315789473684,10,3,2,30,0
u-0594,2025-09-01,195,71,71,0,0,0,0,0,0,3,0,161,585.52,0,195.17,Accessories,0.46153846153846156,0,3,2,0,0
u-0595,2025-09-01,157,9,9,2,2,9,9,1,0,4,0,45,903.76,0,225.94,Trousers,0.7643312101910827,8,2,2.75,21,0
u-0596,2025-09-01,143,0,0,6,6,27,27,2,2,5,1,21,1075.64,241.04,215.13,Shirts,1.048951048951049,11,3,2.4,65,0
u-0597,2025-09-01,61,2,2,3,3,12,12,3,1,1,0,51,208,0,208,T-Shirts,0.49180327868852464,10,2,3,31,0
u-0599,2025-09-01,85,3,3,2,2,10,10,1,0,1,0,75,42,0,42,T-Shirts,0.3529411764705882,8,1,1,23,0
u-0601,2025-09-01,35,1,1,6,6,18,17,4,2,2,2,10,558.44,558.44,279.22,Jackets,1.7142857142857142,11,2,3,49,0
u-0602,2025-09-01,84,4,4,7,7,27,27,3,3,2,0,31,461.92,0,230.96,Dresses,0.7142857142857143,14,2,2.5,67,0
u-0605,2025-09-01,138,1,1,7,7,26,26,4,2,4,1,25,720,112,180,Shoes,0.8695652173913044,14,3,1.75,66,0
u-0608,2025-09-01,69,6,6,3,3,13,13,2,3,2,1,6,319.12,56,159.56,Trousers,0.8695652173913044,10,2,2,35,0
u-0609,2025-09-01,165,8,8,3,3,14,14,3,3,4,0,78,990.2,0,247.55,Trousers,0.7272727272727273,10,3,3,37,0
u-0611,2025-09-01,186,170,170,0,0,0,0,0,0,1,0,179,510.6,0,510.6,Outerwear,0.16129032258064516,0,1,3,0,1
u-0613,2025-09-01,58,8,8,2,2,2,2,1,0,1,0,53,443.44,0,443.44,Outerwear,0.5172413793103449,2,2,3,7,0
u-0615,2025-09-01,87,13,13,1,1,1,1,0,0,1,0,79,188,0,188,T-Shirts,0.3448275862068966,1,2,3,3,1
u-0617,2025-09-01,154,2,2,2,2,2,2,0,0,6,0,60,1131.6,0,188.6,Sweaters,1.1688311688311688,2,3,2,6,0
u-0619,2025-09-01,124,5,5,4,4,16,16,6,0,4,2,19,1716.8,695.6,429.2,Outerwear,0.9677419354838709,11,1,2.5,44,0
u-0624,2025-09-01,126,7,6,3,3,9,9,3,1,2,1,29,445.28,92,222.64,Shirts,0.47619047619047616,7,3,2.5,26,1
u-0625,2025-09-01,14,0,0,5,5,15,14,4,0,1,1,11,257.6,257.6,257.6,Shoes,1,10,1,2,39,0
u-0626,2025-09-01,154,0,0,3,3,9,9,1,2,6,1,0,532,76,88.67,T-Shirts,1.1688311688311688,4,2,2,25,0
u-0628,2025-09-01,111,22,22,1,1,1,1,0,0,1,0,109,340.4,0,340.4,Outerwear,0.27027027027027023,1,1,2,3,0
u-0630,2025-09-01,192,17,17,2,2,5,5,1,0,4,0,48,689.04,0,172.26,Sweaters,0.625,4,4,2,13,0
u-0640,2025-09-01,173,1,1,3,3,16,16,2,1,5,1,12,799.36,76,159.87,T-Shirts,0.8670520231213873,9,3,2.2,39,1
u-0641,2025-09-01,227,5,5,2,2,9,9,1,1,5,0,45,1311.52,0,262.3,Jackets,0.6607929515418502,9,4,3,22,0
u-0643,2025-09-01,25,2,2,5,5,19,18,3,0,1,1,17,191,191,191,Trousers,1,12,1,2,46,0
u-0647,2025-09-01,84,11,11,2,2,5,5,2,0,1,0,79,238,0,238,Trousers,0.35714285714285715,5,2,3,14,0
u-0648,2025-09-01,98,0,0,3,3,12,12,2,2,3,1,21,618.44,183,206.15,Trousers,0.9183673469387755,8,2,2.3333333333333335,32,0
u-0652,2025-09-01,201,178,178,0,0,0,0,0,0,1,0,190,110,0,110,Sweaters,0.14925373134328357,0,1,1,0,1
u-0653,2025-09-01,129,1,1,4,4,14,14,4,0,4,2,11,532,323,133,Jackets,0.9302325581395349,11,4,1.5,38,0
u-0654,2025-09-01,234,6,6,3,3,12,12,1,1,8,1,15,2601.92,345,325.24,Shoes,1.0256410256410258,9,5,3.125,30,0
u-0657,2025-09-01,198,14,14,1,1,1,1,0,0,3,0,51,525.48,0,175.16,Sweaters,0.4545454545454546,1,2,1.6666666666666667,3,0
u-0658,2025-09-01,233,0,0,2,2,2,2,0,0,6,0,64,868,0,144.67,Shirts,0.7725321888412017,2,2,1.8333333333333333,6,1
u-0659,2025-09-01,37,7,7,4,4,12,11,4,2,2,2,20,514.76,514.76,257.38,Trousers,1.6216216216216215,8,3,2.5,35,0
u-0661,2025-09-01,160,16,16,1,1,1,1,0,0,4,0,104,773.24,0,193.31,Jackets,0.75,1,3,2.25,3,0
u-0663,2025-09-01,171,4,4,7,7,35,35,5,1,5,1,24,893.24,95,178.65,Trousers,0.8771929824561403,14,2,2,84,0
u-0665,2025-09-01,86,0,0,5,5,14,14,7,2,5,2,5,469,120,93.8,T-Shirts,1.744186046511628,10,4,1.6,44,0
u-0671,2025-09-01,211,172,172,0,0,0,0,0,0,1,0,201,237.36,0,237.36,Shoes,0.14218009478672985,0,3,3,0,1
u-0674,2025-09-01,175,139,139,0,0,0,0,0,0,1,0,166,349.6,0,349.6,Shoes,0.17142857142857143,0,3,4,0,1
u-0675,2025-09-01,216,167,167,0,0,0,0,0,0,3,0,183,895.84,0,298.61,Shoes,0.41666666666666663,0,3,2.6666666666666665,0,1
u-0677,2025-09-01,187,3,3,5,5,10,10,3,2,5,0,33,889.08,0,177.82,Jackets,0.8021390374331551,8,4,2,30,0
u-0679,2025-09-01,82,8,8,2,2,8,8,3,1,2,1,18,505.6,349.6,252.8,Shirts,0.7317073170731707,7,2,3,23,0
u-0681,2025-09-01,179,0,0,5,5,25,25,3,1,5,0,42,630,0,126,Dresses,0.8379888268156425,12,2,1.2,59,0
u-0682,2025-09-01,211,6,6,4,4,14,14,2,0,6,0,41,1399.52,0,233.25,Trousers,0.8530805687203792,10,1,2.6666666666666665,34,0
u-0684,2025-09-01,120,60,60,0,0,0,0,0,0,1,0,118,156,0,156,T-Shirts,0.25,0,2,3,0,1
u-0686,2025-09-01,60,13,13,2,2,9,9,2,1,2,1,13,500.48,242.88,250.24,Trousers,1,6,1,3,24,0
u-0688,2025-09-01,57,3,3,3,3,12,12,3,1,3,1,3,690.64,160,230.21,Shirts,1.5789473684210527,9,3,2.6666666666666665,32,0
u-0689,2025-09-01,64,17,17,1,1,1,1,0,0,1,0,58,185,0,185,Outerwear,0.46875,1,1,1,3,1
u-0690,2025-09-01,77,5,5,4,4,16,16,1,2,2,1,25,539.12,264.96,269.56,Trousers,0.7792207792207791,10,3,3.5,40,0
u-0693,2025-09-01,14,0,0,5,5,11,10,5,0,1,1,12,88,88,88,Trousers,1,7,1,1,32,1
u-0694,2025-09-01,32,7,7,3,3,7,6,3,2,1,1,23,259.44,259.44,259.44,Trousers,0.9375,5,2,3,22,0
u-0696,2025-09-01,55,2,2,4,4,21,21,2,3,2,1,2,554.84,185,277.42,Shirts,1.090909090909091,11,3,2.5,52,0
u-0697,2025-09-01,60,1,1,2,2,6,6,2,0,1,0,52,185,0,185,Outerwear,0.5,5,1,1,16,0
u-0698,2025-09-01,185,3,3,1,1,1,1,0,0,2,0,106,416,0,208,Accessories,0.3243243243243243,1,3,3,3,1
u-0699,2025-09-01,31,8,8,3,3,13,12,4,0,3,3,8,617.88,617.88,205.96,Accessories,2.9032258064516125,9,5,2.3333333333333335,35,0
u-0700,2025-09-01,160,4,4,5,5,22,22,1,0,7,0,33,1757.72,0,251.1,Sweaters,1.3125,9,4,2.4285714285714284,50,0
u-0701,2025-09-01,124,10,10,2,2,7,7,2,1,4,0,34,747.24,0,186.81,Jackets,0.9677419354838709,5,3,1.75,19,0
u-0702,2025-09-01,14,8,8,3,3,4,3,3,0,1,1,12,279.68,279.68,279.68,Dresses,1,3,2,3,14,0
u-0703,2025-09-01,180,1,1,8,8,40,40,5,3,5,2,8,1157.92,412.16,231.58,Shirts,0.8333333333333334,16,4,2.6,98,0
u-0705,2025-09-01,183,1,1,6,6,20,20,3,3,3,1,13,251,42,83.67,T-Shirts,0.49180327868852464,12,2,1.6666666666666667,53,0
u-0706,2025-09-01,205,9,9,3,3,11,11,3,2,4,0,37,870.64,0,217.66,Shoes,0.5853658536585367,7,4,2,30,0
u-0707,2025-09-01,12,10,10,2,2,2,1,2,0,1,1,10,99,99,99,Jackets,1,1,1,1,8,0
u-0709,2025-09-01,220,120,120,0,0,0,0,0,0,3,0,171,596.2,0,198.73,Accessories,0.4090909090909091,0,4,2.3333333333333335,0,1
u-0710,2025-09-01,229,0,0,3,3,16,16,2,2,4,1,25,870.2,182,217.55,Dresses,0.5240174672489083,10,4,2.25,40,0
u-0711,2025-09-01,170,66,66,0,0,0,0,0,0,1,0,160,271.4,0,271.4,Outerwear,0.1764705882352941,0,2,2,0,1
u-0712,2025-09-01,71,2,2,3,3,9,9,2,0,2,0,48,464.8,0,232.4,Jackets,0.8450704225352113,9,2,2.5,23,0
u-0713,2025-09-01,154,11,11,2,2,9,9,2,0,4,1,11,1381,299,345.25,Outerwear,0.7792207792207791,9,2,2.25,23,0
u-0714,2025-09-01,39,2,2,6,6,28,28,4,2,2,1,24,198,120,99,Accessories,1.5384615384615383,13,2,1,69,0
u-0718,2025-09-01,217,1,1,7,7,31,31,8,4,9,2,1,1383.84,316,153.76,Shirts,1.2442396313364055,15,6,1.6666666666666667,83,0
u-0720,2025-09-01,95,6,6,3,3,12,12,2,1,3,1,28,588.44,99,196.15,Jackets,0.9473684210526316,8,3,2.6666666666666665,31,1
u-0721,2025-09-01,187,8,8,2,2,7,7,3,2,3,1,22,626.4,340.4,208.8,Outerwear,0.48128342245989303,4,3,2,22,0
u-0722,2025-09-01,105,26,26,1,1,1,1,0,0,2,0,82,351.12,0,175.56,Trousers,0.5714285714285714,1,1,2,3,1
u-0724,2025-09-01,22,5,5,3,3,8,7,2,0,1,1,13,371.68,371.68,371.68,Outerwear,1,6,2,3,21,0
u-0725,2025-09-01,12,6,6,2,2,2,1,2,0,1,1,6,211,211,211,Jackets,1,1,2,2,8,0
u-0728,2025-09-01,190,9,9,2,2,6,6,3,0,4,2,9,1067.84,600.64,266.96,Accessories,0.6315789473684211,5,4,3,19,1
u-0730,2025-09-01,208,1,1,2,2,2,2,2,0,5,0,76,1640,0,328,Shoes,0.7211538461538461,2,3,3.2,8,0
u-0732,2025-09-01,77,3,3,4,4,15,15,3,0,3,1,3,396,99,132,Jackets,1.1688311688311688,11,1,1.3333333333333333,38,0
u-0734,2025-09-01,31,5,5,3,4,10,9,3,0,1,1,28,110,110,110,Sweaters,0.9677419354838709,6,1,1,26,0
u-0735,2025-09-01,73,8,8,3,3,11,11,2,1,1,0,71,110,0,110,Sweaters,0.4109589041095891,7,1,1,28,1
u-0736,2025-09-01,152,6,6,1,1,1,1,0,0,2,0,70,312,0,156,Dresses,0.39473684210526316,1,1,1.5,3,0
u-0738,2025-09-01,225,8,8,3,3,11,11,2,1,4,0,63,633.12,0,158.28,Trousers,0.5333333333333333,7,2,1.75,28,0
u-0739,2025-09-01,233,11,11,1,1,1,0,0,0,4,0,155,708,0,177,Dresses,0.5150214592274678,0,2,1.75,2,1
u-0740,2025-09-01,82,39,39,0,0,0,0,0,0,1,0,78,232,0,232,Shirts,0.36585365853658536,0,2,2,0,1
u-0744,2025-09-01,147,4,4,3,3,11,11,1,1,4,0,31,1044.8,0,261.2,Shoes,0.8163265306122448,7,3,2.5,27,0
u-0745,2025-09-01,182,0,0,3,3,12,12,3,2,7,1,0,2223.96,185,317.71,Outerwear,1.153846153846154,8,3,2,33,0
u-0746,2025-09-01,112,0,0,3,3,13,13,3,2,2,0,66,180,0,90,Trousers,0.5357142857142857,10,2,1,34,0
u-0747,2025-09-01,230,3,3,9,9,40,40,7,5,7,2,14,898,321,128.29,T-Shirts,0.9130434782608695,16,4,2,103,0
u-0751,2025-09-01,23,11,11,3,4,3,2,3,0,1,1,20,198,198,198,Jackets,1,2,1,2,12,1
u-0752,2025-09-01,10,5,5,2,2,2,1,2,0,1,1,5,140,140,140,Shoes,1,1,1,1,8,0
u-0753,2025-09-01,36,1,1,7,7,25,24,7,5,2,2,10,205,205,102.5,Trousers,1.6666666666666667,13,2,1,70,0
u-0755,2025-09-01,66,0,0,5,5,22,22,3,0,2,1,7,515.2,279.68,257.6,Sweaters,0.9090909090909091,13,3,3,53,0
u-0756,2025-09-01,147,0,0,6,6,25,25,7,3,7,2,0,1351.52,335.6,193.07,Shirts,1.4285714285714284,13,3,2.142857142857143,68,0
u-0759,2025-09-01,111,2,2,3,3,10,10,1,2,3,1,2,572.4,194,190.8,Sweaters,0.8108108108108107,9,2,2.6666666666666665,27,0
u-0760,2025-09-01,58,55,55,0,0,0,0,0,0,1,0,55,144,0,144,Sweaters,0.5172413793103449,0,2,2,0,1
u-0761,2025-09-01,174,2,2,5,5,26,26,2,1,7,0,30,1554.6,0,222.09,Trousers,1.206896551724138,11,5,2.2857142857142856,60,0
u-0763,2025-09-01,105,10,10,2,2,7,7,2,2,2,0,73,824.4,0,412.2,Outerwear,0.5714285714285714,6,2,2.5,20,0
u-0765,2025-09-01,67,3,3,4,4,16,16,1,2,2,0,30,240,0,120,T-Shirts,0.8955223880597015,9,2,2.5,39,1
u-0766,2025-09-01,72,0,0,3,3,13,13,1,2,1,0,69,287.04,0,287.04,Dresses,0.4166666666666667,9,1,3,32,0
u-0767,2025-09-01,95,0,0,5,5,22,22,3,1,2,0,30,713.92,0,356.96,Accessories,0.6315789473684211,12,2,3.5,53,0
u-0768,2025-09-01,151,6,6,3,3,9,9,3,0,5,1,6,1127.04,225,225.41,Trousers,0.9933774834437087,9,3,2.6,25,0
u-0770,2025-09-01,38,5,5,4,4,9,9,5,2,2,1,22,480.64,120,240.32,Accessories,1.5789473684210527,8,2,2.5,30,0
u-0771,2025-09-01,82,0,0,5,5,20,20,3,1,2,1,23,587.88,340.4,293.94,Outerwear,0.7317073170731707,10,2,2,50,0
u-0772,2025-09-01,147,73,73,0,0,0,0,0,0,1,0,143,216,0,216,Accessories,0.2040816326530612,0,1,3,0,1
u-0773,2025-09-01,162,12,12,2,2,9,9,3,1,6,2,12,1888.32,713,314.72,Jackets,1.111111111111111,7,7,3.5,26,0
u-0775,2025-09-01,50,6,6,2,2,6,6,2,1,1,0,41,78,0,78,Shirts,0.6,6,1,1,17,0
u-0776,2025-09-01,102,2,2,9,9,33,33,7,4,2,0,32,238,0,119,Shirts,0.5882352941176471,15,1,1.5,86,0
u-0777,2025-09-01,110,10,10,2,2,7,7,1,0,3,0,51,403,0,134.33,Jackets,0.8181818181818182,7,3,1.3333333333333333,17,1
u-0778,2025-09-01,136,6,6,2,2,7,7,3,1,4,1,6,1086.88,402.96,271.72,Shirts,0.8823529411764706,5,3,3,21,0
u-0779,2025-09-01,14,4,4,2,2,2,1,2,0,1,1,4,388.24,388.24,388.24,Jackets,1,1,2,4,8,0
u-0783,2025-09-01,176,4,4,4,4,17,17,5,0,5,1,17,1265.36,334.88,253.07,Shoes,0.8522727272727273,10,2,2.2,44,1
u-0785,2025-09-01,35,2,2,5,5,16,15,4,0,1,1,29,253.92,253.92,253.92,Shirts,0.8571428571428571,12,2,3,41,0
u-0788,2025-09-01,171,13,13,5,5,16,16,3,2,6,1,20,1201.2,220,200.2,Sweaters,1.0526315789473684,10,3,2.1666666666666665,43,0
u-0789,2025-09-01,51,2,2,7,7,33,33,3,1,3,2,2,470,232,156.67,Shirts,1.7647058823529411,15,1,2,79,0
u-0790,2025-09-01,26,7,7,3,3,4,3,2,0,1,1,19,208,208,208,Dresses,1,3,1,2,13,0
u-0791,2025-09-01,222,1,1,1,1,1,0,0,0,4,0,152,784.8,0,196.2,Sweaters,0.5405405405405405,0,2,2.25,2,1
u-0792,2025-09-01,129,72,72,0,0,0,0,0,0,2,0,108,198,0,99,Jackets,0.46511627906976744,0,1,1,0,1
u-0793,2025-09-01,135,1,1,3,3,3,3,0,0,4,0,31,1163.52,0,290.88,Shoes,0.8888888888888888,3,4,2.75,9,1
u-0798,2025-09-01,78,6,6,2,2,12,12,2,0,2,1,17,188,76,94,Shirts,0.7692307692307692,9,2,1,29,1
u-0799,2025-09-01,119,50,50,0,0,0,0,0,0,1,0,110,263.12,0,263.12,Trousers,0.25210084033613445,0,1,3,0,1
u-0800,2025-09-01,58,0,0,5,5,15,15,4,2,3,2,0,835.68,372,278.56,Shoes,1.5517241379310345,10,3,2.3333333333333335,43,0
u-0801,2025-09-01,95,1,1,6,6,14,14,3,0,3,1,23,653.88,208,217.96,Dresses,0.9473684210526316,11,4,2.6666666666666665,38,0
u-0802,2025-09-01,41,12,12,3,3,10,10,2,2,1,0,39,242.88,0,242.88,Accessories,0.7317073170731707,7,1,4,27,1
u-0805,2025-09-01,166,4,4,3,3,8,8,4,1,4,1,24,1017.6,338.56,254.4,Jackets,0.7228915662650602,5,6,2.5,25,0
u-0811,2025-09-01,23,2,2,7,7,17,16,6,1,2,2,10,432,432,216,Shirts,2,10,1,2.5,49,0
u-0812,2025-09-01,71,2,2,5,5,20,20,3,3,2,0,37,208,0,104,Dresses,0.8450704225352113,13,1,1,51,0
u-0814,2025-09-01,43,0,0,6,6,24,24,5,3,3,2,12,569.16,315.24,189.72,Jackets,2.0930232558139537,8,4,2.3333333333333335,64,0
u-0815,2025-09-01,98,0,0,8,8,31,31,6,2,3,0,58,1320.2,0,440.07,Outerwear,0.9183673469387755,14,2,2.6666666666666665,78,0
u-0816,2025-09-01,42,3,3,4,4,21,21,1,3,1,0,34,271.4,0,271.4,Jackets,0.7142857142857143,13,3,3,50,0
u-0818,2025-09-01,218,107,107,0,0,0,0,0,0,4,0,159,982.28,0,245.57,Trousers,0.5504587155963303,0,3,2.5,0,1
u-0819,2025-09-01,226,2,2,4,4,19,19,1,0,6,0,41,1158.76,0,193.13,Jackets,0.7964601769911505,12,4,1.8333333333333333,43,0
u-0820,2025-09-01,127,6,6,3,3,12,12,0,0,2,0,51,196,0,98,Accessories,0.47244094488188976,10,2,1,27,0
u-0821,2025-09-01,180,6,6,4,4,16,16,2,2,6,1,13,1773.32,140,295.55,Outerwear,1,12,3,2,41,0
u-0822,2025-09-01,75,3,3,5,5,13,13,3,2,2,0,30,390,0,195,Sweaters,0.8,8,2,2,36,1
u-0824,2025-09-01,143,1,1,4,4,16,16,3,2,5,1,7,715.52,168,143.1,T-Shirts,1.048951048951049,12,4,2.4,42,0
u-0825,2025-09-01,196,6,6,3,3,8,8,2,0,6,0,34,1445.12,0,240.85,Shirts,0.9183673469387755,7,4,2.6666666666666665,21,0
u-0831,2025-09-01,136,10,10,1,1,1,1,0,0,4,0,69,1325.72,0,331.43,Outerwear,0.8823529411764706,1,4,2.5,3,1
u-0833,2025-09-01,116,7,7,2,2,9,9,2,2,2,1,20,695.84,507.84,347.92,Dresses,0.5172413793103449,5,3,4,25,0
u-0834,2025-09-01,117,1,1,4,4,19,19,3,2,2,0,48,528.64,0,264.32,Accessories,0.5128205128205129,13,2,3,47,0
u-0836,2025-09-01,173,19,19,1,1,1,0,0,0,1,0,166,231,0,231,Shirts,0.17341040462427745,0,2,3,2,0
u-0837,2025-09-01,78,32,32,0,0,0,0,0,0,1,0,76,208,0,208,Dresses,0.3846153846153846,0,1,2,0,1
u-0838,2025-09-01,178,9,9,2,2,10,10,1,0,4,1,21,577,104,144.25,Shirts,0.6741573033707865,7,4,1.75,24,1
u-0839,2025-09-01,21,0,0,6,6,18,17,4,1,2,2,0,346,346,173,Sweaters,2,10,2,2,48,0
u-0841,2025-09-01,169,5,5,3,3,10,10,4,1,3,1,5,639.96,273.24,213.32,Jackets,0.5325443786982248,8,2,2.3333333333333335,29,0
u-0843,2025-09-01,47,0,0,5,5,16,16,3,2,2,0,37,467.92,0,233.96,Jackets,1.2765957446808511,10,2,2.5,42,0
u-0844,2025-09-01,115,8,8,3,3,12,12,1,1,3,1,8,460,168,153.33,Accessories,0.7826086956521738,8,2,2,30,0
u-0845,2025-09-01,39,4,4,3,3,10,9,4,0,2,2,4,441.6,441.6,220.8,Shirts,1.5384615384615383,6,1,3,28,1
u-0847,2025-09-01,196,0,0,3,3,8,8,2,2,5,1,0,2225.56,280.6,445.11,Outerwear,0.7653061224489796,5,3,3,24,0
u-0848,2025-09-01,22,5,5,5,5,18,17,3,0,1,1,11,188,188,188,Shirts,1,9,2,2,44,0
u-0849,2025-09-01,35,0,0,4,4,14,13,4,2,1,1,26,185,185,185,Outerwear,0.8571428571428571,11,1,1,38,0
u-0850,2025-09-01,133,67,67,0,0,0,0,0,0,1,0,122,257.6,0,257.6,Shoes,0.22556390977443608,0,1,2,0,1
u-0851,2025-09-01,235,14,14,1,1,1,1,1,0,3,0,68,532.16,0,177.39,T-Shirts,0.3829787234042553,1,3,2.6666666666666665,4,0
u-0852,2025-09-01,82,0,0,7,7,26,26,4,3,3,1,21,574.12,104,191.37,Dresses,1.0975609756097562,12,3,2,67,0
u-0853,2025-09-01,178,2,2,6,6,29,29,5,2,5,1,28,1198.64,255.76,239.73,Sweaters,0.8426966292134831,15,4,2.6,72,0
u-0854,2025-09-01,204,0,0,5,5,15,15,5,3,7,1,29,1609.16,140,229.88,Sweaters,1.0294117647058825,10,4,2,44,0
u-0855,2025-09-01,12,5,5,2,2,2,1,2,0,1,1,5,42,42,42,T-Shirts,1,1,1,1,8,0
u-0856,2025-09-01,238,70,70,0,0,0,0,0,0,3,0,178,563,0,187.67,Jackets,0.37815126050420167,0,2,2,0,1
u-0857,2025-09-01,166,15,14,1,2,6,6,2,0,1,0,85,185,0,185,Outerwear,0.18072289156626506,6,1,1,15,1
u-0858,2025-09-01,161,41,41,0,0,0,0,0,0,1,0,154,224,0,224,Shoes,0.1863354037267081,0,1,2,0,1
u-0859,2025-09-01,116,6,6,5,5,19,19,4,1,4,2,12,950.68,571.32,237.67,Shirts,1.0344827586206897,11,5,2.75,50,0
u-0863,2025-09-01,29,3,3,8,8,21,20,6,3,2,2,20,332,332,166,Trousers,2,12,2,2,60,0
u-0865,2025-09-01,71,2,2,7,7,33,33,4,4,3,1,2,588.4,231.84,196.13,Sweaters,1.267605633802817,15,2,2.3333333333333335,82,0
u-0866,2025-09-01,191,13,13,4,4,16,16,3,2,6,1,18,1628.8,198,271.47,Jackets,0.9424083769633509,10,3,3,42,0
u-0867,2025-09-01,116,0,0,3,3,15,15,3,1,3,1,14,363,102,121,T-Shirts,0.7758620689655172,10,2,2,38,1
u-0869,2025-09-01,3,1,1,2,2,2,1,2,0,1,1,1,112,112,112,Shoes,1,1,1,1,8,0
u-0872,2025-09-01,7,2,1,2,3,2,1,2,0,1,1,1,250,250,250,Accessories,1,1,2,4,8,0
u-0874,2025-09-01,148,35,35,0,0,0,0,0,0,2,0,119,132,0,66,T-Shirts,0.4054054054054054,0,2,1.5,0,0
u-0877,2025-09-01,70,7,7,6,6,29,29,5,2,3,2,12,612.72,520.72,204.24,Shirts,1.2857142857142856,14,4,2.3333333333333335,73,0
u-0878,2025-09-01,97,0,0,5,5,17,17,4,2,4,1,0,532.72,42,133.18,T-Shirts,1.2371134020618557,10,3,2.75,46,0
u-0880,2025-09-01,146,84,84,0,0,0,0,0,0,1,0,140,340.4,0,340.4,Outerwear,0.20547945205479454,0,1,2,0,0
u-0881,2025-09-01,131,3,3,8,8,23,23,6,2,5,0,33,852,0,170.4,Shirts,1.1450381679389314,13,1,2.2,62,0
u-0882,2025-09-01,133,5,5,3,3,16,16,3,1,4,1,5,912.24,273.24,228.06,Jackets,0.9022556390977443,9,3,2.5,40,0
u-0883,2025-09-01,224,28,28,1,1,1,1,0,0,4,0,87,674.56,0,168.64,Sweaters,0.5357142857142857,1,3,1.5,3,0
u-0884,2025-09-01,10,8,8,2,2,2,1,2,0,1,1,8,263.12,263.12,263.12,Trousers,1,1,1,3,8,0
u-0885,2025-09-01,193,35,35,0,0,0,0,0,0,4,0,35,802,0,200.5,Sweaters,0.6217616580310881,0,3,2.25,0,1
u-0888,2025-09-01,27,1,1,7,7,21,20,5,1,2,2,5,536.64,536.64,268.32,Dresses,2,11,4,3,56,0
u-0889,2025-09-01,146,10,10,1,1,1,1,0,0,4,0,102,1172.12,0,293.03,Dresses,0.8219178082191781,1,4,2.75,3,0
u-0890,2025-09-01,187,0,0,7,7,30,30,3,2,7,1,0,687,190,98.14,T-Shirts,1.1229946524064172,14,4,2,73,0
u-0892,2025-09-01,184,4,4,3,3,9,9,2,0,3,1,15,1005.44,287.04,335.15,Dresses,0.48913043478260865,6,2,3.3333333333333335,24,1
u-0893,2025-09-01,192,118,118,0,0,0,0,0,0,1,0,190,110,0,110,Sweaters,0.15625,0,1,1,0,1
u-0895,2025-09-01,180,104,104,0,0,0,0,0,0,1,0,177,364.32,0,364.32,Jackets,0.16666666666666666,0,1,4,0,1
u-0897,2025-09-01,16,10,10,2,2,2,1,2,0,1,1,10,147,147,147,Accessories,1,1,2,2,8,0
u-0899,2025-09-01,165,7,7,2,2,7,7,1,0,3,0,69,1118.72,0,372.91,Dresses,0.5454545454545454,6,2,3.6666666666666665,17,0
u-0900,2025-09-01,119,0,0,4,4,12,12,1,1,4,0,31,743,0,185.75,Sweaters,1.0084033613445378,10,2,2,30,0
u-0904,2025-09-01,234,135,135,0,0,0,0,0,0,1,0,229,99,0,99,Jackets,0.12820512820512822,0,1,1,0,0
u-0905,2025-09-01,11,2,2,2,2,2,1,2,0,1,1,2,216,216,216,Accessories,1,1,1,3,8,0
u-0906,2025-09-01,13,3,3,2,2,2,1,2,0,1,1,3,510.6,510.6,510.6,Outerwear,1,1,1,3,8,0
u-0908,2025-09-01,95,5,5,7,7,33,33,4,0,4,1,28,664,120,166,Accessories,1.2631578947368423,14,3,1.75,78,0
u-0909,2025-09-01,74,7,7,2,2,9,9,2,1,2,0,30,520.72,0,260.36,Shoes,0.8108108108108107,7,3,2.5,23,0
u-0910,2025-09-01,94,3,3,3,3,12,12,3,0,3,1,3,1055.96,382.72,351.99,Dresses,0.9574468085106383,6,3,3.3333333333333335,31,1
u-0911,2025-09-01,19,1,1,3,4,4,3,2,1,1,1,11,224,224,224,Shoes,1,3,1,2,14,1
u-0912,2025-09-01,133,3,3,3,3,9,9,3,1,4,0,30,824.08,0,206.02,Dresses,0.9022556390977443,8,2,2.25,25,0
u-0914,2025-09-01,10,2,2,2,2,2,1,2,0,1,1,2,293.48,293.48,293.48,Accessories,1,1,3,3,8,1
u-0915,2025-09-01,73,7,7,3,3,14,14,2,2,1,0,66,176,0,176,Trousers,0.4109589041095891,9,1,2,35,0
u-0917,2025-09-01,210,38,38,0,0,0,0,0,0,2,0,147,649.52,0,324.76,Accessories,0.2857142857142857,0,2,3.5,0,1
u-0918,2025-09-01,149,64,64,0,0,0,0,0,0,5,0,77,1055.68,0,211.14,Trousers,1.006711409395973,0,2,2.4,0,1
u-0919,2025-09-01,46,4,4,6,6,24,24,3,1,2,1,12,507.84,252.08,253.92,Sweaters,1.3043478260869565,13,2,3,59,0
u-0921,2025-09-01,110,6,6,4,4,16,16,2,1,2,0,67,571.32,0,285.66,Jackets,0.5454545454545455,10,3,3.5,39,0
u-0929,2025-09-01,172,3,3,3,3,9,9,1,2,5,0,34,1311.2,0,262.24,Jackets,0.872093023255814,6,4,2.6,24,0
u-0930,2025-09-01,29,4,3,3,3,10,10,2,0,1,1,18,84,84,84,Sweaters,1,10,1,1,26,1
u-0931,2025-09-01,112,0,0,7,7,26,26,6,2,5,1,9,1066.8,224,213.36,Shirts,1.3392857142857142,14,4,2.4,68,0
u-0932,2025-09-01,200,3,3,6,6,22,22,4,3,5,0,34,1029.08,0,205.82,Jackets,0.75,14,6,2,57,0
u-0933,2025-09-01,5,2,2,2,2,2,1,2,0,1,1,2,436.08,436.08,436.08,Shoes,1,1,2,4,8,0
u-0935,2025-09-01,193,5,5,2,2,9,9,2,2,3,0,31,847.44,0,282.48,Sweaters,0.46632124352331605,8,3,3,24,0
u-0936,2025-09-01,23,1,1,6,6,14,13,4,1,1,1,20,78,78,78,Shirts,1,10,1,1,39,0
u-0937,2025-09-01,149,1,1,5,5,13,13,5,3,5,3,3,1398.84,693.2,279.77,Sweaters,1.006711409395973,8,6,3,42,0
u-0938,2025-09-01,107,33,33,0,0,0,0,0,0,1,0,100,412.16,0,412.16,Accessories,0.2803738317757009,0,2,4,0,1
u-0941,2025-09-01,45,2,2,4,4,19,19,2,2,3,1,2,1008.32,402.04,336.11,Shoes,2,11,4,3,47,0
u-0942,2025-09-01,209,2,2,7,7,26,26,5,4,5,2,6,2052.52,758.08,410.5,Outerwear,0.7177033492822966,13,3,2.6,70,0
u-0944,2025-09-01,226,16,16,2,2,10,10,2,2,7,0,43,1221.8,0,174.54,Shirts,0.9292035398230089,9,4,2,26,1
u-0946,2025-09-01,34,5,5,2,2,7,7,1,0,1,0,30,56,0,56,Accessories,0.8823529411764706,3,1,1,17,1
u-0947,2025-09-01,139,0,0,4,4,9,9,3,2,5,1,15,852.76,95,170.55,Trousers,1.079136690647482,6,4,1.8,28,0
u-0951,2025-09-01,10,1,1,2,2,2,1,2,0,1,1,1,331.2,331.2,331.2,Shoes,1,1,3,4,8,0
u-0953,2025-09-01,222,111,111,0,0,0,0,0,0,2,0,194,368.56,0,184.28,Jackets,0.27027027027027023,0,2,2,0,1
u-0954,2025-09-01,166,121,121,0,0,0,0,0,0,1,0,160,264.04,0,264.04,Trousers,0.18072289156626506,0,1,3,0,1
u-0955,2025-09-01,40,1,1,4,4,11,11,3,1,1,0,33,96,0,96,Trousers,0.75,7,1,1,30,0
u-0958,2025-09-01,239,9,9,2,2,7,7,2,1,5,1,9,1047.44,56,209.49,Trousers,0.6276150627615062,7,3,2.2,20,0
u-0959,2025-09-01,103,11,11,1,1,1,1,0,0,2,0,61,708.4,0,354.2,Sweaters,0.5825242718446603,1,1,3.5,3,1
u-0961,2025-09-01,166,21,21,1,1,1,1,0,0,2,0,88,1077.32,0,538.66,Outerwear,0.3614457831325301,1,4,4,3,1
u-0962,2025-09-01,210,5,5,3,3,10,10,2,0,5,0,57,1078.08,0,215.62,Jackets,0.7142857142857143,6,3,2.6,25,0
u-0963,2025-09-01,66,63,63,0,0,0,0,0,0,1,0,63,56,0,56,Accessories,0.45454545454545453,0,1,1,0,1
u-0964,2025-09-01,240,13,13,2,2,2,2,0,0,3,0,76,464,0,154.67,T-Shirts,0.375,2,2,3.3333333333333335,6,1
u-0965,2025-09-01,111,6,6,1,1,1,1,0,0,2,0,65,381.52,0,190.76,Shirts,0.5405405405405405,1,2,3,3,1
u-0967,2025-09-01,55,4,4,2,2,2,2,0,0,1,0,50,303.6,0,303.6,Trousers,0.5454545454545455,2,2,3,6,1
u-0970,2025-09-01,242,10,10,1,1,1,1,0,0,3,0,142,761.84,0,253.95,Shirts,0.37190082644628103,1,3,3,3,1
u-0971,2025-09-01,214,45,45,0,0,0,0,0,0,3,0,117,710.24,0,236.75,Jackets,0.4205607476635514,0,2,2.3333333333333335,0,1
u-0972,2025-09-01,241,21,21,1,1,5,5,0,1,5,0,94,969.64,0,193.93,Trousers,0.6224066390041494,3,3,2.4,12,1
u-0973,2025-09-01,242,6,6,4,4,16,16,2,1,5,1,23,2567.8,185,513.56,Outerwear,0.6198347107438017,10,1,3,40,0
u-0974,2025-09-01,73,7,7,3,3,9,9,2,1,3,1,7,683.04,152,227.68,Dresses,1.2328767123287672,7,3,2.3333333333333335,25,0
u-0976,2025-09-01,228,2,2,3,3,6,6,2,2,4,0,42,1007.76,0,251.94,Accessories,0.5263157894736842,4,4,3.25,19,0
u-0979,2025-09-01,193,99,99,0,0,0,0,0,0,1,0,191,208,0,208,Accessories,0.15544041450777202,0,2,3,0,0
u-0980,2025-09-01,171,13,13,2,2,9,9,1,0,4,0,36,620,0,155,T-Shirts,0.7017543859649122,6,3,3.25,21,0
u-0981,2025-09-01,169,7,7,2,2,5,5,1,1,5,0,31,781,0,156.2,Accessories,0.8875739644970414,5,4,1.4,14,1
u-0983,2025-09-01,176,3,3,5,5,19,19,4,2,6,1,3,1369.6,184,228.27,Shirts,1.0227272727272727,10,3,2.6666666666666665,50,1
u-0984,2025-09-01,127,6,6,2,2,10,10,2,0,3,0,46,820.56,0,273.52,Jackets,0.7086614173228346,9,2,3,24,0
u-0985,2025-09-01,229,5,5,2,2,2,2,0,0,4,0,55,1017.88,0,254.47,Accessories,0.5240174672489083,2,2,3,6,0
u-0987,2025-09-01,67,7,6,4,4,11,11,3,2,1,0,48,92,0,92,Shirts,0.44776119402985076,5,1,1,31,0
u-0992,2025-09-01,176,66,66,0,0,0,0,0,0,2,0,158,520.8,0,260.4,Shoes,0.34090909090909094,0,3,3,0,1
u-0997,2025-09-01,18,7,7,3,3,5,4,3,0,1,1,13,198,198,198,Sweaters,1,4,2,2,16,1
u-0998,2025-09-01,157,13,13,2,2,9,9,3,1,5,1,23,971.76,281.52,194.35,T-Shirts,0.9554140127388535,6,5,2.8,25,0
u-0999,2025-09-01,148,4,4,4,4,19,19,4,1,5,1,26,1421.56,286.12,284.31,Outerwear,1.0135135135135134,11,5,2.6,48,1
u-1000,2025-09-01,60,5,5,4,4,13,13,0,2,2,0,44,318,0,159,Accessories,1,9,2,1.5,32,0
u-1001,2025-09-01,222,51,51,0,0,0,0,0,0,3,0,145,321,0,107,Accessories,0.4054054054054054,0,3,1.3333333333333333,0,1
u-1002,2025-09-01,132,1,1,5,5,18,18,3,0,6,1,16,553,42,92.17,T-Shirts,1.3636363636363635,10,3,2,45,0
u-1004,2025-09-01,24,4,4,4,4,12,11,4,0,1,1,16,260.36,260.36,260.36,Dresses,1,10,3,3,32,0
u-1005,2025-09-01,120,53,53,0,0,0,0,0,0,2,0,53,179,0,89.5,Sweaters,0.5,0,2,1,0,1
u-1007,2025-09-01,222,161,161,0,0,0,0,0,0,2,0,186,486.28,0,243.14,Shirts,0.27027027027027023,0,4,2.5,0,1
u-1010,2025-09-01,232,5,5,3,3,11,11,2,0,5,0,34,723,0,144.6,Accessories,0.646551724137931,9,3,1.8,27,0
u-1011,2025-09-01,113,0,0,9,9,39,39,6,3,4,2,6,848.32,624.32,212.08,Sweaters,1.0619469026548674,15,3,2.25,98,0
u-1012,2025-09-01,225,9,9,2,2,7,7,1,0,1,0,218,146,0,146,Shoes,0.13333333333333333,5,2,2,17,0
u-1014,2025-09-01,164,1,1,6,6,28,28,3,3,4,0,48,630.52,0,157.63,Shirts,0.7317073170731707,14,4,1.5,68,1
u-1015,2025-09-01,111,0,0,5,5,18,18,4,1,3,1,20,861.04,386.4,287.01,Trousers,0.8108108108108107,12,3,3,47,0
u-1016,2025-09-01,33,6,6,3,3,10,9,2,1,1,1,23,154,154,154,Accessories,0.9090909090909091,7,2,2,26,0
u-1017,2025-09-01,203,1,1,3,3,9,9,3,2,5,1,14,957.28,242.88,191.46,Accessories,0.7389162561576355,8,3,2.2,27,0
u-1019,2025-09-01,17,0,0,5,5,15,14,4,1,1,1,10,253.92,253.92,253.92,Dresses,1,11,2,3,40,0
u-1021,2025-09-01,168,12,12,2,2,7,7,1,2,3,0,48,840.88,0,280.29,Sweaters,0.5357142857142857,4,4,3,19,1
u-1022,2025-09-01,242,10,10,2,2,6,6,2,1,9,0,41,2300.36,0,255.6,Sweaters,1.115702479338843,5,6,3.111111111111111,17,1
u-1023,2025-09-01,56,12,12,3,3,8,8,1,1,2,0,40,553.6,0,276.8,Outerwear,1.0714285714285714,6,3,2,21,1
u-1024,2025-09-01,202,7,7,3,3,14,14,1,2,4,0,35,1142.28,0,285.57,Jackets,0.594059405940594,11,6,3.25,34,1
u-1026,2025-09-01,148,3,3,4,4,16,16,2,2,4,1,23,1674.52,591.56,418.63,Outerwear,0.8108108108108107,11,4,3,41,0
u-1027,2025-09-01,84,5,5,6,6,28,28,3,3,1,0,73,147,0,147,Accessories,0.35714285714285715,15,2,2,68,0
u-1028,2025-09-01,16,10,10,2,2,2,1,2,0,1,1,10,431.48,431.48,431.48,Trousers,1,1,2,5,8,0
u-1029,2025-09-01,30,5,5,3,5,9,8,4,1,1,1,21,102,102,102,T-Shirts,1,7,1,3,26,0
u-1030,2025-09-01,125,8,8,2,2,2,2,0,0,3,0,45,1361.6,0,453.87,Outerwear,0.72,2,1,2.6666666666666665,6,0
u-1031,2025-09-01,40,2,2,7,7,27,27,4,2,2,1,11,851,510.6,425.5,Outerwear,1.5,12,1,2.5,68,0
u-1032,2025-09-01,242,91,91,0,0,0,0,0,0,2,0,209,370,0,185,Outerwear,0.24793388429752067,0,1,1,0,1
u-1033,2025-09-01,122,3,3,3,3,11,11,1,0,3,1,3,404,116,134.67,Shirts,0.7377049180327869,10,2,1.6666666666666667,27,0
u-1034,2025-09-01,12,4,4,2,2,2,1,2,0,1,1,4,102,102,102,T-Shirts,1,1,1,3,8,0
u-1035,2025-09-01,155,105,105,0,0,0,0,0,0,1,0,152,242,0,242,Accessories,0.1935483870967742,0,3,5,0,1
u-1036,2025-09-01,241,4,4,3,3,15,15,3,1,7,1,4,1406.32,76,200.9,Jackets,0.8713692946058091,8,4,2.2857142857142856,38,0
u-1037,2025-09-01,188,10,10,2,2,10,10,3,0,4,1,10,692.24,281.52,173.06,Shirts,0.6382978723404256,8,2,2.5,26,0
u-1038,2025-09-01,78,1,1,5,5,20,20,4,2,3,2,8,1116.04,695.6,372.01,Outerwear,1.1538461538461537,13,3,3,53,0
u-1040,2025-09-01,177,26,26,1,1,1,1,0,0,2,0,126,477.68,0,238.84,Sweaters,0.3389830508474576,1,2,2.5,3,0
u-1041,2025-09-01,11,2,2,3,3,6,5,3,0,1,1,5,102,102,102,T-Shirts,1,5,1,3,18,1
u-1044,2025-09-01,173,2,2,6,6,32,32,2,1,6,1,2,1137.44,120,189.57,Accessories,1.0404624277456647,12,2,1.8333333333333333,74,0
u-1045,2025-09-01,157,6,6,2,2,6,6,1,1,4,0,34,531,0,132.75,Shirts,0.7643312101910827,4,2,1.75,16,1
u-1046,2025-09-01,191,48,48,0,0,0,0,0,0,4,0,98,894.04,0,223.51,Accessories,0.6282722513089005,0,4,2.75,0,1
u-1047,2025-09-01,173,6,6,2,2,2,2,0,0,5,0,31,1967.88,0,393.58,Outerwear,0.8670520231213873,2,4,2.8,6,1
u-1049,2025-09-01,34,8,8,3,3,6,5,5,0,2,2,16,297,297,148.5,Outerwear,1.7647058823529411,4,2,1,21,0
u-1050,2025-09-01,102,8,7,4,4,14,14,4,0,4,1,8,1146.8,96,286.7,Shoes,1.1764705882352942,10,4,2.75,37,0
u-1051,2025-09-01,16,9,9,2,2,2,1,2,0,1,1,9,455.4,455.4,455.4,Trousers,1,1,2,5,8,0
u-1052,2025-09-01,59,1,1,4,4,20,20,4,2,2,1,1,474.04,187,237.02,Dresses,1.0169491525423728,13,3,2.5,51,0
u-1054,2025-09-01,164,5,5,4,4,13,13,3,3,4,1,23,1050.04,350.52,262.51,Trousers,0.7317073170731707,12,2,3,37,0
u-1055,2025-09-01,33,6,6,3,3,7,6,4,1,1,1,29,99,99,99,Jackets,0.9090909090909091,5,1,1,22,0
u-1057,2025-09-01,213,5,5,5,5,18,18,7,4,8,2,10,1618.48,326,202.31,Sweaters,1.1267605633802817,12,2,2.125,54,0
u-1059,2025-09-01,33,1,1,3,4,7,6,4,1,2,2,14,449.6,449.6,224.8,Trousers,1.8181818181818181,6,1,2.5,23,0
u-1060,2025-09-01,49,11,11,1,1,1,1,0,0,1,0,47,99,0,99,Jackets,0.6122448979591837,1,1,1,3,1
u-1062,2025-09-01,187,83,83,0,0,0,0,0,0,2,0,126,405.76,0,202.88,Dresses,0.32085561497326204,0,2,2,0,1
u-1063,2025-09-01,170,5,5,3,3,4,4,2,0,5,0,33,1808.88,0,361.78,Outerwear,0.8823529411764706,4,2,2.2,13,1
u-1064,2025-09-01,221,47,47,0,0,0,0,0,0,3,0,102,471.24,0,157.08,Jackets,0.4072398190045249,0,1,1.6666666666666667,0,1
u-1065,2025-09-01,118,24,24,1,1,1,1,1,0,1,0,116,313.72,0,313.72,Shirts,0.2542372881355932,1,2,3,4,1
u-1067,2025-09-01,31,7,7,3,3,6,5,3,1,2,2,7,835.36,835.36,417.68,Outerwear,1.9354838709677418,4,2,3,20,0
u-1070,2025-09-01,197,7,7,2,2,10,10,1,0,4,0,58,854.8,0,213.7,Outerwear,0.6091370558375635,8,3,1.75,23,1
u-1071,2025-09-01,98,10,10,2,2,7,7,1,0,1,0,88,345.92,0,345.92,Trousers,0.30612244897959184,7,2,3,17,0
u-1074,2025-09-01,89,30,30,0,0,0,0,0,0,1,0,85,178,0,178,T-Shirts,0.33707865168539325,0,2,3,0,1
u-1076,2025-09-01,90,9,9,2,2,8,8,2,1,2,0,42,441.36,0,220.68,Shoes,0.6666666666666666,7,2,2,21,0
u-1078,2025-09-01,73,2,2,3,3,9,9,2,0,3,1,27,841.28,192,280.43,Accessories,1.2328767123287672,6,4,2.6666666666666665,24,0
u-1082,2025-09-01,118,36,36,0,0,0,0,0,0,5,0,38,1183.96,0,236.79,Trousers,1.2711864406779663,0,3,2.8,0,0
u-1083,2025-09-01,59,5,5,3,3,8,8,2,2,1,0,49,232,0,232,Accessories,0.5084745762711864,7,2,4,23,1
u-1085,2025-09-01,76,5,5,3,3,9,9,0,1,3,0,34,543.64,0,181.21,Trousers,1.1842105263157896,8,2,2,22,0
u-1086,2025-09-01,146,52,52,0,0,0,0,0,0,4,0,52,933.04,0,233.26,Trousers,0.8219178082191781,0,3,2.5,0,1
u-1088,2025-09-01,111,24,24,1,1,1,1,0,0,2,0,65,576.4,0,288.2,Trousers,0.5405405405405405,1,3,2.5,3,0
u-1090,2025-09-01,19,9,9,2,2,2,1,2,0,1,1,9,185,185,185,Outerwear,1,1,1,1,8,0
u-1091,2025-09-01,94,6,6,4,4,19,19,2,1,3,1,11,416,240,138.67,Accessories,0.9574468085106383,12,2,2,46,1
u-1092,2025-09-01,157,7,7,3,3,13,13,2,1,4,1,23,1469.24,245.64,367.31,Sweaters,0.7643312101910827,10,3,4,33,0
u-1093,2025-09-01,49,5,5,3,3,6,6,1,2,1,0,45,680.8,0,680.8,Outerwear,0.6122448979591837,5,1,4,18,0
u-1094,2025-09-01,160,0,0,6,6,20,20,4,2,5,0,34,1094.08,0,218.82,Dresses,0.9375,12,1,2.2,52,0
u-1096,2025-09-01,8,4,4,2,2,2,1,2,0,1,1,4,185,185,185,Outerwear,1,1,1,1,8,0
u-1099,2025-09-01,123,24,24,1,1,1,1,0,0,2,0,71,526.48,0,263.24,Trousers,0.48780487804878053,1,3,2.5,3,1
u-1100,2025-09-01,232,40,40,0,0,0,0,0,0,3,0,161,360,0,120,Dresses,0.3879310344827586,0,3,1.3333333333333333,0,1
u-0001,2025-10-01,45,37,37,0,0,0,0,0,0,1,0,37,194,0,194,Sweaters,0.6666666666666666,0,1,2,0,0
u-0003,2025-10-01,113,5,5,3,3,12,12,4,2,3,1,16,615.04,287.04,205.01,Dresses,0.7964601769911505,7,2,2,34,0
u-0004,2025-10-01,79,0,0,6,6,28,28,8,4,4,3,0,695.44,557.44,173.86,Dresses,1.518987341772152,12,3,2,77,0
u-0007,2025-10-01,125,1,1,3,3,13,13,2,0,3,1,10,287,136,95.67,T-Shirts,0.72,11,3,2,32,0
u-0009,2025-10-01,59,1,1,4,4,15,15,3,1,1,0,50,136,0,136,Shirts,0.5084745762711864,10,1,2,38,0
u-0010,2025-10-01,171,10,10,2,2,7,7,3,0,3,1,10,1092.96,412.16,364.32,Outerwear,0.5263157894736842,7,4,3,20,0
u-0011,2025-10-01,252,146,146,0,0,0,0,0,0,2,0,175,478.72,0,239.36,Sweaters,0.23809523809523808,0,4,2.5,0,0
u-0012,2025-10-01,202,7,7,3,3,10,10,2,0,5,1,7,1230.88,112,246.18,Shoes,0.7425742574257426,7,1,2.2,26,0
u-0013,2025-10-01,255,120,120,0,0,0,0,0,0,3,0,157,1206.2,0,402.07,Outerwear,0.35294117647058826,0,1,2.3333333333333335,0,1
u-0014,2025-10-01,197,50,50,0,0,0,0,0,0,1,0,191,246,0,246,Jackets,0.15228426395939088,0,2,3,0,1
u-0016,2025-10-01,238,10,10,2,2,7,7,1,1,4,1,19,646.32,364.32,161.58,Jackets,0.5042016806722689,4,2,1.75,19,1
u-0017,2025-10-01,15,1,1,3,3,3,2,2,0,1,1,7,293.48,293.48,293.48,Shoes,1,2,2,3,11,1
u-0018,2025-10-01,40,6,6,2,2,8,8,2,1,1,0,34,191,0,191,Jackets,0.75,6,2,2,21,0
u-0020,2025-10-01,218,137,137,0,0,0,0,0,0,4,0,137,1008.48,0,252.12,Jackets,0.5504587155963303,0,4,2.5,0,1
u-0022,2025-10-01,118,5,5,3,3,18,18,3,1,2,1,15,214,104,107,Dresses,0.5084745762711864,10,2,1,44,1
u-0023,2025-10-01,98,1,1,3,3,6,6,1,0,3,1,16,1357.92,515.2,452.64,Shoes,0.9183673469387755,5,3,4,17,0
u-0024,2025-10-01,62,2,2,3,3,14,14,0,0,1,0,52,382.72,0,382.72,Dresses,0.48387096774193544,10,1,4,31,0
u-0025,2025-10-01,137,7,7,3,3,13,13,3,1,4,1,16,965.84,364.32,241.46,Jackets,0.8759124087591241,9,3,2.5,34,0
u-0026,2025-10-01,257,3,3,7,7,34,34,5,3,8,1,12,1524.88,166,190.61,Trousers,0.933852140077821,16,5,2.125,84,0
u-0028,2025-10-01,263,226,226,0,0,0,0,0,0,2,0,226,444.96,0,222.48,T-Shirts,0.22813688212927755,0,2,2.5,0,1
u-0031,2025-10-01,191,6,6,3,3,11,11,2,1,5,1,6,2356.2,639.4,471.24,Outerwear,0.7853403141361257,7,2,2.8,29,0
u-0032,2025-10-01,204,12,11,2,2,9,9,2,1,2,1,12,252,112,126,Shoes,0.29411764705882354,7,1,1,24,1
u-0033,2025-10-01,168,90,90,0,0,0,0,0,0,3,0,96,477,0,159,Sweaters,0.5357142857142857,0,3,1.6666666666666667,0,0
u-0034,2025-10-01,218,78,78,0,0,0,0,0,0,2,0,170,370,0,185,Accessories,0.27522935779816515,0,3,1.5,0,1
u-0035,2025-10-01,262,1,1,6,6,24,24,4,2,7,1,1,1976.6,289.8,282.37,Sweaters,0.801526717557252,12,3,3,61,0
u-0036,2025-10-01,156,1,1,2,2,8,8,2,1,2,0,82,294,0,147,Shirts,0.3846153846153846,8,2,1.5,21,0
u-0037,2025-10-01,96,4,4,3,3,10,10,2,1,3,1,4,866.88,95,288.96,Trousers,0.9375,8,1,3.3333333333333335,27,0
u-0038,2025-10-01,51,1,1,7,7,22,22,3,1,1,0,42,439.76,0,439.76,Jackets,0.5882352941176471,10,2,4,55,0
u-0039,2025-10-01,82,6,6,2,2,6,6,2,0,2,1,6,555.04,222,277.52,Shoes,0.7317073170731707,6,2,2.5,17,0
u-0040,2025-10-01,153,17,17,1,1,1,1,0,0,3,0,81,500,0,166.67,Accessories,0.5882352941176471,1,2,2.3333333333333335,3,1
u-0041,2025-10-01,162,5,5,4,4,16,16,2,2,5,1,17,1577.56,402.96,315.51,Outerwear,0.9259259259259258,9,5,2.4,41,0
u-0044,2025-10-01,18,10,10,2,2,2,1,2,0,1,1,10,304.52,304.52,304.52,Trousers,1,1,2,3,8,0
u-0045,2025-10-01,135,3,3,5,5,21,21,3,0,6,1,19,1302.84,168,217.14,Accessories,1.3333333333333333,13,3,2.1666666666666665,51,0
u-0046,2025-10-01,9,2,2,3,3,7,6,3,1,1,1,7,96,96,96,Trousers,1,5,1,1,21,0
u-0049,2025-10-01,215,3,3,1,1,1,1,0,0,4,0,67,719.52,0,179.88,Shoes,0.5581395348837209,1,3,2,3,1
u-0050,2025-10-01,192,123,123,0,0,0,0,0,0,1,0,183,56,0,56,Accessories,0.15625,0,1,1,0,0
u-0053,2025-10-01,30,0,0,6,7,24,23,5,2,2,2,13,334,334,167,Shirts,2,12,2,2,62,0
u-0054,2025-10-01,28,0,0,8,8,28,27,6,2,1,1,25,42,42,42,T-Shirts,1,14,1,1,72,0
u-0055,2025-10-01,96,7,7,2,2,10,10,1,0,2,0,60,396,0,198,Jackets,0.625,8,1,2,23,1
u-0056,2025-10-01,124,4,4,4,4,18,18,3,3,5,2,11,592,175,118.4,T-Shirts,1.2096774193548385,10,4,1.8,48,0
u-0057,2025-10-01,53,3,3,3,3,12,12,2,1,1,0,50,237.36,0,237.36,T-Shirts,0.5660377358490566,9,2,4,30,0
u-0058,2025-10-01,151,2,2,4,4,17,17,5,2,5,1,2,1390.24,309.12,278.05,Shoes,0.9933774834437087,12,2,2.6,46,0
u-0060,2025-10-01,59,5,5,4,4,16,16,2,2,2,1,12,274,76,137,T-Shirts,1.0169491525423728,10,3,2.5,41,0
u-0061,2025-10-01,58,2,2,3,3,13,13,3,0,1,0,49,56,0,56,Accessories,0.5172413793103449,10,1,1,32,1
u-0062,2025-10-01,242,8,8,1,1,5,5,1,1,4,1,8,728,120,182,Accessories,0.49586776859504134,5,2,2,14,0
u-0064,2025-10-01,14,3,3,3,4,6,5,3,1,1,1,9,99,99,99,Jackets,1,4,1,1,19,1
u-0066,2025-10-01,123,6,6,3,3,9,8,3,0,2,1,29,317.28,261.28,158.64,Accessories,0.48780487804878053,7,2,2.5,24,0
u-0067,2025-10-01,121,5,5,6,6,22,22,4,1,4,2,5,638.4,366.4,159.6,Trousers,0.9917355371900827,12,2,1.75,57,0
u-0068,2025-10-01,236,161,161,0,0,0,0,0,0,1,0,230,99,0,99,Jackets,0.1271186440677966,0,1,1,0,1
u-0072,2025-10-01,272,244,244,0,0,0,0,0,0,1,0,265,276,0,276,Shoes,0.11029411764705882,0,2,3,0,1
u-0073,2025-10-01,84,1,1,4,4,18,18,2,1,2,1,1,178,42,89,T-Shirts,0.7142857142857143,13,2,2,44,0
u-0074,2025-10-01,82,1,1,2,2,2,2,1,0,2,0,63,475.52,0,237.76,Accessories,0.7317073170731707,1,2,2.5,7,0
u-0075,2025-10-01,203,172,172,0,0,0,0,0,0,2,0,191,362,0,181,Shoes,0.2955665024630542,0,2,1.5,0,0
u-0076,2025-10-01,161,3,3,7,7,23,23,3,2,5,0,36,978.24,0,195.65,T-Shirts,0.9316770186335405,13,4,3.4,58,0
u-0077,2025-10-01,160,19,19,2,2,5,5,2,1,4,1,28,1208.16,382.72,302.04,Accessories,0.75,3,3,3.5,16,0
u-0078,2025-10-01,104,10,10,2,2,5,5,1,1,2,1,10,178,102,89,T-Shirts,0.5769230769230769,4,1,2.5,15,0
u-0080,2025-10-01,270,4,4,4,4,12,12,3,0,5,0,33,1266.32,0,253.26,Dresses,0.5555555555555556,10,3,2.6,31,0
u-0081,2025-10-01,22,2,2,7,7,21,20,4,1,1,1,14,768.2,768.2,768.2,Outerwear,1,11,2,5,54,0
u-0082,2025-10-01,241,82,82,0,0,0,0,0,0,2,0,200,349.36,0,174.68,Shoes,0.24896265560165975,0,2,2,0,1
u-0083,2025-10-01,9,0,0,3,3,5,4,3,1,1,1,6,299.92,299.92,299.92,Shirts,1,4,1,4,17,1
u-0084,2025-10-01,134,5,5,2,2,9,9,2,0,2,1,13,294,218,147,Shirts,0.44776119402985076,8,2,1.5,23,1
u-0085,2025-10-01,224,7,7,2,2,11,11,3,0,6,2,7,958.64,154,159.77,Shirts,0.8035714285714286,8,2,2,29,0
u-0087,2025-10-01,39,3,3,8,8,27,26,7,2,1,1,29,198,198,198,Jackets,0.7692307692307692,13,1,2,71,0
u-0088,2025-10-01,29,4,4,5,5,13,12,5,2,1,1,25,198,198,198,Jackets,1,9,1,2,38,0
u-0089,2025-10-01,48,0,0,3,3,14,14,1,1,1,0,45,185,0,185,Outerwear,0.625,9,1,1,33,0
u-0090,2025-10-01,141,10,10,2,2,6,6,1,1,3,0,32,852,0,284,Dresses,0.6382978723404255,4,3,3,16,0
u-0091,2025-10-01,139,4,3,7,7,24,24,5,5,5,2,19,688,302,137.6,Shirts,1.079136690647482,11,2,1.8,67,0
u-0093,2025-10-01,208,7,7,4,4,20,20,3,0,7,2,7,816,262,116.57,T-Shirts,1.0096153846153846,11,3,2.142857142857143,49,0
u-0094,2025-10-01,167,5,5,6,6,22,22,4,4,5,0,38,1596.64,0,319.33,Sweaters,0.8982035928143713,13,4,3.8,58,0
u-0096,2025-10-01,89,2,2,7,7,31,31,5,4,3,0,35,560,0,186.67,Outerwear,1.0112359550561798,13,2,1.3333333333333333,78,0
u-0097,2025-10-01,25,7,7,4,4,9,8,3,0,1,1,19,96,96,96,Trousers,1,7,1,1,25,0
u-0098,2025-10-01,30,0,0,5,6,17,16,5,0,1,1,28,224,224,224,Shoes,1,11,1,2,44,0
u-0102,2025-10-01,135,102,102,0,0,0,0,0,0,1,0,133,241.04,0,241.04,Sweaters,0.2222222222222222,0,2,3,0,1
u-0103,2025-10-01,109,4,4,5,5,19,19,4,3,4,1,14,492,42,123,Sweaters,1.1009174311926606,10,3,1.5,51,0
u-0104,2025-10-01,3,0,0,2,2,2,1,2,0,1,1,0,146,146,146,Shoes,1,1,2,2,8,0
u-0105,2025-10-01,228,10,10,1,1,1,1,1,0,5,0,52,1203.8,0,240.76,Dresses,0.6578947368421053,1,3,2.4,4,0
u-0106,2025-10-01,67,7,7,3,3,13,13,2,0,2,0,38,408,0,204,Accessories,0.8955223880597015,10,1,3.5,31,1
u-0107,2025-10-01,141,0,0,4,4,17,17,2,1,3,0,41,648.48,0,216.16,Shirts,0.6382978723404255,12,3,2.3333333333333335,41,0
u-0108,2025-10-01,184,1,1,9,9,34,34,7,4,9,3,5,1993.08,677.6,221.45,Sweaters,1.467391304347826,14,7,2.4444444444444446,91,0
u-0109,2025-10-01,208,23,23,1,1,1,0,0,0,1,0,204,386.4,0,386.4,Shoes,0.14423076923076922,0,1,3,2,0
u-0110,2025-10-01,130,3,3,3,3,7,7,3,0,3,1,3,495,208,165,Dresses,0.6923076923076924,5,4,2,21,0
u-0111,2025-10-01,153,5,5,3,3,11,11,3,1,3,1,27,764.08,390.08,254.69,Trousers,0.5882352941176471,8,3,3,30,0
u-0112,2025-10-01,194,3,3,6,6,20,20,5,2,7,1,15,1394.04,235.52,199.15,Shirts,1.0824742268041236,15,3,2.4285714285714284,54,0
u-0113,2025-10-01,66,7,7,4,4,15,15,1,2,1,0,56,185,0,185,Outerwear,0.45454545454545453,8,1,1,37,0
u-0115,2025-10-01,269,6,6,4,4,20,20,1,1,7,1,14,1370.72,99,195.82,Jackets,0.7806691449814126,12,6,2.142857142857143,47,0
u-0116,2025-10-01,226,62,62,0,0,0,0,0,0,3,0,77,545,0,181.67,Trousers,0.39823008849557523,0,3,1.6666666666666667,0,1
u-0118,2025-10-01,117,3,3,3,3,17,17,4,1,2,1,17,392,184,196,Shirts,0.5128205128205129,10,2,2,43,0
u-0119,2025-10-01,141,34,34,0,0,0,0,0,0,2,0,83,1021.2,0,510.6,Outerwear,0.425531914893617,0,1,3,0,1
u-0120,2025-10-01,215,6,6,5,5,17,17,3,3,6,0,34,2257,0,376.17,Outerwear,0.8372093023255813,12,1,2.1666666666666665,45,1
u-0122,2025-10-01,244,106,106,0,0,0,0,0,0,5,0,175,914.8,0,182.96,Shirts,0.6147540983606558,0,3,2.2,0,1
u-0123,2025-10-01,242,38,38,0,0,0,0,0,0,4,0,170,1260.64,0,315.16,Outerwear,0.49586776859504134,0,3,2,0,1
u-0124,2025-10-01,219,7,7,3,3,14,14,3,1,8,1,25,2044.84,249.32,255.6,Trousers,1.095890410958904,11,5,3,36,0
u-0125,2025-10-01,64,3,3,6,6,22,22,4,4,2,1,17,272,96,136,Trousers,0.9375,12,1,1.5,59,0
u-0126,2025-10-01,103,0,0,5,5,24,24,5,0,4,2,7,624.68,344.68,156.17,Trousers,1.1650485436893205,14,3,1.5,60,1
u-0127,2025-10-01,62,7,7,2,2,5,5,1,1,1,0,58,185,0,185,Outerwear,0.48387096774193544,4,1,1,14,0
u-0128,2025-10-01,53,7,7,2,2,7,7,1,1,1,0,47,208,0,208,Dresses,0.5660377358490566,6,1,2,18,0
u-0129,2025-10-01,182,116,116,0,0,0,0,0,0,1,0,172,176,0,176,Trousers,0.16483516483516483,0,1,2,0,1
u-0130,2025-10-01,80,2,2,4,4,18,18,5,0,3,1,9,671.04,196,223.68,Dresses,1.125,11,3,2.3333333333333335,46,0
u-0131,2025-10-01,248,66,66,0,0,0,0,0,0,3,0,104,403.76,0,134.59,T-Shirts,0.36290322580645157,0,3,2,0,0
u-0132,2025-10-01,174,7,7,3,3,11,11,3,2,5,1,7,829.48,163,165.9,T-Shirts,0.8620689655172414,9,5,2.8,31,0
u-0133,2025-10-01,68,3,3,3,3,14,14,3,2,2,1,17,755.32,304.52,377.66,Outerwear,0.8823529411764706,10,3,3,37,0
u-0136,2025-10-01,76,2,2,5,5,18,18,6,2,2,1,27,266,190,133,Trousers,0.7894736842105263,11,2,1.5,50,0
u-0138,2025-10-01,123,5,5,6,6,19,19,2,1,4,0,40,911.2,0,227.8,Jackets,0.9756097560975611,13,5,2.5,47,0
u-0139,2025-10-01,147,8,8,2,2,3,3,0,0,2,0,71,512.56,0,256.28,Sweaters,0.4081632653061224,2,3,2.5,8,0
u-0140,2025-10-01,50,42,42,0,0,0,0,0,0,1,0,42,168,0,168,Sweaters,0.6,0,1,2,0,1
u-0141,2025-10-01,204,33,33,0,0,0,0,0,0,3,0,93,823.04,0,274.35,Shirts,0.4411764705882353,0,2,3.3333333333333335,0,0
u-0143,2025-10-01,174,1,1,8,8,40,40,6,4,6,1,6,1041.48,96,173.58,Trousers,1.0344827586206897,16,6,2,99,0
u-0144,2025-10-01,273,0,0,3,3,8,8,3,0,6,1,21,1068.04,219,178.01,T-Shirts,0.6593406593406593,8,6,2.5,23,0
u-0147,2025-10-01,57,10,10,2,2,10,10,3,2,2,1,19,252,84,126,Sweaters,1.0526315789473684,9,1,1.5,28,0
u-0148,2025-10-01,120,13,13,2,2,4,4,0,1,4,0,59,1406.68,0,351.67,Shoes,1,4,2,3,11,1
u-0149,2025-10-01,272,3,3,5,5,24,24,1,2,6,0,94,1423.68,0,237.28,Accessories,0.6617647058823529,11,4,2.5,56,0
u-0150,2025-10-01,112,4,4,4,4,13,13,4,1,3,1,4,608,205,202.67,Sweaters,0.8035714285714286,9,2,2,36,0
u-0151,2025-10-01,14,2,2,3,4,6,5,2,1,1,1,10,276,276,276,Shoes,1,5,2,3,18,0
u-0152,2025-10-01,12,5,5,2,2,2,1,2,0,1,1,5,273.24,273.24,273.24,Jackets,1,1,1,3,8,0
u-0153,2025-10-01,202,2,2,5,5,20,20,3,1,4,1,7,715.28,353.28,178.82,T-Shirts,0.594059405940594,10,4,2.75,50,0
u-0154,2025-10-01,268,7,7,4,4,12,12,4,2,4,2,7,813,429,203.25,Sweaters,0.44776119402985076,9,3,2.25,36,1
u-0156,2025-10-01,23,9,9,3,3,7,6,3,0,2,2,9,499.68,499.68,249.84,Sweaters,2,6,1,2.5,21,0
u-0157,2025-10-01,187,100,100,0,0,0,0,0,0,2,0,119,272,0,136,Trousers,0.32085561497326204,0,1,1.5,0,0
u-0158,2025-10-01,138,4,4,4,4,16,16,4,3,5,2,13,951.44,383.68,190.29,Dresses,1.0869565217391306,12,4,2.2,45,1
u-0160,2025-10-01,101,6,6,5,5,24,24,4,2,5,1,16,1846.16,99,369.23,Outerwear,1.4851485148514851,15,4,2.4,60,0
u-0161,2025-10-01,109,5,5,4,4,16,16,4,1,3,1,23,510,96,170,Accessories,0.8256880733944955,11,2,2.3333333333333335,42,0
u-0164,2025-10-01,68,4,4,4,4,16,16,2,1,1,0,58,310.96,0,310.96,Jackets,0.4411764705882353,11,2,3,39,0
u-0165,2025-10-01,221,3,3,6,6,26,26,2,2,5,1,13,972.68,92,194.54,Jackets,0.6787330316742082,12,4,2.2,63,0
u-0166,2025-10-01,34,0,0,4,5,12,11,2,1,1,1,26,273.24,273.24,273.24,Jackets,0.8823529411764706,6,1,3,31,0
u-0167,2025-10-01,109,5,5,3,3,12,12,3,3,3,2,5,615.92,270,205.31,Trousers,0.8256880733944955,8,3,2.3333333333333335,35,0
u-0169,2025-10-01,124,61,61,0,0,0,0,0,0,1,0,113,198,0,198,Jackets,0.24193548387096772,0,1,2,0,0
u-0170,2025-10-01,126,5,5,8,8,36,36,7,2,5,2,7,761.04,448.04,152.21,Trousers,1.1904761904761905,14,2,1.8,91,0
u-0172,2025-10-01,50,14,14,2,2,2,2,1,0,1,0,40,185,0,185,Outerwear,0.6,2,1,1,7,0
u-0173,2025-10-01,34,4,4,4,5,16,15,3,2,1,1,23,257.6,257.6,257.6,Shoes,0.8823529411764706,12,1,2,41,0
u-0174,2025-10-01,108,3,3,4,4,16,16,1,3,3,0,36,394,0,131.33,Shirts,0.8333333333333333,12,1,1.6666666666666667,40,1
u-0178,2025-10-01,213,57,57,0,0,0,0,0,0,3,0,102,1456.36,0,485.45,Outerwear,0.4225352112676057,0,3,3.3333333333333335,0,1
u-0179,2025-10-01,55,2,2,4,4,19,19,1,1,2,0,49,370,0,185,Outerwear,1.090909090909091,13,1,1,44,1
u-0182,2025-10-01,157,97,97,0,0,0,0,0,0,1,0,148,96,0,96,Accessories,0.19108280254777069,0,1,2,0,1
u-0183,2025-10-01,10,7,7,2,2,2,1,2,0,1,1,7,183,183,183,Trousers,1,1,1,2,8,0
u-0186,2025-10-01,29,0,0,6,6,17,16,6,2,2,2,9,298,298,149,Accessories,2,9,3,1.5,49,0
u-0189,2025-10-01,158,2,2,5,5,25,25,5,3,5,1,13,1457.84,347.76,291.57,Trousers,0.949367088607595,13,3,3.2,64,0
u-0190,2025-10-01,223,152,152,0,0,0,0,0,0,1,0,214,242.88,0,242.88,Accessories,0.13452914798206278,0,1,4,0,1
u-0191,2025-10-01,12,10,10,2,2,2,1,2,0,1,1,10,110,110,110,Sweaters,1,1,1,1,8,1
u-0192,2025-10-01,194,139,139,0,0,0,0,0,0,1,0,188,176,0,176,Trousers,0.15463917525773196,0,1,2,0,0
u-0194,2025-10-01,30,0,0,6,7,10,9,3,1,1,1,28,42,42,42,T-Shirts,1,8,1,1,30,1
u-0197,2025-10-01,167,16,16,1,1,1,1,0,0,1,0,158,301.76,0,301.76,Shoes,0.17964071856287425,1,2,3,3,1
u-0198,2025-10-01,95,9,9,2,2,2,2,1,0,2,0,83,445,0,222.5,Trousers,0.6315789473684211,1,2,2.5,7,1
u-0199,2025-10-01,50,1,1,7,7,26,26,8,2,3,2,12,881.92,617.88,293.97,Trousers,1.7999999999999998,12,1,3.3333333333333335,71,0
u-0203,2025-10-01,16,6,5,2,3,2,1,2,0,1,1,5,233.68,233.68,233.68,Sweaters,1,1,2,3,8,0
u-0204,2025-10-01,260,4,4,6,6,27,27,4,3,10,0,36,1310,0,131,T-Shirts,1.153846153846154,15,5,2.5,67,0
u-0206,2025-10-01,195,4,4,3,3,16,16,2,2,3,1,25,603.24,273.24,201.08,Jackets,0.46153846153846156,11,3,2.3333333333333335,40,1
u-0207,2025-10-01,257,6,6,4,4,16,16,2,2,6,0,80,916,0,152.67,Accessories,0.7003891050583658,9,3,1.8333333333333333,40,0
u-0208,2025-10-01,8,0,0,3,3,5,4,3,0,1,1,5,146,146,146,Shoes,1,4,2,2,16,0
u-0209,2025-10-01,200,1,1,5,5,15,15,6,2,7,2,8,1156.08,297,165.15,Jackets,1.05,9,3,1.8571428571428572,45,0
u-0211,2025-10-01,236,18,18,1,1,1,1,0,0,4,0,79,1475.84,0,368.96,Outerwear,0.5084745762711864,1,2,2.25,3,0
u-0213,2025-10-01,112,14,14,2,2,5,5,1,0,3,0,41,626.08,0,208.69,Trousers,0.8035714285714286,4,3,2.3333333333333335,13,0
u-0216,2025-10-01,192,6,6,4,4,11,11,2,1,6,1,13,1436.12,202,239.35,Shirts,0.9375,7,5,2.8333333333333335,30,0
u-0217,2025-10-01,109,9,9,3,3,9,9,0,0,1,0,100,42,0,42,T-Shirts,0.27522935779816515,8,1,1,21,1
u-0218,2025-10-01,127,9,9,2,2,2,2,0,0,3,0,88,709.76,0,236.59,Trousers,0.7086614173228346,2,3,2.6666666666666665,6,0
u-0219,2025-10-01,116,1,1,3,3,12,12,2,0,3,1,24,390,208,130,Dresses,0.7758620689655172,6,2,1.3333333333333333,30,0
u-0221,2025-10-01,102,0,0,3,3,17,17,2,2,3,1,11,844.52,364.32,281.51,Jackets,0.8823529411764706,9,3,3,42,0
u-0222,2025-10-01,96,6,6,5,5,16,16,5,2,3,2,8,979.04,541.12,326.35,Shoes,0.9375,11,2,3,46,0
u-0224,2025-10-01,65,8,8,3,3,14,14,3,1,2,1,18,592.48,360.64,296.24,Shoes,0.9230769230769231,10,1,2.5,36,0
u-0225,2025-10-01,221,7,7,1,1,1,0,0,0,3,0,106,689.76,0,229.92,Trousers,0.4072398190045249,0,3,2.3333333333333335,2,0
u-0226,2025-10-01,125,12,12,1,1,1,1,0,0,2,0,78,1164.72,0,582.36,Outerwear,0.48,1,2,4,3,1
u-0227,2025-10-01,202,78,78,0,0,0,0,0,0,1,0,198,110,0,110,Sweaters,0.1485148514851485,0,1,1,0,1
u-0229,2025-10-01,264,145,145,0,0,0,0,0,0,2,0,219,454.32,0,227.16,Shirts,0.22727272727272727,0,2,3,0,1
u-0230,2025-10-01,119,2,2,6,6,21,21,1,0,5,0,37,1475.84,0,295.17,Outerwear,1.2605042016806722,13,2,1.8,49,0
u-0231,2025-10-01,139,4,3,4,4,15,15,3,1,5,1,26,713.32,42,142.66,T-Shirts,1.079136690647482,9,4,2.8,39,0
u-0232,2025-10-01,195,4,4,6,6,22,22,1,3,8,0,36,1322.44,0,165.31,Sweaters,1.2307692307692308,14,5,1.75,54,0
u-0233,2025-10-01,51,8,8,2,2,5,5,1,1,1,0,42,265.88,0,265.88,Dresses,0.5882352941176471,5,2,2,14,0
u-0235,2025-10-01,65,5,5,4,4,16,16,2,2,3,0,36,950.44,0,316.81,Outerwear,1.3846153846153848,9,2,2,40,1
u-0236,2025-10-01,134,3,3,3,3,3,3,1,0,4,0,74,1698.32,0,424.58,Shoes,0.8955223880597015,3,4,3.5,10,0
u-0238,2025-10-01,169,0,0,5,5,20,20,3,1,5,1,16,865.88,242.88,173.18,Accessories,0.8875739644970414,11,3,1.8,50,0
u-0239,2025-10-01,107,2,2,4,4,19,19,4,2,4,1,2,502,84,125.5,Sweaters,1.1214953271028036,12,2,1.5,49,0
u-0240,2025-10-01,170,3,3,7,7,27,27,6,0,8,1,26,2105.56,224,263.19,Dresses,1.4117647058823528,12,4,2.625,68,0
u-0241,2025-10-01,152,11,11,2,2,8,8,3,0,4,1,11,431,42,107.75,T-Shirts,0.7894736842105263,7,4,1.75,22,1
u-0243,2025-10-01,273,8,8,2,2,7,7,2,0,4,0,31,554,0,138.5,Dresses,0.43956043956043955,6,2,1.5,18,0
u-0244,2025-10-01,113,12,12,1,1,1,1,0,0,1,0,106,84,0,84,Sweaters,0.26548672566371684,1,1,1,3,1
u-0245,2025-10-01,213,1,1,4,4,20,20,4,2,6,1,1,1998.8,288.88,333.13,Dresses,0.8450704225352114,14,5,3.6666666666666665,51,0
u-0246,2025-10-01,217,5,5,1,1,1,0,0,0,2,0,176,186,0,93,Accessories,0.2764976958525346,0,2,2,2,1
u-0247,2025-10-01,154,38,38,0,0,0,0,0,0,1,0,145,88,0,88,Trousers,0.1948051948051948,0,1,1,0,0
u-0248,2025-10-01,104,7,7,3,3,13,13,2,1,2,1,26,485.84,208,242.92,Dresses,0.5769230769230769,10,2,2.5,33,0
u-0249,2025-10-01,189,27,27,1,1,4,4,1,0,6,0,46,3017.68,0,502.95,Outerwear,0.9523809523809524,4,4,3.3333333333333335,10,1
u-0250,2025-10-01,194,2,1,3,3,3,3,0,0,9,0,41,2505.12,0,278.35,Shoes,1.3917525773195876,3,6,2.5555555555555554,9,0
u-0252,2025-10-01,186,0,0,3,3,14,14,2,1,4,1,13,838.88,334.88,209.72,Dresses,0.6451612903225806,10,4,2,35,0
u-0253,2025-10-01,85,3,3,3,3,11,11,2,0,2,1,21,194,112,97,Shoes,0.7058823529411764,8,3,1.5,28,0
u-0254,2025-10-01,159,4,4,5,5,20,20,4,3,4,1,29,792.48,88,198.12,Shoes,0.7547169811320755,12,2,1.75,53,0
u-0255,2025-10-01,87,22,22,1,1,1,1,0,0,1,0,80,176,0,176,Shirts,0.3448275862068966,1,2,2,3,1
u-0256,2025-10-01,9,3,3,3,3,8,7,4,0,2,2,3,391.68,391.68,195.84,Shoes,2,7,2,2,24,0
u-0257,2025-10-01,212,2,1,2,2,6,6,1,0,3,1,2,868.64,140,289.55,Shoes,0.42452830188679247,5,3,2.6666666666666665,16,0
u-0259,2025-10-01,162,5,5,5,5,16,16,2,2,5,0,48,611,0,122.2,T-Shirts,0.9259259259259258,11,3,2.4,41,0
u-0260,2025-10-01,106,2,2,5,5,21,21,2,1,2,0,44,533.8,0,266.9,Jackets,0.5660377358490566,12,2,3,50,1
u-0261,2025-10-01,236,160,160,0,0,0,0,0,0,3,0,175,815.68,0,271.89,Jackets,0.38135593220338987,0,2,2.6666666666666665,0,1
u-0262,2025-10-01,163,4,4,4,4,15,15,4,1,3,0,73,488.96,0,162.99,Accessories,0.5521472392638036,10,2,1.6666666666666667,39,0
u-0263,2025-10-01,6,1,0,2,3,2,1,2,0,1,1,0,112,112,112,Shoes,1,1,1,1,8,0
u-0264,2025-10-01,183,1,1,6,6,24,24,4,1,5,1,8,1136.56,76,227.31,Shirts,0.819672131147541,14,4,2.6,60,0
u-0265,2025-10-01,148,2,2,6,6,22,22,4,2,4,1,10,356,42,89,T-Shirts,0.8108108108108107,10,2,2.25,57,1
u-0267,2025-10-01,11,3,3,3,4,7,6,2,1,1,1,7,274.16,274.16,274.16,T-Shirts,1,6,3,4,20,0
u-0268,2025-10-01,127,11,10,2,2,8,8,1,0,2,0,51,537.28,0,268.64,Trousers,0.47244094488188976,6,2,3,19,0
u-0269,2025-10-01,181,10,10,2,2,2,2,0,0,3,0,140,634,0,211.33,Shoes,0.4972375690607735,2,3,2.3333333333333335,6,1
u-0270,2025-10-01,207,12,12,1,1,1,0,0,0,2,0,153,381.96,0,190.98,Shoes,0.2898550724637681,0,3,1.5,2,1
u-0271,2025-10-01,246,9,9,2,2,9,9,1,0,5,0,30,486,0,97.2,T-Shirts,0.6097560975609757,9,2,2.6,21,1
u-0273,2025-10-01,97,7,7,2,2,10,10,2,0,2,1,7,590.64,273.24,295.32,Jackets,0.6185567010309279,7,2,3.5,25,0
u-0275,2025-10-01,263,3,3,3,3,15,15,1,0,10,0,46,2898.68,0,289.87,Outerwear,1.1406844106463878,8,7,2.1,34,0
u-0277,2025-10-01,35,4,4,3,3,9,8,4,2,2,2,4,252,252,126,Shoes,1.7142857142857142,7,1,1,28,0
u-0280,2025-10-01,16,5,5,2,2,2,1,2,0,1,1,5,42,42,42,T-Shirts,1,1,1,1,8,0
u-0281,2025-10-01,63,3,3,3,3,10,10,2,2,2,1,3,594.6,510.6,297.3,Outerwear,0.9523809523809523,9,2,2,28,0
u-0282,2025-10-01,13,5,5,3,3,4,3,3,0,1,1,11,152,152,152,Accessories,1,3,2,2,14,0
u-0283,2025-10-01,139,9,9,3,3,6,6,0,0,4,0,40,1737.96,0,434.49,Outerwear,0.8633093525179856,6,2,2.75,15,1
u-0284,2025-10-01,22,4,4,3,4,8,7,2,1,1,1,11,235.52,235.52,235.52,Shirts,1,6,2,3,22,0
u-0285,2025-10-01,246,12,11,2,2,5,5,1,0,4,0,38,844.88,0,211.22,Shirts,0.48780487804878053,4,1,2.75,13,1
u-0286,2025-10-01,149,2,2,9,9,43,43,5,3,8,1,6,1720,366.16,215,Trousers,1.610738255033557,15,5,2.5,104,0
u-0287,2025-10-01,12,3,3,4,4,12,11,2,0,1,1,8,259.44,259.44,259.44,Shirts,1,8,2,4,30,0
u-0289,2025-10-01,237,9,9,2,2,4,4,2,1,5,1,9,918,198,183.6,Jackets,0.6329113924050632,3,3,1.8,14,1
u-0290,2025-10-01,86,4,4,5,5,27,27,3,3,3,1,20,667.96,356.96,222.65,Trousers,1.0465116279069768,14,3,2.3333333333333335,66,0
u-0293,2025-10-01,24,6,6,3,3,7,6,3,0,2,2,6,683.24,683.24,341.62,Sweaters,2,4,4,3.5,21,0
u-0295,2025-10-01,270,3,3,4,4,16,16,5,3,8,1,3,1742.36,250,217.79,Trousers,0.8888888888888888,12,6,2.5,45,0
u-0296,2025-10-01,35,4,3,3,3,8,8,3,0,1,1,14,239.2,239.2,239.2,Trousers,0.8571428571428571,7,2,3,23,1
u-0297,2025-10-01,193,2,2,8,8,32,32,3,5,6,1,26,1372.16,88,228.69,Jackets,0.9326424870466321,14,4,2.5,81,1
u-0298,2025-10-01,192,6,6,2,2,2,2,2,0,5,0,58,1630.8,0,326.16,Jackets,0.78125,2,6,3.2,8,0
u-0300,2025-10-01,167,1,1,6,6,24,24,7,3,7,3,9,1999.84,855.64,285.69,Outerwear,1.25748502994012,12,5,2.2857142857142856,67,0
u-0301,2025-10-01,50,2,2,3,3,10,10,1,1,1,0,43,292.56,0,292.56,Accessories,0.6,9,2,3,25,0
u-0304,2025-10-01,192,5,5,4,4,15,15,5,3,8,3,5,2195.72,626.2,274.47,Accessories,1.25,10,7,2.625,45,0
u-0305,2025-10-01,90,1,1,4,4,21,21,2,1,2,1,1,178,42,89,Shirts,0.6666666666666666,12,2,1.5,50,0
u-0306,2025-10-01,32,0,0,3,3,6,5,5,2,2,2,0,274,274,137,Accessories,1.875,5,2,1.5,23,0
u-0307,2025-10-01,19,10,10,2,2,2,1,2,0,1,1,10,250,250,250,Shoes,1,1,2,2,8,1
u-0308,2025-10-01,89,0,0,4,4,18,18,3,1,3,1,0,756.64,360.64,252.21,Dresses,1.0112359550561798,10,4,2.6666666666666665,45,1
u-0309,2025-10-01,200,4,4,4,4,14,14,2,1,7,0,34,1596,0,228,Shoes,1.05,10,2,2.142857142857143,35,0
u-0315,2025-10-01,142,7,7,3,3,15,15,3,2,4,1,7,1346.2,510.6,336.55,Outerwear,0.8450704225352113,11,2,2,39,0
u-0316,2025-10-01,38,8,8,2,2,6,6,2,0,1,0,30,170,0,170,T-Shirts,0.7894736842105263,5,1,5,16,0
u-0318,2025-10-01,214,2,2,5,5,16,16,5,1,6,3,2,1273.72,851.72,212.29,Dresses,0.8411214953271028,9,6,2.3333333333333335,46,0
u-0319,2025-10-01,227,87,87,0,0,0,0,0,0,3,0,96,678.08,0,226.03,Dresses,0.39647577092511016,0,1,2.3333333333333335,0,1
u-0320,2025-10-01,10,2,2,3,3,8,7,2,1,1,1,5,56,56,56,Accessories,1,7,1,1,22,0
u-0321,2025-10-01,244,9,9,3,3,11,11,2,3,10,1,26,3949.64,332.12,394.96,Outerwear,1.2295081967213115,8,5,2.6,31,0
u-0322,2025-10-01,35,1,1,3,3,10,10,1,0,1,0,33,287.04,0,287.04,Dresses,0.8571428571428571,9,1,3,24,0
u-0324,2025-10-01,161,2,2,5,5,17,17,5,3,5,2,2,936.88,146,187.38,Dresses,0.9316770186335405,11,4,2,49,0
u-0325,2025-10-01,251,9,9,3,3,15,15,2,2,7,1,28,1810.88,345,258.7,Jackets,0.8366533864541832,10,5,2.5714285714285716,38,0
u-0326,2025-10-01,62,12,12,2,2,9,9,2,0,2,1,12,264,152,132,T-Shirts,0.9677419354838709,7,3,2.5,23,0
u-0327,2025-10-01,189,8,8,5,5,22,22,5,3,5,1,23,929.76,144,185.95,Accessories,0.7936507936507937,13,2,2.4,58,0
u-0329,2025-10-01,143,5,5,5,5,21,21,4,1,4,0,49,474,0,118.5,Shirts,0.8391608391608392,12,2,1.5,52,0
u-0332,2025-10-01,106,1,1,4,4,12,12,3,2,3,1,18,758.16,340.4,252.72,Outerwear,0.8490566037735849,11,2,1.6666666666666667,34,1
u-0333,2025-10-01,13,2,2,3,3,7,6,2,0,1,1,11,240,240,240,Accessories,1,5,1,2,19,1
u-0334,2025-10-01,126,7,6,2,3,9,9,2,2,1,0,105,415.84,0,415.84,Accessories,0.23809523809523808,5,2,4,24,1
u-0337,2025-10-01,112,35,35,0,0,0,0,0,0,2,0,91,204,0,102,Shoes,0.5357142857142857,0,2,1,0,1
u-0339,2025-10-01,157,3,3,1,1,1,1,0,0,5,0,65,1373.6,0,274.72,Sweaters,0.9554140127388535,1,4,3.2,3,1
u-0340,2025-10-01,62,0,0,4,4,14,14,1,1,1,0,51,264.04,0,264.04,Trousers,0.48387096774193544,10,1,3,34,0
u-0341,2025-10-01,164,9,9,5,5,14,14,4,2,6,1,26,1302.32,183,217.05,Trousers,1.0975609756097562,9,2,2.5,40,0
u-0343,2025-10-01,29,9,9,3,4,7,6,2,0,1,1,18,334.88,334.88,334.88,Shoes,1,5,1,3,19,0
u-0344,2025-10-01,92,3,3,4,4,17,17,5,2,4,1,20,702,188,175.5,Shirts,1.3043478260869565,10,3,2.25,46,0
u-0346,2025-10-01,258,59,59,0,0,0,0,0,0,6,0,116,1467.28,0,244.55,Sweaters,0.6976744186046512,0,5,2.6666666666666665,0,0
u-0348,2025-10-01,191,28,28,1,1,1,0,0,0,2,0,156,602.68,0,301.34,Outerwear,0.31413612565445026,0,2,2,2,0
u-0353,2025-10-01,123,0,0,2,2,10,10,2,0,3,1,5,529.04,84,176.35,T-Shirts,0.7317073170731708,7,5,2.3333333333333335,25,0
u-0354,2025-10-01,74,2,2,3,3,10,10,2,0,1,0,66,194,0,194,Sweaters,0.4054054054054054,8,1,2,25,0
u-0355,2025-10-01,104,37,37,0,0,0,0,0,0,2,0,85,404,0,202,Dresses,0.5769230769230769,0,2,2,0,1
u-0356,2025-10-01,232,2,2,5,5,19,19,6,0,10,3,2,4113.2,1084.8,411.32,Outerwear,1.293103448275862,11,4,2.7,52,0
u-0357,2025-10-01,264,11,11,2,2,8,8,2,1,5,0,53,642,0,128.4,T-Shirts,0.5681818181818181,7,4,2.2,21,0
u-0358,2025-10-01,181,1,1,9,9,27,27,5,2,3,0,37,853.48,0,284.49,Dresses,0.4972375690607735,14,5,3,70,0
u-0359,2025-10-01,49,5,5,3,3,7,7,2,1,1,0,43,102,0,102,T-Shirts,0.6122448979591837,4,1,3,20,1
u-0361,2025-10-01,251,137,137,0,0,0,0,0,0,2,0,218,521.64,0,260.82,Sweaters,0.2390438247011952,0,2,3,0,1
u-0363,2025-10-01,61,2,2,3,3,7,7,2,0,1,0,59,264.96,0,264.96,Trousers,0.49180327868852464,4,2,3,19,0
u-0364,2025-10-01,26,4,4,3,4,6,5,4,1,2,2,4,491.76,491.76,245.88,Trousers,2,4,3,2.5,21,0
u-0365,2025-10-01,62,6,6,3,3,14,14,2,2,2,1,14,640.32,353.28,320.16,Trousers,0.9677419354838709,10,3,3.5,36,1
u-0366,2025-10-01,237,4,4,10,10,45,45,10,5,12,2,6,3743.92,782,311.99,Outerwear,1.5189873417721518,15,5,2,117,0
u-0368,2025-10-01,78,6,6,5,5,15,15,5,4,2,1,15,571.32,266.8,285.66,Jackets,0.7692307692307692,10,4,3,45,0
u-0369,2025-10-01,144,3,3,3,3,8,8,4,1,5,1,11,1207.6,220,241.52,Sweaters,1.0416666666666667,7,3,2.8,25,0
u-0370,2025-10-01,74,5,5,4,4,10,10,2,1,1,0,67,458.16,0,458.16,Sweaters,0.4054054054054054,8,1,5,27,0
u-0372,2025-10-01,169,0,0,4,4,17,17,3,1,5,1,8,1171.08,343.16,234.22,Trousers,0.8875739644970414,10,2,2.8,43,0
u-0373,2025-10-01,90,3,3,4,4,16,16,2,2,2,0,35,526.4,0,263.2,Shoes,0.6666666666666666,10,1,2,40,0
u-0375,2025-10-01,199,0,0,3,3,17,17,4,2,4,2,14,628.2,468.2,157.05,T-Shirts,0.6030150753768844,11,4,2.5,45,0
u-0378,2025-10-01,249,1,1,5,5,22,22,5,0,7,1,27,1352.48,302.68,193.21,Shirts,0.8433734939759036,13,4,2.4285714285714284,55,0
u-0379,2025-10-01,239,64,63,0,0,0,0,0,0,6,0,77,1124.76,0,187.46,Dresses,0.7531380753138075,0,3,1.8333333333333333,0,1
u-0380,2025-10-01,144,6,6,3,3,8,8,3,2,3,1,21,665.4,294.4,221.8,Dresses,0.625,6,4,2.6666666666666665,25,0
u-0381,2025-10-01,107,10,10,3,3,10,10,2,1,2,0,65,531.84,0,265.92,Outerwear,0.5607476635514018,6,2,2,26,1
u-0382,2025-10-01,11,2,2,2,2,2,1,2,0,1,1,2,428.72,428.72,428.72,Sweaters,1,1,2,5,8,1
u-0383,2025-10-01,132,1,1,3,3,12,12,2,0,4,1,20,1058.08,287.04,264.52,Dresses,0.9090909090909091,9,2,2.75,30,1
u-0384,2025-10-01,218,1,1,6,6,27,27,4,1,9,1,20,1088.24,56,120.92,T-Shirts,1.238532110091743,12,6,2.111111111111111,66,1
u-0385,2025-10-01,137,70,70,0,0,0,0,0,0,1,0,133,613.64,0,613.64,Jackets,0.21897810218978103,0,2,5,0,1
u-0388,2025-10-01,110,39,39,0,0,0,0,0,0,1,0,100,184,0,184,Shirts,0.27272727272727276,0,1,2,0,1
u-0392,2025-10-01,237,79,79,0,0,0,0,0,0,4,0,103,478,0,119.5,Dresses,0.5063291139240506,0,3,1.25,0,1
u-0393,2025-10-01,105,6,6,3,3,12,12,3,1,2,1,28,194,110,97,Sweaters,0.5714285714285714,9,1,1,32,0
u-0394,2025-10-01,180,6,6,5,5,23,23,3,1,4,1,16,1297.2,340.4,324.3,Outerwear,0.6666666666666666,13,5,2.5,56,0
u-0395,2025-10-01,121,0,0,7,7,31,31,4,1,3,1,9,533.76,183,177.92,Trousers,0.7438016528925621,15,1,2,75,0
u-0396,2025-10-01,17,0,0,4,4,12,11,2,2,1,1,13,344.08,344.08,344.08,Jackets,1,8,2,4,32,0
u-0397,2025-10-01,223,10,10,2,2,5,5,2,0,4,0,46,1130.76,0,282.69,Outerwear,0.5381165919282511,5,3,2,14,0
u-0398,2025-10-01,81,12,12,2,2,11,11,2,1,2,1,12,462,224,231,Shirts,0.7407407407407407,9,1,3,28,0
u-0399,2025-10-01,232,10,10,2,2,9,9,2,1,2,0,34,540.04,0,270.02,Sweaters,0.25862068965517243,5,3,3,23,0
u-0400,2025-10-01,117,73,73,0,0,0,0,0,0,1,0,114,253.92,0,253.92,Shirts,0.25641025641025644,0,2,3,0,0
u-0401,2025-10-01,170,27,27,1,1,1,1,0,0,4,0,104,1101.92,0,275.48,Shoes,0.7058823529411764,1,3,2.75,3,1
u-0402,2025-10-01,80,10,10,2,2,9,9,1,0,1,0,72,383.64,0,383.64,Jackets,0.375,7,2,4,21,1
u-0403,2025-10-01,24,1,1,3,3,8,7,2,0,1,1,14,56,56,56,Accessories,1,7,1,1,21,0
u-0404,2025-10-01,162,1,1,3,3,13,13,2,1,3,1,1,409,170,136.33,T-Shirts,0.5555555555555555,10,2,3.3333333333333335,33,0
u-0405,2025-10-01,12,4,4,2,2,2,1,2,0,1,1,4,99,99,99,Jackets,1,1,1,1,8,0
u-0409,2025-10-01,236,23,23,1,1,1,1,1,0,4,0,87,262,0,65.5,T-Shirts,0.5084745762711864,1,1,1.75,4,1
u-0410,2025-10-01,168,5,5,2,2,5,5,0,0,4,0,50,662.24,0,165.56,Jackets,0.7142857142857143,5,2,1.75,12,1
u-0412,2025-10-01,161,5,5,4,4,14,14,4,3,3,1,5,572.96,185,190.99,Outerwear,0.5590062111801243,9,4,1.6666666666666667,40,0
u-0413,2025-10-01,255,13,13,2,2,5,5,4,1,6,2,13,3371.8,1105.84,561.97,Outerwear,0.7058823529411765,4,4,3.8333333333333335,19,0
u-0415,2025-10-01,233,33,33,0,0,0,0,0,0,6,0,48,1636.4,0,272.73,Jackets,0.7725321888412017,0,5,2.8333333333333335,0,1
u-0416,2025-10-01,126,13,13,1,1,1,1,0,0,3,0,70,625.12,0,208.37,Shoes,0.7142857142857143,1,2,2,3,1
u-0417,2025-10-01,217,0,0,8,8,27,27,5,3,8,2,7,1985.08,501.6,248.13,Shoes,1.1059907834101383,14,4,2.25,72,0
u-0418,2025-10-01,103,6,6,3,3,15,15,3,1,3,1,6,411,78,137,T-Shirts,0.8737864077669903,9,3,3,38,0
u-0421,2025-10-01,101,15,15,1,1,1,1,0,0,1,0,90,102,0,102,T-Shirts,0.297029702970297,1,1,3,3,0
u-0422,2025-10-01,181,59,59,0,0,0,0,0,0,2,0,122,340,0,170,T-Shirts,0.3314917127071823,0,3,3,0,0
u-0425,2025-10-01,15,8,8,2,2,2,1,2,0,1,1,8,102,102,102,T-Shirts,1,1,1,3,8,0
u-0427,2025-10-01,197,9,9,2,2,6,6,1,1,4,0,55,693.68,0,173.42,Sweaters,0.6091370558375635,5,1,1.75,16,0
u-0428,2025-10-01,56,2,2,6,6,21,21,3,3,2,0,36,146,0,73,T-Shirts,1.0714285714285714,12,2,1,54,0
u-0429,2025-10-01,69,10,10,3,3,17,17,1,3,2,0,57,339,0,169.5,Accessories,0.8695652173913044,12,2,1.5,41,0
u-0431,2025-10-01,59,12,12,3,3,7,7,1,1,1,0,54,566.72,0,566.72,Shoes,0.5084745762711864,7,1,5,19,0
u-0432,2025-10-01,118,2,2,3,3,12,12,2,1,3,0,34,597.6,0,199.2,Sweaters,0.7627118644067797,8,1,2.3333333333333335,30,0
u-0433,2025-10-01,14,3,3,2,2,2,1,2,0,1,1,3,76,76,76,Shirts,1,1,1,1,8,0
u-0434,2025-10-01,86,2,2,4,4,12,12,1,1,2,1,2,196,92,98,Shirts,0.6976744186046512,7,2,1,31,0
u-0436,2025-10-01,170,2,2,8,8,33,33,5,0,8,1,26,1315.68,122,164.46,T-Shirts,1.4117647058823528,16,6,2.5,80,0
u-0437,2025-10-01,112,27,27,1,1,1,1,0,0,2,0,95,204,0,102,Shirts,0.5357142857142857,1,2,1.5,3,0
u-0439,2025-10-01,247,72,72,0,0,0,0,0,0,3,0,122,433.68,0,144.56,Trousers,0.3643724696356276,0,3,1.6666666666666667,0,1
u-0440,2025-10-01,196,1,1,3,3,13,13,2,2,4,1,13,839,140,209.75,Accessories,0.6122448979591837,8,5,2,34,0
u-0441,2025-10-01,101,10,10,2,2,4,4,1,0,2,0,48,240,0,120,Accessories,0.594059405940594,4,1,1,11,0
u-0442,2025-10-01,209,31,31,0,0,0,0,0,0,8,0,54,1016,0,127,T-Shirts,1.1483253588516746,0,4,2.375,0,1
u-0443,2025-10-01,164,1,1,4,4,14,14,3,2,4,0,35,933.16,0,233.29,Sweaters,0.7317073170731707,10,4,3,37,0
u-0444,2025-10-01,241,25,25,1,1,1,1,0,0,4,0,92,590,0,147.5,Sweaters,0.4979253112033195,1,2,1.75,3,1
u-0445,2025-10-01,214,10,10,2,2,2,2,0,0,4,0,128,934,0,233.5,Jackets,0.5607476635514018,2,3,2.5,6,0
u-0446,2025-10-01,175,8,8,4,4,17,17,2,1,5,0,42,1309.76,0,261.95,Trousers,0.8571428571428572,10,5,3,41,0
u-0447,2025-10-01,247,9,9,2,2,8,8,0,0,4,0,64,840.16,0,210.04,Shoes,0.4858299595141701,8,3,2,18,0
u-0448,2025-10-01,15,0,0,3,3,4,3,2,0,1,1,11,273.24,273.24,273.24,Jackets,1,3,1,3,13,1
u-0449,2025-10-01,235,6,6,5,5,23,23,3,1,5,0,48,874.68,0,174.94,Trousers,0.6382978723404256,13,2,2,55,0
u-0451,2025-10-01,140,82,82,0,0,0,0,0,0,2,0,92,545.2,0,272.6,Shirts,0.42857142857142855,0,2,3.5,0,1
u-0452,2025-10-01,81,2,2,4,4,16,16,4,0,3,2,8,413.84,182,137.95,Shoes,1.111111111111111,9,2,1.3333333333333333,42,0
u-0453,2025-10-01,70,10,10,3,3,11,11,1,1,2,0,40,264,0,132,T-Shirts,0.8571428571428571,9,3,2,27,0
u-0455,2025-10-01,218,49,49,0,0,0,0,0,0,1,0,209,104,0,104,Dresses,0.13761467889908258,0,1,1,0,1
u-0457,2025-10-01,267,154,154,0,0,0,0,0,0,3,0,230,733.48,0,244.49,Jackets,0.33707865168539325,0,2,2.6666666666666665,0,1
u-0458,2025-10-01,115,1,1,4,4,16,16,4,1,3,2,8,672.96,408,224.32,Accessories,0.7826086956521738,11,1,2.3333333333333335,43,0
u-0461,2025-10-01,17,5,5,3,3,7,6,2,1,1,1,15,84,84,84,Sweaters,1,6,1,1,20,1
u-0464,2025-10-01,53,13,13,2,2,5,5,1,0,1,0,45,386.4,0,386.4,Shoes,0.5660377358490566,5,1,3,13,1
u-0465,2025-10-01,127,3,3,7,7,21,21,4,4,5,2,13,1013.44,344,202.69,Shirts,1.1811023622047243,10,2,2.6,59,0
u-0466,2025-10-01,61,2,2,3,3,10,10,2,1,2,1,17,236,42,118,Sweaters,0.9836065573770493,6,2,1.5,27,0
u-0467,2025-10-01,128,22,22,1,1,1,1,0,0,2,0,71,441.88,0,220.94,Accessories,0.46875,1,3,3,3,0
u-0469,2025-10-01,220,2,2,6,6,23,23,3,1,4,1,25,749.12,257.6,187.28,Accessories,0.5454545454545455,13,3,2.25,57,0
u-0470,2025-10-01,271,111,111,0,0,0,0,0,0,4,0,120,1555.44,0,388.86,Outerwear,0.44280442804428044,0,3,2.5,0,1
u-0471,2025-10-01,59,2,2,5,5,14,14,3,2,3,1,20,539.48,99,179.83,Jackets,1.5254237288135595,12,3,2,39,0
u-0472,2025-10-01,245,19,19,1,1,1,1,0,0,3,0,93,304,0,101.33,Shirts,0.3673469387755102,1,1,1.3333333333333333,3,1
u-0473,2025-10-01,76,7,7,2,2,9,9,2,0,2,1,7,196,154,98,T-Shirts,0.7894736842105263,6,2,1.5,23,0
u-0474,2025-10-01,139,10,10,3,3,9,9,1,2,2,0,41,383,0,191.5,Trousers,0.4316546762589928,6,3,2.5,24,1
u-0475,2025-10-01,118,3,3,2,2,11,11,3,1,5,2,3,1027.84,382.36,205.57,Jackets,1.2711864406779663,9,2,2.2,30,0
u-0476,2025-10-01,37,0,0,6,6,25,25,4,2,2,1,12,606.28,253,303.14,Trousers,1.6216216216216215,12,2,3.5,63,0
u-0477,2025-10-01,195,24,24,1,1,1,1,1,0,2,0,125,410.88,0,205.44,Accessories,0.3076923076923077,1,2,2.5,4,0
u-0478,2025-10-01,215,60,60,0,0,0,0,0,0,4,0,70,862.96,0,215.74,Accessories,0.5581395348837209,0,4,2.75,0,1
u-0480,2025-10-01,48,6,6,3,3,13,13,0,3,1,0,40,598.92,0,598.92,Outerwear,0.625,9,2,4,32,0
u-0481,2025-10-01,191,0,0,5,5,21,21,4,2,6,1,29,1260.32,279.68,210.05,Sweaters,0.9424083769633509,14,4,2.3333333333333335,54,0
u-0485,2025-10-01,144,3,3,5,5,14,14,4,3,2,0,77,597.04,0,298.52,Jackets,0.4166666666666667,12,3,3,40,0
u-0487,2025-10-01,146,3,3,4,4,18,18,1,1,5,0,48,1110.76,0,222.15,Accessories,1.0273972602739727,13,6,2.2,42,0
u-0488,2025-10-01,175,4,4,4,4,14,14,2,3,3,0,38,1413.12,0,471.04,Outerwear,0.5142857142857143,9,5,3.6666666666666665,37,0
u-0489,2025-10-01,227,38,38,0,0,0,0,0,0,6,0,55,1506.4,0,251.07,Shoes,0.7929515418502203,0,2,2.1666666666666665,0,0
u-0490,2025-10-01,79,8,8,3,3,15,15,4,0,3,1,17,933.8,334.88,311.27,Trousers,1.139240506329114,9,3,2.6666666666666665,38,0
u-0491,2025-10-01,267,92,92,0,0,0,0,0,0,2,0,166,598,0,299,Sweaters,0.2247191011235955,0,2,3.5,0,1
u-0492,2025-10-01,242,3,3,2,2,12,12,1,0,5,0,33,1096.84,0,219.37,Jackets,0.6198347107438017,10,4,2.4,27,0
u-0493,2025-10-01,155,3,3,4,4,12,12,4,1,3,1,18,556,136,185.33,Trousers,0.5806451612903225,7,3,2,34,0
u-0494,2025-10-01,192,44,44,0,0,0,0,0,0,3,0,91,325,0,108.33,T-Shirts,0.46875,0,3,2.3333333333333335,0,1
u-0495,2025-10-01,87,4,4,5,5,24,24,4,2,2,0,53,282,0,141,T-Shirts,0.6896551724137931,12,2,3,59,0
u-0497,2025-10-01,214,11,10,2,2,6,6,1,0,3,0,63,633,0,211,Shoes,0.4205607476635514,5,4,2.6666666666666665,15,0
u-0499,2025-10-01,190,30,30,0,0,0,0,0,0,2,0,141,360.32,0,180.16,T-Shirts,0.31578947368421056,0,3,2.5,0,0
u-0500,2025-10-01,72,2,2,9,9,33,33,9,3,4,1,5,1020.16,331.2,255.04,Accessories,1.6666666666666667,12,2,3,88,0
u-0501,2025-10-01,193,7,7,4,4,10,10,3,1,6,1,24,1085.12,234.6,180.85,Shirts,0.9326424870466321,8,5,2.1666666666666665,29,0
u-0502,2025-10-01,16,1,1,4,4,10,9,4,1,1,1,12,96,96,96,Accessories,1,7,1,2,29,0
u-0503,2025-10-01,270,74,74,0,0,0,0,0,0,7,0,142,3162.12,0,451.73,Outerwear,0.7777777777777778,0,6,3.142857142857143,0,1
u-0505,2025-10-01,248,6,6,3,3,11,11,1,1,4,1,8,943.64,253.92,235.91,Dresses,0.48387096774193544,8,4,2.5,28,0
u-0507,2025-10-01,13,5,5,3,3,7,6,4,0,2,2,5,297,297,148.5,Jackets,2,6,1,1.5,22,0
u-0511,2025-10-01,123,6,6,3,3,15,15,2,2,2,0,47,273,0,136.5,Trousers,0.48780487804878053,11,2,1,37,0
u-0512,2025-10-01,37,6,6,4,4,13,13,2,1,2,1,6,234,192,117,Dresses,1.6216216216216215,11,3,1.5,34,0
u-0513,2025-10-01,149,0,0,7,7,27,27,3,1,6,1,20,926.72,336.72,154.45,Trousers,1.2080536912751678,11,3,1.6666666666666667,66,0
u-0516,2025-10-01,73,3,3,3,3,7,7,3,0,2,0,41,752.56,0,376.28,Outerwear,0.8219178082191781,5,2,2.5,20,0
u-0517,2025-10-01,40,24,24,1,1,1,1,0,0,1,0,38,287.04,0,287.04,Dresses,0.75,1,1,3,3,1
u-0518,2025-10-01,228,4,4,3,3,6,6,1,2,4,1,13,770.48,112,192.62,Shirts,0.5263157894736842,5,4,2.25,19,0
u-0519,2025-10-01,229,4,4,4,4,14,14,5,0,9,2,9,2416.92,518.48,268.55,Jackets,1.1790393013100435,11,5,2.888888888888889,39,0
u-0521,2025-10-01,26,3,3,4,4,10,9,2,1,1,1,22,42,42,42,T-Shirts,1,7,1,1,27,0
u-0522,2025-10-01,225,5,5,3,3,12,12,3,1,6,1,5,1212.72,336.72,202.12,Jackets,0.8,9,2,2.1666666666666665,32,0
u-0523,2025-10-01,27,6,6,3,3,8,7,2,0,1,1,17,99,99,99,Jackets,1,4,1,1,21,0
u-0524,2025-10-01,67,9,9,1,1,2,2,0,0,1,0,58,220,0,220,Sweaters,0.44776119402985076,2,1,2,5,0
u-0525,2025-10-01,73,6,6,3,3,16,16,1,3,2,1,17,986.24,299,493.12,Outerwear,0.8219178082191781,9,3,3.5,40,0
u-0526,2025-10-01,56,4,4,6,6,24,24,4,4,2,0,48,284,0,142,Jackets,1.0714285714285714,11,2,1,62,0
u-0528,2025-10-01,70,3,3,3,3,12,12,1,1,2,1,3,271,179,135.5,Sweaters,0.8571428571428571,9,3,1.5,30,0
u-0529,2025-10-01,63,10,10,3,3,12,12,1,2,2,0,50,550.16,0,275.08,Trousers,0.9523809523809523,9,2,3,30,0
u-0531,2025-10-01,236,9,9,3,3,10,10,2,2,4,0,48,712.32,0,178.08,T-Shirts,0.5084745762711864,7,4,2.5,27,0
u-0532,2025-10-01,78,9,9,1,1,1,1,0,0,1,0,72,371.68,0,371.68,Dresses,0.3846153846153846,1,2,4,3,1
u-0533,2025-10-01,24,8,8,3,3,7,6,2,1,1,1,20,276,276,276,Accessories,1,5,3,3,20,0
u-0534,2025-10-01,227,7,7,3,3,12,12,2,1,6,0,62,1383.6,0,230.6,Shoes,0.7929515418502203,8,3,2,30,1
u-0535,2025-10-01,54,5,5,1,1,1,1,0,0,1,0,49,435.16,0,435.16,Trousers,0.5555555555555556,1,2,4,3,1
u-0536,2025-10-01,29,5,5,3,3,8,7,3,1,1,1,18,292.56,292.56,292.56,Dresses,1,6,2,3,23,0
u-0537,2025-10-01,166,6,6,4,4,15,15,4,1,5,1,16,1448.88,279.68,289.78,Sweaters,0.9036144578313253,10,1,3.4,40,1
u-0538,2025-10-01,177,1,1,7,7,31,31,3,5,5,1,27,1010.4,261.28,202.08,Accessories,0.847457627118644,15,3,2.8,78,0
u-0539,2025-10-01,214,6,6,3,3,14,14,4,2,5,2,6,972.28,198,194.46,Jackets,0.7009345794392523,8,2,2,39,0
u-0540,2025-10-01,265,5,5,3,3,12,12,1,0,6,1,12,1392.24,334.88,232.04,Shoes,0.6792452830188679,8,4,2.1666666666666665,29,0
u-0541,2025-10-01,35,0,0,3,3,12,12,0,2,1,0,31,102,0,102,T-Shirts,0.8571428571428571,8,1,3,29,0
u-0542,2025-10-01,246,6,6,5,5,16,16,3,1,10,1,27,3304,343.16,330.4,Outerwear,1.2195121951219514,12,7,2.6,42,0
u-0543,2025-10-01,11,4,4,3,3,4,3,2,0,1,1,6,185,185,185,Outerwear,1,3,1,1,13,0
u-0545,2025-10-01,28,1,1,5,5,16,15,4,1,1,1,20,168,168,168,Sweaters,1,11,1,2,42,0
u-0546,2025-10-01,167,0,0,2,2,6,6,1,1,4,0,57,1057.12,0,264.28,Shoes,0.718562874251497,5,2,2.25,16,0
u-0547,2025-10-01,148,8,8,2,2,7,7,2,0,3,0,33,696.84,0,232.28,Dresses,0.6081081081081081,6,4,2.3333333333333335,18,0
u-0548,2025-10-01,26,1,1,4,4,10,9,2,0,1,1,20,309.12,309.12,309.12,Accessories,1,7,1,4,26,0
u-0549,2025-10-01,219,87,87,0,0,0,0,0,0,3,0,139,762.28,0,254.09,Outerwear,0.4109589041095891,0,4,2,0,1
u-0550,2025-10-01,46,1,1,3,3,14,14,3,0,2,1,1,400,192,200,Dresses,1.3043478260869565,11,2,2,35,0
u-0552,2025-10-01,112,54,54,0,0,0,0,0,0,1,0,101,390.08,0,390.08,Dresses,0.26785714285714285,0,3,4,0,1
u-0553,2025-10-01,16,0,0,3,3,8,7,2,0,1,1,7,219,219,219,Accessories,1,6,2,2,21,0
u-0554,2025-10-01,105,4,4,3,3,14,14,3,1,3,1,4,857.44,309.12,285.81,Shoes,0.8571428571428571,10,2,2.6666666666666665,36,0
u-0555,2025-10-01,59,7,7,3,3,14,14,2,2,2,1,16,436.64,76,218.32,Shoes,1.0169491525423728,8,2,2,36,0
u-0556,2025-10-01,111,0,0,2,2,2,2,1,0,2,1,0,818.8,531.76,409.4,Dresses,0.5405405405405405,1,2,3.5,8,0
u-0557,2025-10-01,147,43,43,0,0,0,0,0,0,2,0,103,304,0,152,Sweaters,0.4081632653061224,0,1,1.5,0,1
u-0558,2025-10-01,73,2,2,5,5,18,18,5,3,3,1,17,985.4,258.52,328.47,Outerwear,1.2328767123287672,9,3,2.3333333333333335,50,0
u-0559,2025-10-01,169,3,3,3,3,17,17,1,1,5,0,36,656,0,131.2,Sweaters,0.8875739644970414,9,3,1.4,39,0
u-0560,2025-10-01,202,124,124,0,0,0,0,0,0,2,0,172,515.2,0,257.6,Shirts,0.297029702970297,0,1,3.5,0,1
u-0561,2025-10-01,144,9,8,3,3,14,14,3,1,2,1,26,569,224,284.5,Shoes,0.4166666666666667,9,2,2.5,36,0
u-0562,2025-10-01,266,0,0,3,3,8,8,2,1,8,2,10,1307.24,374,163.41,Trousers,0.9022556390977443,7,3,1.75,24,0
u-0563,2025-10-01,47,5,5,4,4,13,13,3,1,3,2,13,825.48,550.4,275.16,Jackets,1.9148936170212767,9,4,3.3333333333333335,36,0
u-0564,2025-10-01,184,8,8,2,2,11,11,2,0,4,0,35,533,0,133.25,Jackets,0.6521739130434783,9,3,1.75,26,0
u-0565,2025-10-01,239,1,1,3,3,7,7,2,1,5,1,10,1008.2,88,201.64,Accessories,0.6276150627615062,5,5,2.2,21,0
u-0566,2025-10-01,272,3,3,5,5,14,14,6,4,8,3,3,1447.6,613.6,180.95,Accessories,0.8823529411764706,7,4,2,46,0
u-0567,2025-10-01,12,1,1,2,2,2,1,2,0,1,1,1,305.44,305.44,305.44,Trousers,1,1,2,3,8,0
u-0568,2025-10-01,52,1,1,6,6,22,22,3,2,2,1,1,1191.4,510.6,595.7,Outerwear,1.1538461538461537,11,1,3.5,56,0
u-0570,2025-10-01,111,9,9,3,3,3,3,0,0,3,0,51,630.04,0,210.01,Jackets,0.8108108108108107,3,3,2,9,0
u-0574,2025-10-01,64,30,30,0,0,0,0,0,0,1,0,62,147,0,147,Accessories,0.46875,0,2,2,0,1
u-0578,2025-10-01,126,15,15,1,1,1,1,0,0,2,0,105,297,0,148.5,Jackets,0.47619047619047616,1,1,1.5,3,0
u-0579,2025-10-01,192,8,8,1,1,2,2,2,1,7,1,8,1694.84,279.68,242.12,Jackets,1.09375,2,5,2.5714285714285716,9,0
u-0580,2025-10-01,85,8,8,4,4,14,14,4,2,2,0,45,427.8,0,213.9,Jackets,0.7058823529411764,10,2,2.5,38,0
u-0584,2025-10-01,111,8,8,3,3,9,9,2,2,3,0,33,638.72,0,212.91,Dresses,0.8108108108108107,7,2,2.6666666666666665,25,0
u-0585,2025-10-01,212,30,30,0,0,0,0,0,0,4,0,96,1301.2,0,325.3,Outerwear,0.5660377358490566,0,2,2,0,1
u-0586,2025-10-01,115,4,4,4,4,18,18,4,3,3,1,4,980.8,294.4,326.93,Dresses,0.7826086956521738,13,2,3.3333333333333335,48,0
u-0588,2025-10-01,91,5,5,3,3,11,11,1,0,2,0,70,606.28,0,303.14,Outerwear,0.6593406593406593,7,2,2,26,0
u-0589,2025-10-01,200,39,39,0,0,0,0,0,0,1,0,193,380.88,0,380.88,Sweaters,0.15,0,1,4,0,1
u-0590,2025-10-01,152,3,3,8,8,30,30,7,2,6,1,21,717.68,42,119.61,T-Shirts,1.1842105263157896,15,3,1.8333333333333333,78,0
u-0591,2025-10-01,40,19,19,2,2,5,5,2,0,3,2,19,617.6,377.6,205.87,Accessories,2.25,4,2,2,16,1
u-0592,2025-10-01,218,1,1,5,5,19,19,6,1,9,3,1,2330.2,514,258.91,Sweaters,1.238532110091743,14,6,2.6666666666666665,53,0
u-0593,2025-10-01,87,6,6,3,3,12,12,2,1,2,0,33,334.56,0,167.28,Shirts,0.6896551724137931,6,3,2,30,0
u-0594,2025-10-01,225,6,6,2,2,10,10,2,0,4,1,18,753.52,168,188.38,Accessories,0.5333333333333333,8,3,2,25,0
u-0595,2025-10-01,187,4,4,3,3,9,9,3,2,5,1,14,991.76,88,198.35,Trousers,0.8021390374331551,7,2,2.4,27,0
u-0596,2025-10-01,173,1,1,5,5,19,19,4,1,6,1,24,1329.56,253.92,221.59,Shirts,1.0404624277456647,12,3,2.5,49,0
u-0597,2025-10-01,91,11,11,2,2,11,11,2,1,2,1,11,420,212,210,T-Shirts,0.6593406593406593,10,3,3.5,28,0
u-0599,2025-10-01,115,9,9,2,2,4,4,1,1,1,0,105,42,0,42,T-Shirts,0.2608695652173913,4,1,1,12,0
u-0600,2025-10-01,12,3,3,3,3,5,4,4,0,2,2,3,249,249,124.5,Accessories,2,4,3,1.5,18,0
u-0601,2025-10-01,65,3,3,6,6,22,22,6,4,5,3,3,1130.68,572.24,226.14,Jackets,2.307692307692308,12,4,2.4,63,0
u-0602,2025-10-01,114,1,1,6,6,27,27,4,1,3,1,20,919.16,457.24,306.39,Dresses,0.7894736842105263,15,3,3,66,0
u-0604,2025-10-01,10,2,2,3,3,5,4,2,0,1,1,8,456.32,456.32,456.32,Shoes,1,4,2,4,15,0
u-0605,2025-10-01,168,2,2,8,8,28,28,6,2,5,1,10,957.36,237.36,191.47,Shoes,0.8928571428571429,14,4,2,73,1
u-0607,2025-10-01,31,2,2,3,3,8,7,2,0,1,1,27,133,133,133,Jackets,0.9677419354838709,4,2,2,21,0
u-0608,2025-10-01,99,9,9,2,2,8,8,0,0,2,0,36,319.12,0,159.56,Trousers,0.6060606060606061,7,2,2,18,0
u-0609,2025-10-01,195,6,6,4,4,10,10,2,2,5,1,22,1466.76,476.56,293.35,Trousers,0.7692307692307693,9,3,3.4,29,0
u-0611,2025-10-01,216,200,200,0,0,0,0,0,0,1,0,209,510.6,0,510.6,Outerwear,0.1388888888888889,0,1,3,0,0
u-0613,2025-10-01,88,6,6,2,2,2,2,0,0,1,0,83,443.44,0,443.44,Outerwear,0.34090909090909094,2,2,3,6,0
u-0615,2025-10-01,117,22,22,1,1,1,1,0,0,1,0,109,188,0,188,T-Shirts,0.25641025641025644,1,2,3,3,1
u-0616,2025-10-01,18,8,8,2,2,2,1,2,0,1,1,8,361.56,361.56,361.56,Dresses,1,1,2,3,8,0
u-0617,2025-10-01,184,6,6,1,1,1,1,1,0,6,0,90,1131.6,0,188.6,Sweaters,0.9782608695652173,1,3,2,4,0
u-0618,2025-10-01,12,10,10,2,2,2,1,2,0,1,1,10,56,56,56,Accessories,1,1,1,1,8,0
u-0619,2025-10-01,154,4,4,3,3,14,14,3,1,4,0,49,1716.8,0,429.2,Outerwear,0.7792207792207791,10,1,2.5,35,0
u-0624,2025-10-01,156,7,6,3,3,18,18,1,0,2,0,59,445.28,0,222.64,Shirts,0.3846153846153846,12,3,2.5,40,0
u-0625,2025-10-01,44,6,6,4,4,17,17,2,0,2,1,27,489.44,231.84,244.72,Shoes,1.3636363636363638,11,1,2,41,0
u-0626,2025-10-01,184,8,8,2,2,8,8,1,1,6,0,30,532,0,88.67,T-Shirts,0.9782608695652173,5,2,2,20,0
u-0628,2025-10-01,141,6,6,3,3,10,10,2,1,2,1,24,809.6,469.2,404.8,Outerwear,0.425531914893617,9,2,2.5,27,0
u-0630,2025-10-01,222,19,19,1,1,1,1,0,0,4,0,78,689.04,0,172.26,Sweaters,0.5405405405405405,1,4,2,3,0
u-0637,2025-10-01,13,7,7,2,2,2,1,2,0,1,1,7,152,152,152,Shirts,1,1,2,2,8,0
u-0640,2025-10-01,203,7,7,2,2,5,5,1,0,5,0,42,799.36,0,159.87,T-Shirts,0.7389162561576355,5,3,2.2,13,1
u-0641,2025-10-01,257,8,8,2,2,8,8,1,1,5,0,75,1311.52,0,262.3,Jackets,0.5836575875486382,6,4,3,20,0
u-0643,2025-10-01,55,5,5,4,4,15,15,4,2,2,1,16,321,130,160.5,Trousers,1.090909090909091,11,2,2,41,1
u-0647,2025-10-01,114,5,5,3,3,12,12,4,0,2,1,29,454,216,227,Accessories,0.5263157894736842,7,2,3,32,0
u-0648,2025-10-01,128,7,7,3,3,9,9,1,0,3,0,51,618.44,0,206.15,Trousers,0.703125,7,2,2.3333333333333335,22,0
u-0649,2025-10-01,31,0,0,6,6,14,13,5,4,1,1,25,140,140,140,Shoes,0.9677419354838709,8,1,1,43,0
u-0652,2025-10-01,231,208,208,0,0,0,0,0,0,1,0,220,110,0,110,Sweaters,0.12987012987012986,0,1,1,0,1
u-0653,2025-10-01,159,0,0,4,4,13,13,1,1,5,1,0,631,99,126.2,Jackets,0.9433962264150944,10,4,1.4,33,0
u-0654,2025-10-01,264,1,1,3,3,5,5,2,0,8,0,45,2601.92,0,325.24,Shoes,0.9090909090909091,5,5,3.125,15,0
u-0657,2025-10-01,228,21,21,1,1,1,1,0,0,3,0,81,525.48,0,175.16,Sweaters,0.39473684210526316,1,2,1.6666666666666667,3,0
u-0658,2025-10-01,263,30,30,0,0,0,0,0,0,6,0,94,868,0,144.67,Shirts,0.6844106463878327,0,2,1.8333333333333333,0,1
u-0659,2025-10-01,67,0,0,5,5,17,17,1,1,3,1,22,596.76,82,198.92,Accessories,1.3432835820895521,11,4,2.3333333333333335,42,0
u-0661,2025-10-01,190,0,0,3,3,4,4,2,1,5,1,0,1046.48,273.24,209.3,Jackets,0.7894736842105263,4,3,2.4,15,0
u-0663,2025-10-01,201,13,13,3,3,8,8,1,1,5,0,54,893.24,0,178.65,Trousers,0.7462686567164178,6,2,2,21,0
u-0665,2025-10-01,116,3,3,5,5,18,18,2,1,6,1,3,649,180,108.17,T-Shirts,1.5517241379310345,14,4,2,45,0
u-0671,2025-10-01,241,202,202,0,0,0,0,0,0,1,0,231,237.36,0,237.36,Shoes,0.12448132780082988,0,3,3,0,1
u-0674,2025-10-01,205,169,169,0,0,0,0,0,0,1,0,196,349.6,0,349.6,Shoes,0.14634146341463417,0,3,4,0,0
u-0675,2025-10-01,246,197,197,0,0,0,0,0,0,3,0,213,895.84,0,298.61,Shoes,0.3658536585365854,0,3,2.6666666666666665,0,1
u-0677,2025-10-01,217,1,1,5,5,18,18,4,3,7,2,5,1435.56,546.48,205.08,Jackets,0.967741935483871,12,4,2.2857142857142856,50,0
u-0679,2025-10-01,112,9,9,3,3,17,17,3,0,3,1,9,617.6,112,205.87,Shirts,0.8035714285714286,11,3,2.3333333333333335,41,1
u-0680,2025-10-01,16,2,2,3,3,3,2,2,0,1,1,9,99,99,99,Jackets,1,2,1,1,11,1
u-0681,2025-10-01,209,2,2,5,5,14,14,4,1,6,1,19,876.56,246.56,146.09,Dresses,0.8612440191387559,12,4,1.5,39,0
u-0682,2025-10-01,241,16,16,4,4,16,16,3,2,7,1,21,1495.52,96,213.65,Trousers,0.8713692946058091,13,1,2.4285714285714284,42,1
u-0684,2025-10-01,150,90,90,0,0,0,0,0,0,1,0,148,156,0,156,T-Shirts,0.2,0,2,3,0,1
u-0686,2025-10-01,90,6,6,3,3,10,10,4,1,3,1,16,698.48,198,232.83,Trousers,1,9,3,2.6666666666666665,29,0
u-0688,2025-10-01,87,7,7,2,2,4,4,1,0,3,0,33,690.64,0,230.21,Shirts,1.0344827586206897,4,3,2.6666666666666665,11,0
u-0689,2025-10-01,94,19,19,1,1,1,1,0,0,1,0,88,185,0,185,Outerwear,0.3191489361702128,1,1,1,3,1
u-0690,2025-10-01,107,2,2,5,5,21,21,2,2,3,1,2,651.12,112,217.04,Trousers,0.8411214953271028,10,4,2.6666666666666665,52,0
u-0691,2025-10-01,25,5,5,6,6,19,18,4,0,1,1,19,458.16,458.16,458.16,Dresses,1,10,3,5,48,0
u-0693,2025-10-01,44,14,14,3,3,7,7,0,0,1,0,42,88,0,88,Trousers,0.6818181818181819,5,1,1,17,1
u-0694,2025-10-01,62,1,1,4,4,9,9,3,1,2,1,28,381.44,122,190.72,Trousers,0.9677419354838709,8,3,2.5,27,0
u-0696,2025-10-01,85,4,4,3,3,6,6,0,1,2,0,32,554.84,0,277.42,Shirts,0.7058823529411764,5,3,2.5,16,0
u-0697,2025-10-01,90,2,2,5,5,18,18,2,1,2,1,16,695.6,510.6,347.8,Outerwear,0.6666666666666666,11,1,2,45,0
u-0698,2025-10-01,215,33,33,0,0,0,0,0,0,2,0,136,416,0,208,Accessories,0.27906976744186046,0,3,3,0,1
u-0699,2025-10-01,61,7,7,3,3,13,13,3,2,4,1,7,785.88,168,196.47,Accessories,1.9672131147540985,8,5,2.25,35,0
u-0700,2025-10-01,190,3,3,6,6,24,24,5,2,10,3,5,2515,757.28,251.5,Sweaters,1.5789473684210527,13,4,2.5,64,0
u-0701,2025-10-01,154,6,6,3,3,11,11,2,0,5,1,6,825.24,78,165.05,Jackets,0.9740259740259739,6,4,1.6,28,0
u-0702,2025-10-01,44,3,3,4,4,18,18,3,2,2,1,10,383.68,104,191.84,Dresses,1.3636363636363638,14,2,2,46,0
u-0703,2025-10-01,210,6,6,6,6,26,26,5,4,7,2,8,1757.6,599.68,251.09,Shirts,1,16,4,3,69,0
u-0705,2025-10-01,213,5,5,4,4,14,14,3,1,4,1,22,327,76,81.75,T-Shirts,0.5633802816901409,9,2,1.75,37,0
u-0706,2025-10-01,235,5,5,3,3,13,13,3,1,4,0,67,870.64,0,217.66,Shoes,0.5106382978723405,10,4,2,33,0
u-0707,2025-10-01,42,5,5,3,3,11,11,3,1,1,0,40,99,0,99,Jackets,0.7142857142857143,8,1,1,29,0
u-0709,2025-10-01,250,150,150,0,0,0,0,0,0,3,0,201,596.2,0,198.73,Accessories,0.36,0,4,2.3333333333333335,0,0
u-0710,2025-10-01,259,4,4,2,2,12,12,0,1,4,0,55,870.2,0,217.55,Dresses,0.46332046332046334,9,4,2.25,27,0
u-0711,2025-10-01,200,96,96,0,0,0,0,0,0,1,0,190,271.4,0,271.4,Outerwear,0.15,0,2,2,0,0
u-0712,2025-10-01,101,5,5,2,2,6,6,4,0,4,2,5,930.4,465.6,232.6,Jackets,1.188118811881188,6,4,2.25,20,0
u-0713,2025-10-01,184,1,1,3,3,9,9,2,1,5,1,1,1566,185,313.2,Outerwear,0.8152173913043478,7,2,2,25,0
u-0714,2025-10-01,69,5,5,8,8,34,34,8,5,5,3,5,1006.04,808.04,201.21,Outerwear,2.173913043478261,12,4,1.6,92,0
u-0718,2025-10-01,247,0,0,6,6,27,27,2,0,9,0,31,1383.84,0,153.76,Shirts,1.0931174089068827,14,6,1.6666666666666667,62,0
u-0720,2025-10-01,125,10,10,1,1,1,1,0,0,3,0,58,588.44,0,196.15,Jackets,0.72,1,3,2.6666666666666665,3,1
u-0721,2025-10-01,217,11,11,2,2,4,4,2,1,3,0,52,626.4,0,208.8,Outerwear,0.4147465437788018,4,3,2,13,0
u-0722,2025-10-01,135,24,24,1,1,1,0,0,0,2,0,112,351.12,0,175.56,Trousers,0.4444444444444444,0,1,2,2,1
u-0724,2025-10-01,52,3,3,4,4,13,13,3,0,2,1,20,604.68,233,302.34,Outerwear,1.1538461538461537,10,3,2.5,34,0
u-0725,2025-10-01,42,0,0,3,3,11,11,3,0,2,1,0,442.84,231.84,221.42,Shoes,1.4285714285714286,8,2,2,29,1
u-0728,2025-10-01,220,26,26,1,1,1,1,0,0,4,0,39,1067.84,0,266.96,Accessories,0.5454545454545455,1,4,3,3,1
u-0729,2025-10-01,25,3,3,4,4,13,12,4,0,1,1,22,247.48,247.48,247.48,Outerwear,1,10,2,2,34,1
u-0730,2025-10-01,238,13,13,1,1,1,1,0,0,5,0,106,1640,0,328,Shoes,0.6302521008403361,1,3,3.2,3,0
u-0731,2025-10-01,6,4,4,2,2,2,1,2,0,1,1,4,290.72,290.72,290.72,Shoes,1,1,2,3,8,0
u-0732,2025-10-01,107,13,13,2,2,7,7,2,0,3,0,33,396,0,132,Jackets,0.8411214953271028,5,1,1.3333333333333333,18,0
u-0734,2025-10-01,61,7,7,2,2,8,8,2,0,2,1,21,470.64,360.64,235.32,Outerwear,0.9836065573770493,6,4,2,21,0
u-0735,2025-10-01,103,25,25,1,1,1,1,0,0,1,0,101,110,0,110,Sweaters,0.29126213592233013,1,1,1,3,1
u-0736,2025-10-01,182,36,36,0,0,0,0,0,0,2,0,100,312,0,156,Dresses,0.32967032967032966,0,1,1.5,0,0
u-0738,2025-10-01,255,4,4,4,4,13,13,6,3,6,2,4,949.12,316,158.19,Trousers,0.7058823529411765,9,3,1.6666666666666667,41,0
u-0739,2025-10-01,263,41,41,0,0,0,0,0,0,4,0,185,708,0,177,Dresses,0.4562737642585551,0,2,1.75,0,1
u-0740,2025-10-01,112,69,69,0,0,0,0,0,0,1,0,108,232,0,232,Shirts,0.26785714285714285,0,2,2,0,1
u-0744,2025-10-01,177,1,1,4,4,15,15,4,0,6,2,1,1406.4,361.6,234.4,Shoes,1.0169491525423728,10,4,2.1666666666666665,40,0
u-0745,2025-10-01,212,2,2,3,3,14,14,1,2,8,1,12,2904.76,680.8,363.1,Outerwear,1.1320754716981132,9,3,2.25,35,0
u-0746,2025-10-01,142,2,2,3,3,12,12,2,0,3,1,19,350,170,116.67,Shirts,0.6338028169014085,9,3,1.3333333333333333,30,0
u-0747,2025-10-01,260,0,0,8,8,31,31,4,4,7,0,44,898,0,128.29,T-Shirts,0.8076923076923077,15,4,2,78,0
u-0750,2025-10-01,31,12,12,3,3,6,5,2,0,1,1,29,253.92,253.92,253.92,Dresses,0.9677419354838709,5,2,3,17,0
u-0751,2025-10-01,53,17,17,1,1,1,1,0,0,1,0,50,198,0,198,Jackets,0.5660377358490566,1,1,2,3,1
u-0752,2025-10-01,40,3,3,4,4,20,20,3,1,2,1,3,500.64,360.64,250.32,Shoes,1.5,10,1,2,49,0
u-0753,2025-10-01,66,5,5,5,5,14,14,2,2,2,0,40,205,0,102.5,Trousers,0.9090909090909091,8,2,1,37,0
u-0754,2025-10-01,35,4,4,3,3,11,10,3,1,1,1,27,140,140,140,Shoes,0.8571428571428571,7,1,1,29,0
u-0755,2025-10-01,96,4,4,4,4,15,15,4,2,4,2,4,923.92,408.72,230.98,Sweaters,1.25,10,4,2.75,42,0
u-0756,2025-10-01,177,0,0,7,7,30,30,2,3,7,0,30,1351.52,0,193.07,Shirts,1.1864406779661016,14,3,2.142857142857143,72,0
u-0757,2025-10-01,13,0,0,4,4,8,7,4,1,1,1,10,340.4,340.4,340.4,Outerwear,1,5,1,2,25,0
u-0759,2025-10-01,141,4,4,2,2,5,5,2,0,3,0,32,572.4,0,190.8,Sweaters,0.6382978723404255,5,2,2.6666666666666665,14,0
u-0760,2025-10-01,88,85,85,0,0,0,0,0,0,1,0,85,144,0,144,Sweaters,0.34090909090909094,0,2,2,0,0
u-0761,2025-10-01,204,0,0,6,6,21,21,3,3,8,1,28,1973.2,418.6,246.65,Trousers,1.1764705882352942,11,5,2.625,55,0
u-0763,2025-10-01,135,8,8,3,3,15,15,3,0,3,1,28,1335,510.6,445,Outerwear,0.6666666666666666,10,2,2.6666666666666665,37,0
u-0765,2025-10-01,97,5,5,5,5,19,19,2,3,2,0,60,240,0,120,T-Shirts,0.6185567010309279,11,2,2.5,48,1
u-0766,2025-10-01,102,5,5,2,2,8,8,1,2,2,1,18,669.76,382.72,334.88,Dresses,0.5882352941176471,8,1,3.5,22,0
u-0767,2025-10-01,125,1,1,5,5,20,20,4,1,3,1,1,809.92,96,269.97,Accessories,0.72,11,2,3,51,0
u-0768,2025-10-01,181,8,8,2,2,10,10,1,1,5,0,36,1127.04,0,225.41,Trousers,0.8287292817679558,7,3,2.6,24,0
u-0769,2025-10-01,10,4,4,2,2,2,1,2,0,1,1,4,99,99,99,Jackets,1,1,1,1,8,0
u-0770,2025-10-01,68,4,4,4,4,17,17,0,1,2,0,52,480.64,0,240.32,Accessories,0.8823529411764706,9,2,2.5,39,0
u-0771,2025-10-01,112,0,0,6,6,22,22,4,1,3,1,10,1023.96,436.08,341.32,Outerwear,0.8035714285714286,10,3,2.3333333333333335,56,0
u-0772,2025-10-01,177,103,103,0,0,0,0,0,0,1,0,173,216,0,216,Accessories,0.1694915254237288,0,1,3,0,1
u-0773,2025-10-01,192,1,1,3,3,14,14,3,0,6,0,42,1888.32,0,314.72,Jackets,0.9375,11,7,3.5,34,0
u-0774,2025-10-01,21,0,0,4,4,14,13,4,2,1,1,11,120,120,120,Accessories,1,8,1,1,38,0
u-0775,2025-10-01,80,8,8,2,2,7,7,1,1,2,1,8,342.04,264.04,171.02,Shirts,0.75,6,3,2,19,0
u-0776,2025-10-01,132,1,1,8,8,30,30,3,5,3,1,24,657.52,419.52,219.17,Shirts,0.6818181818181818,16,2,2.6666666666666665,77,0
u-0777,2025-10-01,140,18,18,2,2,7,7,1,0,3,0,81,403,0,134.33,Jackets,0.6428571428571428,7,3,1.3333333333333333,17,1
u-0778,2025-10-01,166,2,2,3,3,14,14,1,2,4,0,36,1086.88,0,271.72,Shirts,0.7228915662650602,8,3,3,34,0
u-0779,2025-10-01,44,4,4,5,5,22,22,2,0,2,1,7,748.88,360.64,374.44,Shoes,1.3636363636363638,12,2,3.5,52,0
u-0783,2025-10-01,206,8,8,2,2,2,2,0,0,5,0,47,1265.36,0,253.07,Shoes,0.7281553398058253,2,2,2.2,6,1
u-0785,2025-10-01,65,4,4,3,3,10,10,1,3,1,0,59,253.92,0,253.92,Shirts,0.46153846153846156,7,2,3,27,0
u-0788,2025-10-01,201,1,1,10,10,35,35,4,2,8,2,1,1636.96,435.76,204.62,Sweaters,1.1940298507462686,15,3,2.25,88,0
u-0789,2025-10-01,81,4,4,4,4,16,16,2,1,3,0,32,470,0,156.67,Shirts,1.111111111111111,8,1,2,39,0
u-0790,2025-10-01,56,3,3,4,4,13,13,2,1,1,0,49,208,0,208,Dresses,0.5357142857142857,8,1,2,33,0
u-0791,2025-10-01,252,31,31,0,0,0,0,0,0,4,0,182,784.8,0,196.2,Sweaters,0.47619047619047616,0,2,2.25,0,1
u-0792,2025-10-01,159,102,102,0,0,0,0,0,0,2,0,138,198,0,99,Jackets,0.37735849056603776,0,1,1,0,0
u-0793,2025-10-01,165,4,4,2,2,2,2,1,0,4,0,61,1163.52,0,290.88,Shoes,0.7272727272727273,2,4,2.75,7,0
u-0794,2025-10-01,11,2,2,2,2,2,1,2,0,1,1,2,183,183,183,Trousers,1,1,1,2,8,0
u-0795,2025-10-01,15,1,1,3,3,6,5,3,0,1,1,5,591.56,591.56,591.56,Outerwear,1,4,2,4,18,0
u-0796,2025-10-01,29,3,3,4,4,9,8,2,1,1,1,25,441.6,441.6,441.6,Shirts,1,8,3,5,25,1
u-0798,2025-10-01,108,8,8,2,2,3,3,0,1,2,0,47,188,0,94,Shirts,0.5555555555555556,3,2,1,9,1
u-0799,2025-10-01,149,80,80,0,0,0,0,0,0,1,0,140,263.12,0,263.12,Trousers,0.20134228187919462,0,1,3,0,0
u-0800,2025-10-01,88,2,2,5,5,23,23,2,1,3,0,30,835.68,0,278.56,Shoes,1.0227272727272727,12,3,2.3333333333333335,54,0
u-0801,2025-10-01,125,3,3,3,3,9,9,0,0,3,0,53,653.88,0,217.96,Dresses,0.72,8,4,2.6666666666666665,21,0
u-0802,2025-10-01,71,42,42,0,0,0,0,0,0,1,0,69,242.88,0,242.88,Accessories,0.4225352112676056,0,1,4,0,1
u-0805,2025-10-01,196,5,5,2,2,7,7,3,2,5,1,19,1116.6,99,223.32,Jackets,0.7653061224489796,5,6,2.2,22,0
u-0810,2025-10-01,81,4,3,3,3,10,10,1,1,1,1,4,194,194,194,Sweaters,0.37037037037037035,8,1,2,26,1
u-0811,2025-10-01,53,0,0,7,7,29,29,5,4,3,1,8,685.92,253.92,228.64,Shirts,1.6981132075471699,14,1,2.6666666666666665,75,0
u-0812,2025-10-01,101,1,1,5,5,16,16,1,1,2,0,67,208,0,104,Dresses,0.594059405940594,11,1,1,39,0
u-0814,2025-10-01,73,6,6,5,5,20,20,5,3,6,3,6,1356.04,786.88,226.01,Jackets,2.4657534246575343,10,5,2.6666666666666665,56,1
u-0815,2025-10-01,128,0,0,6,6,23,23,5,2,5,2,12,2341.4,1021.2,468.28,Outerwear,1.171875,13,2,2.8,61,0
u-0816,2025-10-01,72,2,2,4,4,14,14,4,2,3,2,2,487.4,216,162.47,Sweaters,1.25,9,4,2,40,0
u-0817,2025-10-01,23,1,1,5,5,15,14,4,2,1,1,15,99,99,99,Jackets,1,10,1,1,41,0
u-0818,2025-10-01,248,137,137,0,0,0,0,0,0,4,0,189,982.28,0,245.57,Trousers,0.48387096774193544,0,3,2.5,0,1
u-0819,2025-10-01,256,0,0,6,6,24,24,5,4,7,1,26,1257.76,99,179.68,Jackets,0.8203125,14,4,1.7142857142857142,64,0
u-0820,2025-10-01,157,11,11,2,2,6,6,2,1,2,0,81,196,0,98,Accessories,0.38216560509554137,5,2,1,17,0
u-0821,2025-10-01,210,1,1,5,5,19,19,0,1,6,0,43,1773.32,0,295.55,Outerwear,0.8571428571428571,10,3,2,44,0
u-0822,2025-10-01,105,7,7,2,2,2,2,0,0,2,0,60,390,0,195,Sweaters,0.5714285714285714,2,2,2,6,1
u-0824,2025-10-01,173,0,0,3,3,11,11,2,1,5,0,37,715.52,0,143.1,T-Shirts,0.8670520231213873,8,4,2.4,28,0
u-0825,2025-10-01,226,5,5,4,4,19,19,4,0,7,1,28,1591.12,146,227.3,Shirts,0.9292035398230089,10,4,2.5714285714285716,47,0
u-0827,2025-10-01,4,1,1,2,2,2,1,2,0,1,1,1,140,140,140,Shoes,1,1,1,1,8,0
u-0831,2025-10-01,166,27,27,1,1,1,1,0,0,4,0,99,1325.72,0,331.43,Outerwear,0.7228915662650602,1,4,2.5,3,1
u-0833,2025-10-01,146,12,12,2,2,9,9,1,0,2,0,50,695.84,0,347.92,Dresses,0.4109589041095891,6,3,4,21,0
u-0834,2025-10-01,147,2,2,3,3,15,15,2,3,3,1,12,859.84,331.2,286.61,Accessories,0.6122448979591836,11,2,3,39,0
u-0835,2025-10-01,25,3,3,4,4,9,8,4,0,2,2,3,290,290,145,Shirts,2,7,1,2,27,0
u-0836,2025-10-01,203,49,49,0,0,0,0,0,0,1,0,196,231,0,231,Shirts,0.1477832512315271,0,2,3,0,0
u-0837,2025-10-01,108,62,62,0,0,0,0,0,0,1,0,106,208,0,208,Dresses,0.2777777777777778,0,1,2,0,1
u-0838,2025-10-01,208,27,27,1,1,1,1,0,0,4,0,51,577,0,144.25,Shirts,0.5769230769230769,1,4,1.75,3,1
u-0839,2025-10-01,51,1,1,6,6,30,30,3,3,2,0,30,346,0,173,Sweaters,1.1764705882352942,11,2,2,72,0
u-0841,2025-10-01,199,0,0,4,4,19,19,4,2,4,1,8,901.24,261.28,225.31,Jackets,0.6030150753768844,10,3,2.25,49,0
u-0843,2025-10-01,77,2,2,5,5,22,22,2,1,2,0,67,467.92,0,233.96,Jackets,0.7792207792207791,11,2,2.5,52,0
u-0844,2025-10-01,145,3,3,4,4,16,16,3,3,4,1,29,516,56,129,Accessories,0.8275862068965518,12,2,1.75,43,0
u-0845,2025-10-01,69,0,0,3,3,9,9,2,1,2,0,34,441.6,0,220.8,Shirts,0.8695652173913044,7,1,3,24,1
u-0847,2025-10-01,226,6,6,2,2,9,9,1,1,5,0,30,2225.56,0,445.11,Outerwear,0.6637168141592921,9,3,3,22,0
u-0848,2025-10-01,52,2,2,8,8,26,26,3,1,3,2,4,770.24,582.24,256.75,Shirts,1.7307692307692306,14,3,2.6666666666666665,66,0
u-0849,2025-10-01,65,1,1,3,3,13,13,3,1,2,1,1,289,104,144.5,Dresses,0.9230769230769231,8,2,1,34,0
u-0850,2025-10-01,163,97,97,0,0,0,0,0,0,1,0,152,257.6,0,257.6,Shoes,0.18404907975460122,0,1,2,0,0
u-0851,2025-10-01,265,3,3,2,2,9,9,2,0,4,1,15,722.16,190,180.54,T-Shirts,0.45283018867924524,6,4,2.5,23,0
u-0852,2025-10-01,112,2,2,5,5,23,23,2,2,3,0,51,574.12,0,191.37,Dresses,0.8035714285714286,13,3,2,55,0
u-0853,2025-10-01,208,0,0,6,6,20,20,4,1,7,2,19,1793.08,594.44,256.15,Sweaters,1.0096153846153846,10,6,2.5714285714285716,53,0
u-0854,2025-10-01,234,5,5,3,3,15,15,2,1,7,0,59,1609.16,0,229.88,Sweaters,0.8974358974358975,9,4,2,36,0
u-0855,2025-10-01,42,7,7,2,2,9,9,1,1,1,0,35,42,0,42,T-Shirts,0.7142857142857143,8,1,1,22,0
u-0856,2025-10-01,268,100,100,0,0,0,0,0,0,3,0,208,563,0,187.67,Jackets,0.33582089552238803,0,2,2,0,1
u-0857,2025-10-01,196,45,44,0,0,0,0,0,0,1,0,115,185,0,185,Outerwear,0.15306122448979592,0,1,1,0,1
u-0858,2025-10-01,191,71,71,0,0,0,0,0,0,1,0,184,224,0,224,Shoes,0.15706806282722513,0,1,2,0,1
u-0859,2025-10-01,146,2,2,4,4,13,13,3,1,5,1,2,1042.68,92,208.54,Shirts,1.0273972602739727,9,5,2.4,35,0
u-0863,2025-10-01,59,1,1,6,6,20,20,5,2,3,1,27,594.2,262.2,198.07,Trousers,1.5254237288135595,13,2,2.3333333333333335,54,1
u-0865,2025-10-01,101,4,4,5,5,16,16,4,2,4,1,11,868.08,279.68,217.02,Sweaters,1.188118811881188,8,2,2.5,44,1
u-0866,2025-10-01,221,2,2,5,5,20,20,4,1,7,1,20,1826.8,198,260.97,Jackets,0.9502262443438915,11,3,2.857142857142857,51,0
u-0867,2025-10-01,146,3,3,2,2,5,5,1,0,3,0,44,363,0,121,T-Shirts,0.6164383561643836,4,2,2,13,1
u-0869,2025-10-01,33,5,5,4,4,15,15,3,1,2,1,5,472.64,360.64,236.32,Shoes,1.8181818181818181,7,1,2,39,0
u-0872,2025-10-01,37,5,5,5,5,20,20,2,0,1,0,31,250,0,250,Accessories,0.8108108108108107,11,2,4,47,0
u-0874,2025-10-01,178,65,65,0,0,0,0,0,0,2,0,149,132,0,66,T-Shirts,0.33707865168539325,0,2,1.5,0,0
u-0877,2025-10-01,100,1,1,7,7,30,30,2,3,3,0,42,612.72,0,204.24,Shirts,0.8999999999999999,12,4,2.3333333333333335,72,0
u-0878,2025-10-01,127,4,4,4,4,12,12,3,1,5,1,16,574.72,42,114.94,T-Shirts,1.1811023622047243,7,3,2.4,33,0
u-0880,2025-10-01,176,114,114,0,0,0,0,0,0,1,0,170,340.4,0,340.4,Outerwear,0.17045454545454547,0,1,2,0,0
u-0881,2025-10-01,161,3,3,8,8,30,30,7,3,7,2,13,1262,410,180.29,Shirts,1.3043478260869565,15,2,2.2857142857142856,80,0
u-0882,2025-10-01,163,1,1,3,3,14,14,1,2,4,0,35,912.24,0,228.06,Jackets,0.7361963190184049,9,3,2.5,34,0
u-0883,2025-10-01,254,58,58,0,0,0,0,0,0,4,0,117,674.56,0,168.64,Sweaters,0.47244094488188976,0,3,1.5,0,0
u-0884,2025-10-01,40,5,5,3,3,13,13,1,1,1,0,38,263.12,0,263.12,Trousers,0.75,9,1,3,31,0
u-0885,2025-10-01,223,65,65,0,0,0,0,0,0,4,0,65,802,0,200.5,Sweaters,0.5381165919282511,0,3,2.25,0,1
u-0886,2025-10-01,22,1,1,4,4,10,9,3,0,2,2,1,579.6,579.6,289.8,Shirts,2,7,1,3.5,28,0
u-0888,2025-10-01,57,9,9,6,6,20,20,3,3,2,0,35,536.64,0,268.32,Dresses,1.0526315789473684,12,4,3,52,0
u-0889,2025-10-01,176,5,5,2,2,2,2,0,0,4,0,132,1172.12,0,293.03,Dresses,0.6818181818181819,2,4,2.75,6,0
u-0890,2025-10-01,217,2,2,5,5,21,21,4,1,7,0,30,687,0,98.14,T-Shirts,0.967741935483871,13,4,2,52,0
u-0892,2025-10-01,214,15,15,2,2,7,7,1,1,3,0,45,1005.44,0,335.15,Dresses,0.4205607476635514,6,2,3.3333333333333335,18,1
u-0893,2025-10-01,222,148,148,0,0,0,0,0,0,1,0,220,110,0,110,Sweaters,0.13513513513513511,0,1,1,0,1
u-0895,2025-10-01,210,134,134,0,0,0,0,0,0,1,0,207,364.32,0,364.32,Jackets,0.14285714285714285,0,1,4,0,1
u-0897,2025-10-01,46,10,10,3,3,15,15,3,2,1,0,40,147,0,147,Accessories,0.6521739130434783,10,2,2,38,0
u-0899,2025-10-01,195,0,0,3,3,11,11,5,1,6,3,0,1878.72,760,313.12,Dresses,0.9230769230769231,6,4,3.1666666666666665,34,1
u-0900,2025-10-01,149,6,6,4,4,20,20,4,0,5,1,11,974.84,231.84,194.97,Sweaters,1.006711409395973,11,2,2.2,49,0
u-0904,2025-10-01,264,18,18,1,1,1,0,0,0,1,0,259,99,0,99,Jackets,0.11363636363636363,0,1,1,2,0
u-0905,2025-10-01,41,4,4,3,3,16,16,1,2,1,0,32,216,0,216,Accessories,0.7317073170731707,10,1,3,38,0
u-0906,2025-10-01,43,1,1,4,4,21,21,1,0,1,0,33,510.6,0,510.6,Outerwear,0.6976744186046512,10,1,3,47,0
u-0907,2025-10-01,9,2,2,2,2,2,1,2,0,1,1,2,164,164,164,T-Shirts,1,1,2,3,8,0
u-0908,2025-10-01,125,3,3,6,6,24,24,5,1,5,1,22,720,56,144,Accessories,1.2,13,3,1.6,61,0
u-0909,2025-10-01,104,27,27,1,1,1,1,0,0,2,0,60,520.72,0,260.36,Shoes,0.5769230769230769,1,3,2.5,3,0
u-0910,2025-10-01,124,0,0,3,3,12,12,1,2,3,0,33,1055.96,0,351.99,Dresses,0.7258064516129031,8,3,3.3333333333333335,30,1
u-0911,2025-10-01,49,3,3,3,3,14,14,1,0,1,0,41,224,0,224,Shoes,0.6122448979591837,9,1,2,32,1
u-0912,2025-10-01,163,6,6,3,3,13,13,2,1,4,0,60,824.08,0,206.02,Dresses,0.7361963190184049,7,2,2.25,32,0
u-0913,2025-10-01,18,7,7,2,2,2,1,2,0,1,1,7,110,110,110,Sweaters,1,1,1,1,8,0
u-0914,2025-10-01,40,32,32,0,0,0,0,0,0,1,0,32,293.48,0,293.48,Accessories,0.75,0,3,3,0,1
u-0915,2025-10-01,103,12,12,2,2,6,6,1,1,2,1,25,360,184,180,Trousers,0.5825242718446603,6,1,2,17,0
u-0917,2025-10-01,240,68,68,0,0,0,0,0,0,2,0,177,649.52,0,324.76,Accessories,0.25,0,2,3.5,0,0
u-0918,2025-10-01,179,94,94,0,0,0,0,0,0,5,0,107,1055.68,0,211.14,Trousers,0.8379888268156425,0,2,2.4,0,1
u-0919,2025-10-01,76,13,13,4,4,8,8,3,1,3,1,28,659.84,152,219.95,Sweaters,1.1842105263157896,5,3,2.6666666666666665,25,0
u-0921,2025-10-01,140,1,1,5,5,20,20,4,2,3,1,15,769.32,198,256.44,Jackets,0.6428571428571428,10,3,3,52,0
u-0926,2025-10-01,17,9,9,2,2,2,1,2,0,1,1,9,286.12,286.12,286.12,Outerwear,1,1,3,3,8,0
u-0929,2025-10-01,202,3,3,3,3,16,16,1,1,6,1,21,1531.2,220,255.2,Jackets,0.8910891089108911,10,5,2.5,38,0
u-0930,2025-10-01,59,1,0,3,3,9,9,2,1,1,0,48,84,0,84,Sweaters,0.5084745762711864,7,1,1,24,1
u-0931,2025-10-01,142,4,4,7,7,29,29,3,1,6,1,28,1365.8,299,227.63,Shirts,1.267605633802817,15,5,2.3333333333333335,70,0
u-0932,2025-10-01,230,2,2,6,6,25,25,3,2,6,1,5,1145.08,116,190.85,Jackets,0.7826086956521738,13,7,2,62,0
u-0933,2025-10-01,35,0,0,8,8,31,31,5,5,1,0,32,436.08,0,436.08,Shoes,0.8571428571428571,13,2,4,80,0
u-0935,2025-10-01,223,5,5,2,2,9,9,1,1,3,0,61,847.44,0,282.48,Sweaters,0.40358744394618834,7,3,3,22,0
u-0936,2025-10-01,53,1,1,7,7,24,24,7,1,1,0,50,78,0,78,Shirts,0.5660377358490566,13,1,1,63,0
u-0937,2025-10-01,179,2,2,8,8,28,28,2,3,6,1,11,1592.84,194,265.47,Sweaters,1.005586592178771,13,6,2.8333333333333335,70,1
u-0938,2025-10-01,137,63,63,0,0,0,0,0,0,1,0,130,412.16,0,412.16,Accessories,0.21897810218978103,0,2,4,0,1
u-0939,2025-10-01,25,3,3,4,4,6,5,3,2,1,1,22,104,104,104,Dresses,1,4,1,1,21,0
u-0940,2025-10-01,23,4,4,4,4,14,13,4,1,1,1,14,88,88,88,Trousers,1,9,1,1,37,0
u-0941,2025-10-01,75,8,8,4,4,20,20,4,3,3,0,32,1008.32,0,336.11,Shoes,1.2,12,4,3,51,0
u-0942,2025-10-01,239,5,5,6,6,28,28,3,3,7,2,5,2727.44,674.92,389.63,Outerwear,0.8786610878661087,14,5,2.5714285714285716,70,0
u-0944,2025-10-01,256,46,46,0,0,0,0,0,0,7,0,73,1221.8,0,174.54,Shirts,0.8203125,0,4,2,0,1
u-0946,2025-10-01,64,0,0,1,1,2,2,0,1,1,0,60,56,0,56,Accessories,0.46875,2,1,1,6,1
u-0947,2025-10-01,169,7,7,3,3,13,13,2,0,5,0,45,852.76,0,170.55,Trousers,0.8875739644970414,9,4,1.8,31,0
u-0948,2025-10-01,35,4,4,4,4,15,14,4,2,1,1,24,99,99,99,Jackets,0.8571428571428571,8,1,1,40,0
u-0950,2025-10-01,22,9,9,3,4,3,2,2,0,1,1,18,246,246,246,Shirts,1,1,2,3,11,1
u-0951,2025-10-01,40,5,5,5,5,19,19,2,3,1,0,31,331.2,0,331.2,Shoes,0.75,12,3,4,48,0
u-0953,2025-10-01,252,141,141,0,0,0,0,0,0,2,0,224,368.56,0,184.28,Jackets,0.23809523809523808,0,2,2,0,0
u-0954,2025-10-01,196,151,151,0,0,0,0,0,0,1,0,190,264.04,0,264.04,Trousers,0.15306122448979592,0,1,3,0,0
u-0955,2025-10-01,70,2,2,4,4,18,18,3,2,1,0,63,96,0,96,Trousers,0.42857142857142855,11,1,1,45,0
u-0958,2025-10-01,269,6,6,3,3,13,13,3,0,5,0,39,1047.44,0,209.49,Trousers,0.5576208178438662,6,3,2.2,32,0
u-0959,2025-10-01,133,19,19,1,1,1,1,0,0,2,0,91,708.4,0,354.2,Sweaters,0.45112781954887216,1,1,3.5,3,1
u-0960,2025-10-01,39,4,4,8,8,29,28,5,2,1,1,28,168,168,168,Accessories,0.7692307692307692,14,1,2,73,0
u-0961,2025-10-01,196,20,20,1,1,1,1,0,0,2,0,118,1077.32,0,538.66,Outerwear,0.30612244897959184,1,4,4,3,1
u-0962,2025-10-01,240,4,4,3,3,11,11,3,1,7,2,4,1542.92,464.84,220.42,Jackets,0.875,8,4,2.5714285714285716,31,0
u-0963,2025-10-01,96,93,93,0,0,0,0,0,0,1,0,93,56,0,56,Accessories,0.3125,0,1,1,0,1
u-0964,2025-10-01,270,28,28,1,1,1,1,0,0,3,0,106,464,0,154.67,T-Shirts,0.3333333333333333,1,2,3.3333333333333335,3,1
u-0965,2025-10-01,141,13,13,1,1,1,1,1,0,2,0,95,381.52,0,190.76,Shirts,0.425531914893617,1,2,3,4,1
u-0967,2025-10-01,85,13,13,1,1,1,1,0,0,1,0,80,303.6,0,303.6,Trousers,0.3529411764705882,1,2,3,3,1
u-0970,2025-10-01,272,40,40,0,0,0,0,0,0,3,0,172,761.84,0,253.95,Shirts,0.33088235294117646,0,3,3,0,1
u-0971,2025-10-01,244,75,75,0,0,0,0,0,0,3,0,147,710.24,0,236.75,Jackets,0.36885245901639346,0,2,2.3333333333333335,0,1
u-0972,2025-10-01,271,51,51,0,0,0,0,0,0,5,0,124,969.64,0,193.93,Trousers,0.5535055350553506,0,3,2.4,0,1
u-0973,2025-10-01,272,15,15,1,1,1,1,0,0,5,0,53,2567.8,0,513.56,Outerwear,0.5514705882352942,1,1,3,3,0
u-0974,2025-10-01,103,5,5,4,4,19,19,2,1,3,0,37,683.04,0,227.68,Dresses,0.8737864077669903,13,3,2.3333333333333335,45,0
u-0976,2025-10-01,258,7,7,3,3,12,12,1,3,5,1,14,1231.76,224,246.35,Accessories,0.5813953488372093,8,5,3,32,0
u-0979,2025-10-01,223,2,2,3,3,11,11,2,1,1,0,221,208,0,208,Accessories,0.13452914798206278,7,2,3,28,0
u-0980,2025-10-01,201,3,3,3,3,12,12,1,1,5,1,3,715,95,143,T-Shirts,0.7462686567164178,8,4,2.8,30,1
u-0981,2025-10-01,199,8,8,1,1,1,1,0,0,5,0,61,781,0,156.2,Accessories,0.7537688442211055,1,4,1.4,3,0
u-0983,2025-10-01,206,25,25,2,2,11,11,1,0,6,0,33,1369.6,0,228.27,Shirts,0.8737864077669903,7,3,2.6666666666666665,25,1
u-0984,2025-10-01,157,0,0,4,4,17,17,2,4,3,0,76,820.56,0,273.52,Jackets,0.5732484076433121,12,2,3,44,0
u-0985,2025-10-01,259,4,4,2,2,7,7,0,0,4,0,85,1017.88,0,254.47,Accessories,0.46332046332046334,6,2,3,16,0
u-0987,2025-10-01,97,2,1,5,5,21,21,6,1,3,2,8,593.92,501.92,197.97,Shirts,0.9278350515463918,15,2,2.3333333333333335,56,1
u-0990,2025-10-01,12,9,9,2,2,2,1,2,0,1,1,9,99,99,99,Jackets,1,1,1,1,8,0
u-0992,2025-10-01,206,96,96,0,0,0,0,0,0,2,0,188,520.8,0,260.4,Shoes,0.29126213592233013,0,3,3,0,1
u-0993,2025-10-01,35,2,2,6,7,21,20,5,0,1,1,25,156,156,156,Shirts,0.8571428571428571,11,2,2,53,1
u-0997,2025-10-01,48,2,2,5,5,25,25,1,1,1,0,43,198,0,198,Sweaters,0.625,12,2,2,57,1
u-0998,2025-10-01,187,2,2,3,3,13,13,3,0,6,1,2,1073.76,102,178.96,T-Shirts,0.9625668449197861,8,5,2.8333333333333335,33,0
u-0999,2025-10-01,178,34,34,0,0,0,0,0,0,5,0,56,1421.56,0,284.31,Outerwear,0.8426966292134831,0,5,2.6,0,0
u-1000,2025-10-01,90,7,7,4,4,12,12,2,1,3,1,25,478,160,159.33,Shirts,1,8,3,2,32,1
u-1001,2025-10-01,252,19,19,1,1,1,0,0,0,3,0,175,321,0,107,Accessories,0.35714285714285715,0,3,1.3333333333333333,2,1
u-1002,2025-10-01,162,3,3,5,5,20,20,2,2,6,0,46,553,0,92.17,T-Shirts,1.111111111111111,14,3,2,49,0
u-1004,2025-10-01,54,2,2,6,6,19,19,5,2,2,1,22,635.72,375.36,317.86,Sweaters,1.1111111111111112,12,3,3.5,52,0
u-1005,2025-10-01,150,83,83,0,0,0,0,0,0,2,0,83,179,0,89.5,Sweaters,0.4,0,2,1,0,1
u-1007,2025-10-01,252,191,191,0,0,0,0,0,0,2,0,216,486.28,0,243.14,Shirts,0.23809523809523808,0,4,2.5,0,0
u-1008,2025-10-01,16,6,6,2,2,2,1,2,0,1,1,6,56,56,56,Accessories,1,1,1,1,8,0
u-1010,2025-10-01,262,9,9,3,3,17,17,3,0,6,1,15,1076.28,353.28,179.38,Accessories,0.6870229007633588,10,3,2.3333333333333335,41,0
u-1011,2025-10-01,143,8,8,3,3,3,3,1,0,4,0,36,848.32,0,212.08,Sweaters,0.8391608391608392,3,3,2.25,10,0
u-1012,2025-10-01,255,10,10,2,2,6,6,1,1,1,0,248,146,0,146,Shoes,0.11764705882352941,6,2,2,16,0
u-1014,2025-10-01,194,31,31,0,0,0,0,0,0,4,0,78,630.52,0,157.63,Shirts,0.6185567010309279,0,4,1.5,0,0
u-1015,2025-10-01,141,0,0,4,4,18,18,2,4,4,1,8,957.04,96,239.26,Trousers,0.851063829787234,10,3,2.5,47,1
u-1016,2025-10-01,63,2,2,5,5,18,18,1,3,2,1,22,196,42,98,T-Shirts,0.9523809523809523,12,2,1.5,46,0
u-1017,2025-10-01,233,3,3,2,2,5,5,2,0,6,1,3,1214.88,257.6,202.48,Accessories,0.7725321888412017,5,4,2.3333333333333335,15,0
u-1019,2025-10-01,47,0,0,8,8,25,25,6,2,2,1,23,636.64,382.72,318.32,Dresses,1.2765957446808511,13,2,3.5,67,0
u-1020,2025-10-01,8,3,3,2,2,2,1,2,0,1,1,3,178,178,178,T-Shirts,1,1,2,3,8,0
u-1021,2025-10-01,198,26,26,1,1,1,1,1,0,3,0,78,840.88,0,280.29,Sweaters,0.4545454545454546,1,4,3,4,0
u-1022,2025-10-01,272,19,19,2,2,7,6,0,0,9,0,71,2300.36,0,255.6,Sweaters,0.9926470588235294,5,6,3.111111111111111,15,0
u-1023,2025-10-01,86,3,3,2,2,2,2,1,0,2,0,70,553.6,0,276.8,Outerwear,0.6976744186046512,2,3,2,7,1
u-1024,2025-10-01,232,37,37,0,0,0,0,0,0,4,0,65,1142.28,0,285.57,Jackets,0.5172413793103449,0,6,3.25,0,0
u-1026,2025-10-01,178,3,3,4,4,16,16,2,1,5,1,12,2185.12,510.6,437.02,Outerwear,0.8426966292134831,9,4,3,40,0
u-1027,2025-10-01,114,3,3,5,5,23,23,5,1,2,1,22,511.32,364.32,255.66,Jackets,0.5263157894736842,15,2,3,58,0
u-1028,2025-10-01,46,7,7,3,3,13,13,2,1,1,0,40,431.48,0,431.48,Trousers,0.6521739130434783,10,2,5,32,0
u-1029,2025-10-01,60,5,5,3,3,13,13,2,1,1,0,51,102,0,102,T-Shirts,0.5,10,1,3,32,0
u-1030,2025-10-01,155,4,4,3,3,5,5,2,0,4,1,10,2042.4,680.8,510.6,Outerwear,0.7741935483870968,5,1,3,16,0
u-1031,2025-10-01,70,4,4,6,6,24,24,4,1,2,0,41,851,0,425.5,Outerwear,0.8571428571428571,14,1,2.5,59,0
u-1032,2025-10-01,272,7,7,1,1,1,0,0,0,2,0,239,370,0,185,Outerwear,0.22058823529411764,0,1,1,2,1
u-1033,2025-10-01,152,1,1,3,3,9,9,2,0,3,0,33,404,0,134.67,Shirts,0.5921052631578948,6,2,1.6666666666666667,23,0
u-1034,2025-10-01,42,3,3,3,3,14,14,1,2,1,0,34,102,0,102,T-Shirts,0.7142857142857143,9,1,3,34,0
u-1035,2025-10-01,185,135,135,0,0,0,0,0,0,1,0,182,242,0,242,Accessories,0.16216216216216214,0,3,5,0,1
u-1036,2025-10-01,271,3,3,3,3,9,9,2,1,7,0,34,1406.32,0,200.9,Jackets,0.7749077490774908,5,4,2.2857142857142856,24,0
u-1037,2025-10-01,218,2,2,3,3,11,11,1,1,4,0,40,692.24,0,173.06,Shirts,0.5504587155963303,8,2,2.5,27,0
u-1038,2025-10-01,108,6,6,5,5,15,15,4,1,4,1,6,1363.52,247.48,340.88,Outerwear,1.1111111111111112,9,4,2.75,41,0
u-1040,2025-10-01,207,56,56,0,0,0,0,0,0,2,0,156,477.68,0,238.84,Sweaters,0.2898550724637681,0,2,2.5,0,0
u-1041,2025-10-01,41,5,5,7,7,22,22,4,3,1,0,35,102,0,102,T-Shirts,0.7317073170731707,10,1,3,58,1
u-1044,2025-10-01,203,6,6,7,7,31,31,5,2,6,0,32,1137.44,0,189.57,Accessories,0.8866995073891626,11,2,1.8333333333333333,76,0
u-1045,2025-10-01,187,26,26,1,1,5,5,1,1,4,0,64,531,0,132.75,Shirts,0.6417112299465241,5,2,1.75,13,1
u-1046,2025-10-01,221,78,78,0,0,0,0,0,0,4,0,128,894.04,0,223.51,Accessories,0.5429864253393666,0,4,2.75,0,1
u-1047,2025-10-01,203,8,8,2,2,2,2,0,0,5,0,61,1967.88,0,393.58,Outerwear,0.7389162561576355,2,4,2.8,6,1
u-1049,2025-10-01,64,0,0,4,4,15,15,4,1,4,2,19,1061.8,764.8,265.45,Outerwear,1.875,13,3,1.75,41,0
u-1050,2025-10-01,132,2,1,5,5,20,20,4,1,5,1,29,1256.8,110,251.36,Shoes,1.1363636363636362,12,4,2.4,51,0
u-1051,2025-10-01,46,12,12,2,2,6,6,1,1,1,0,39,455.4,0,455.4,Trousers,0.6521739130434783,6,2,5,16,0
u-1052,2025-10-01,89,4,4,3,3,11,11,3,1,2,0,31,474.04,0,237.02,Dresses,0.6741573033707865,8,3,2.5,29,0
u-1053,2025-10-01,14,7,7,2,2,2,1,2,0,1,1,7,88,88,88,Trousers,1,1,1,1,8,0
u-1054,2025-10-01,194,1,1,5,5,18,18,3,2,4,0,53,1050.04,0,262.51,Trousers,0.6185567010309279,12,2,3,46,0
u-1055,2025-10-01,63,5,5,3,3,10,10,2,2,1,0,59,99,0,99,Jackets,0.47619047619047616,7,1,1,27,0
u-1057,2025-10-01,243,10,10,2,2,2,2,0,0,8,0,40,1618.48,0,202.31,Sweaters,0.9876543209876544,2,2,2.125,6,0
u-1058,2025-10-01,10,2,2,2,2,2,1,2,0,1,1,2,42,42,42,T-Shirts,1,1,1,1,8,0
u-1059,2025-10-01,63,11,11,2,2,8,8,2,0,2,0,44,449.6,0,224.8,Trousers,0.9523809523809523,7,1,2.5,20,0
u-1060,2025-10-01,79,12,12,1,1,1,1,0,0,1,0,77,99,0,99,Jackets,0.379746835443038,1,1,1,3,1
u-1061,2025-10-01,18,5,5,3,3,8,7,3,1,1,1,15,384.56,384.56,384.56,Sweaters,1,6,2,4,23,0
u-1062,2025-10-01,217,113,113,0,0,0,0,0,0,2,0,156,405.76,0,202.88,Dresses,0.2764976958525346,0,2,2,0,1
u-1063,2025-10-01,200,15,15,1,1,1,1,0,0,5,0,63,1808.88,0,361.78,Outerwear,0.75,1,2,2.2,3,1
u-1064,2025-10-01,251,77,77,0,0,0,0,0,0,3,0,132,471.24,0,157.08,Jackets,0.3585657370517928,0,1,1.6666666666666667,0,1
u-1065,2025-10-01,148,54,54,0,0,0,0,0,0,1,0,146,313.72,0,313.72,Shirts,0.2027027027027027,0,2,3,0,1
u-1066,2025-10-01,24,6,6,3,4,8,7,2,0,1,1,18,340.4,340.4,340.4,Outerwear,1,7,1,2,21,0
u-1067,2025-10-01,61,10,10,4,4,18,18,1,1,2,0,37,835.36,0,417.68,Outerwear,0.9836065573770493,11,2,3,42,0
u-1068,2025-10-01,26,0,0,5,6,10,9,2,3,1,1,16,129,129,129,T-Shirts,1,8,2,2,30,1
u-1070,2025-10-01,227,24,24,1,1,1,1,1,0,4,0,88,854.8,0,213.7,Outerwear,0.5286343612334802,1,3,1.75,4,1
u-1071,2025-10-01,128,3,3,3,3,10,10,3,2,2,1,13,441.92,96,220.96,Trousers,0.46875,8,2,2,29,0
u-1073,2025-10-01,36,2,2,4,4,14,13,5,1,1,1,26,116,116,116,T-Shirts,0.8333333333333334,9,2,3,38,0
u-1074,2025-10-01,119,60,60,0,0,0,0,0,0,1,0,115,178,0,178,T-Shirts,0.25210084033613445,0,2,3,0,1
u-1076,2025-10-01,120,0,0,4,4,15,15,3,0,3,1,0,529.36,88,176.45,Shoes,0.75,8,3,1.6666666666666667,38,0
u-1078,2025-10-01,103,5,5,2,2,7,7,0,1,3,0,57,841.28,0,280.43,Accessories,0.8737864077669903,6,4,2.6666666666666665,17,0
u-1082,2025-10-01,148,3,3,4,4,17,17,2,2,6,1,10,1366.96,183,227.83,Trousers,1.2162162162162162,8,3,2.6666666666666665,43,0
u-1083,2025-10-01,89,14,14,2,2,6,6,1,0,1,0,79,232,0,232,Accessories,0.33707865168539325,6,2,4,15,1
u-1085,2025-10-01,106,2,2,4,4,21,21,4,0,4,1,26,909.8,366.16,227.45,Trousers,1.1320754716981132,12,2,2.5,51,0
u-1086,2025-10-01,176,82,82,0,0,0,0,0,0,4,0,82,933.04,0,233.26,Trousers,0.6818181818181819,0,3,2.5,0,1
u-1087,2025-10-01,15,0,0,5,5,14,13,4,2,2,2,0,455.04,455.04,227.52,Shirts,2,10,1,3,40,0
u-1088,2025-10-01,141,18,18,1,1,1,1,1,0,2,0,95,576.4,0,288.2,Trousers,0.425531914893617,1,3,2.5,4,0
u-1090,2025-10-01,49,3,3,4,4,12,12,2,2,2,1,12,865.8,680.8,432.9,Outerwear,1.2244897959183674,9,1,2.5,33,1
u-1091,2025-10-01,124,36,36,0,0,0,0,0,0,3,0,41,416,0,138.67,Accessories,0.7258064516129031,0,2,2,0,1
u-1092,2025-10-01,187,1,1,5,5,21,21,2,0,4,0,53,1469.24,0,367.31,Sweaters,0.6417112299465241,12,3,4,49,0
u-1093,2025-10-01,79,6,6,3,3,13,13,2,2,2,1,6,865.8,185,432.9,Outerwear,0.759493670886076,11,1,2.5,34,0
u-1094,2025-10-01,190,3,3,5,5,15,15,6,2,7,2,9,1518.24,424.16,216.89,Dresses,1.105263157894737,9,2,2.142857142857143,45,0
u-1095,2025-10-01,12,8,8,2,2,2,1,2,0,1,1,8,214,214,214,Shirts,1,1,1,3,8,0
u-1096,2025-10-01,38,3,3,2,2,10,10,0,1,1,0,34,185,0,185,Outerwear,0.7894736842105263,6,1,1,23,0
u-1099,2025-10-01,153,54,54,0,0,0,0,0,0,2,0,101,526.48,0,263.24,Trousers,0.3921568627450981,0,3,2.5,0,1
u-1100,2025-10-01,262,70,70,0,0,0,0,0,0,3,0,191,360,0,120,Dresses,0.3435114503816794,0,3,1.3333333333333333,0,1
u-0001,2025-11-01,76,7,7,1,1,4,4,1,0,2,1,7,306,112,153,Sweaters,0.7894736842105263,3,2,1.5,11,0
u-0003,2025-11-01,144,2,2,1,1,1,1,1,0,3,0,47,615.04,0,205.01,Dresses,0.625,1,2,2,4,0
u-0004,2025-11-01,110,6,6,5,5,17,17,2,1,4,0,31,695.44,0,173.86,Dresses,1.090909090909091,11,3,2,42,0
u-0005,2025-11-01,24,2,1,4,4,7,7,2,1,1,1,10,185,185,185,Outerwear,1,6,1,1,22,0
u-0007,2025-11-01,156,2,2,3,3,10,10,2,2,3,0,41,287,0,95.67,T-Shirts,0.5769230769230769,8,3,2,27,0
u-0009,2025-11-01,90,0,0,6,6,18,18,5,3,4,3,0,1142.48,1006.48,285.62,Shirts,1.3333333333333333,12,3,2.75,53,0
u-0010,2025-11-01,202,2,2,3,3,4,4,0,0,4,1,14,1518,425.04,379.5,Outerwear,0.594059405940594,4,5,3,12,1
u-0011,2025-11-01,283,10,10,1,1,2,2,1,1,2,0,206,478.72,0,239.36,Sweaters,0.21201413427561838,2,4,2.5,7,0
u-0012,2025-11-01,233,9,9,2,2,3,3,1,1,5,0,38,1230.88,0,246.18,Shoes,0.6437768240343348,3,1,2.2,10,0
u-0013,2025-11-01,286,151,151,0,0,0,0,0,0,3,0,188,1206.2,0,402.07,Outerwear,0.3146853146853147,0,1,2.3333333333333335,0,1
u-0014,2025-11-01,228,81,81,0,0,0,0,0,0,1,0,222,246,0,246,Jackets,0.13157894736842105,0,2,3,0,1
u-0016,2025-11-01,269,41,41,0,0,0,0,0,0,4,0,50,646.32,0,161.58,Jackets,0.44609665427509293,0,2,1.75,0,1
u-0017,2025-11-01,46,10,10,1,1,1,1,1,0,1,0,38,293.48,0,293.48,Shoes,0.6521739130434783,1,2,3,4,1
u-0018,2025-11-01,71,3,3,3,3,11,11,3,3,2,1,3,358,167,179,Jackets,0.8450704225352113,10,2,2,32,0
u-0020,2025-11-01,249,24,24,1,1,1,0,0,0,4,0,168,1008.48,0,252.12,Jackets,0.48192771084337344,0,4,2.5,2,1
u-0022,2025-11-01,149,2,2,2,2,2,2,2,0,2,0,46,214,0,107,Dresses,0.40268456375838924,2,2,1,8,1
u-0023,2025-11-01,129,5,5,4,4,17,17,3,1,4,1,20,1692.8,334.88,423.2,Shoes,0.9302325581395349,11,3,3.75,43,0
u-0024,2025-11-01,93,10,10,2,2,8,8,3,1,3,2,10,694.72,312,231.57,Dresses,0.9677419354838709,8,1,2.3333333333333335,24,0
u-0025,2025-11-01,168,7,7,3,3,10,10,2,0,4,0,47,965.84,0,241.46,Jackets,0.7142857142857143,8,3,2.5,25,0
u-0026,2025-11-01,288,3,3,7,7,23,23,5,2,9,1,24,1874.48,349.6,208.28,Trousers,0.9375,11,5,2.3333333333333335,61,0
u-0027,2025-11-01,23,6,6,5,5,18,17,4,0,1,1,21,180,180,180,T-Shirts,1,10,2,3,45,0
u-0028,2025-11-01,294,257,257,0,0,0,0,0,0,2,0,257,444.96,0,222.48,T-Shirts,0.2040816326530612,0,2,2.5,0,1
u-0031,2025-11-01,222,1,1,5,5,21,21,2,1,5,0,37,2356.2,0,471.24,Outerwear,0.6756756756756757,12,2,2.8,50,0
u-0032,2025-11-01,235,2,1,3,3,11,11,2,3,2,0,43,252,0,126,Shoes,0.25531914893617025,8,1,1,30,0
u-0033,2025-11-01,199,1,1,4,4,15,15,4,3,4,1,13,756.68,279.68,189.17,Sweaters,0.6030150753768844,11,3,2,42,0
u-0034,2025-11-01,249,109,109,0,0,0,0,0,0,2,0,201,370,0,185,Accessories,0.24096385542168672,0,3,1.5,0,0
u-0035,2025-11-01,293,7,7,4,4,15,15,3,2,7,0,32,1976.6,0,282.37,Sweaters,0.7167235494880545,10,3,3,39,0
u-0036,2025-11-01,187,2,2,2,2,6,6,2,1,3,1,16,434,140,144.67,Shoes,0.48128342245989303,6,2,1.3333333333333333,18,0
u-0037,2025-11-01,127,2,2,3,3,16,16,1,1,3,0,35,866.88,0,288.96,Trousers,0.7086614173228346,10,1,3.3333333333333335,37,0
u-0038,2025-11-01,82,2,2,5,5,10,10,2,1,1,0,73,439.76,0,439.76,Jackets,0.36585365853658536,7,2,4,28,0
u-0039,2025-11-01,113,0,0,3,3,18,18,2,2,3,1,0,941.44,386.4,313.81,Shoes,0.7964601769911505,12,2,2.6666666666666665,44,0
u-0040,2025-11-01,184,48,48,0,0,0,0,0,0,3,0,112,500,0,166.67,Accessories,0.48913043478260865,0,2,2.3333333333333335,0,1
u-0041,2025-11-01,193,11,11,1,1,1,1,1,0,5,0,48,1577.56,0,315.51,Outerwear,0.7772020725388601,1,5,2.4,4,0
u-0043,2025-11-01,27,2,2,5,5,15,14,3,1,1,1,21,184,184,184,Shirts,1,11,1,2,39,0
u-0044,2025-11-01,49,3,3,3,3,8,8,2,1,2,1,26,502.52,198,251.26,Trousers,1.2244897959183674,8,3,2.5,23,0
u-0045,2025-11-01,166,3,3,8,8,36,36,6,3,9,2,10,1891.6,444.76,210.18,Accessories,1.6265060240963856,15,4,2.2222222222222223,91,0
u-0046,2025-11-01,40,1,1,7,7,25,25,3,3,1,0,38,96,0,96,Trousers,0.75,13,1,1,63,0
u-0049,2025-11-01,246,34,34,0,0,0,0,0,0,4,0,98,719.52,0,179.88,Shoes,0.48780487804878053,0,3,2,0,1
u-0050,2025-11-01,223,3,3,2,2,7,7,3,2,2,1,12,248,192,124,Accessories,0.26905829596412556,5,1,2.5,22,0
u-0053,2025-11-01,61,2,2,5,5,20,20,2,1,2,0,44,334,0,167,Shirts,0.9836065573770493,9,2,2,48,0
u-0054,2025-11-01,59,0,0,6,6,20,20,2,2,2,1,10,144,102,72,T-Shirts,1.0169491525423728,12,1,2,51,0
u-0055,2025-11-01,127,25,25,1,1,1,1,1,0,2,0,91,396,0,198,Jackets,0.47244094488188976,1,1,2,4,1
u-0056,2025-11-01,155,2,2,4,4,14,14,4,1,6,1,11,752,160,125.33,T-Shirts,1.161290322580645,8,5,2,38,0
u-0057,2025-11-01,84,5,5,2,2,7,7,2,1,2,1,19,279.36,42,139.68,T-Shirts,0.7142857142857143,7,2,2.5,20,0
u-0058,2025-11-01,182,8,8,3,3,9,9,2,2,5,0,33,1390.24,0,278.05,Shoes,0.8241758241758242,7,2,2.6,25,0
u-0060,2025-11-01,90,4,4,5,5,22,22,2,2,2,0,43,274,0,137,T-Shirts,0.6666666666666666,12,3,2.5,53,0
u-0061,2025-11-01,89,17,17,1,1,1,1,0,0,1,0,80,56,0,56,Accessories,0.33707865168539325,1,1,1,3,1
u-0062,2025-11-01,273,6,6,2,2,9,9,1,0,5,1,19,784,56,156.8,Accessories,0.5494505494505495,8,2,1.8,22,0
u-0063,2025-11-01,12,4,4,2,2,2,1,2,0,1,1,4,264.96,264.96,264.96,Shirts,1,1,2,3,8,0
u-0064,2025-11-01,45,15,15,2,2,4,4,2,0,1,0,40,99,0,99,Jackets,0.6666666666666666,2,1,1,12,1
u-0066,2025-11-01,154,8,8,1,1,4,4,1,0,2,0,60,317.28,0,158.64,Accessories,0.3896103896103896,4,2,2.5,10,0
u-0067,2025-11-01,152,0,0,5,5,20,20,4,2,5,1,7,802.4,164,160.48,Trousers,0.986842105263158,11,3,1.8,52,1
u-0068,2025-11-01,267,192,192,0,0,0,0,0,0,1,0,261,99,0,99,Jackets,0.11235955056179775,0,1,1,0,1
u-0070,2025-11-01,20,6,6,3,4,4,3,3,0,1,1,13,170,170,170,Shirts,1,3,1,2,14,0
u-0072,2025-11-01,303,275,275,0,0,0,0,0,0,1,0,296,276,0,276,Shoes,0.09900990099009901,0,2,3,0,1
u-0073,2025-11-01,115,6,6,4,4,17,17,3,0,2,0,32,178,0,89,T-Shirts,0.5217391304347826,9,2,2,41,0
u-0074,2025-11-01,113,32,32,0,0,0,0,0,0,2,0,94,475.52,0,237.76,Accessories,0.5309734513274337,0,2,2.5,0,0
u-0075,2025-11-01,234,1,1,4,4,14,14,2,2,4,2,1,811.12,449.12,202.78,Shoes,0.5128205128205129,7,4,1.75,38,0
u-0076,2025-11-01,192,2,2,10,10,43,43,7,2,7,2,14,1122.24,144,160.32,T-Shirts,1.09375,14,4,3,107,0
u-0077,2025-11-01,191,50,50,0,0,0,0,0,0,4,0,59,1208.16,0,302.04,Accessories,0.6282722513089005,0,3,3.5,0,0
u-0078,2025-11-01,135,9,9,2,2,9,9,0,1,2,0,41,178,0,89,T-Shirts,0.4444444444444444,9,1,2.5,21,0
u-0080,2025-11-01,301,2,2,4,4,16,16,1,2,6,1,16,1370.32,104,228.39,Dresses,0.5980066445182725,8,3,2.3333333333333335,40,0
u-0081,2025-11-01,53,1,1,7,7,33,33,5,3,3,2,1,1449,680.8,483,Outerwear,1.6981132075471699,13,2,3,83,0
u-0082,2025-11-01,272,113,113,0,0,0,0,0,0,2,0,231,349.36,0,174.68,Shoes,0.22058823529411764,0,2,2,0,1
u-0083,2025-11-01,40,9,9,2,2,2,2,0,0,1,0,37,299.92,0,299.92,Shirts,0.75,1,1,4,6,1
u-0084,2025-11-01,165,25,25,1,1,3,3,1,0,2,0,44,294,0,147,Shirts,0.36363636363636365,3,2,1.5,8,1
u-0085,2025-11-01,255,1,1,3,3,13,13,4,1,7,1,1,1200.6,241.96,171.51,Shirts,0.8235294117647058,9,4,2.142857142857143,35,0
u-0087,2025-11-01,70,5,5,6,6,24,24,4,6,2,1,23,437,239,218.5,Jackets,0.8571428571428571,13,2,2,65,0
u-0088,2025-11-01,60,9,9,3,3,10,10,2,1,1,0,56,198,0,198,Jackets,0.5,7,1,2,26,0
u-0089,2025-11-01,79,1,1,3,3,17,17,2,0,2,1,20,361,176,180.5,Trousers,0.759493670886076,11,2,1.5,40,0
u-0090,2025-11-01,172,5,5,3,3,16,16,2,0,3,0,63,852,0,284,Dresses,0.5232558139534884,10,3,3,37,0
u-0091,2025-11-01,170,1,0,6,6,27,27,6,3,6,1,19,764,76,127.33,Shirts,1.0588235294117647,12,2,1.6666666666666667,70,0
u-0093,2025-11-01,239,1,1,4,4,18,18,1,1,7,0,38,816,0,116.57,T-Shirts,0.8786610878661087,9,3,2.142857142857143,42,0
u-0094,2025-11-01,198,1,1,8,8,38,38,6,4,6,1,3,1852.4,255.76,308.73,Sweaters,0.9090909090909092,14,4,3.6666666666666665,95,0
u-0096,2025-11-01,120,2,2,9,9,33,33,4,4,4,1,7,659,99,164.75,Outerwear,1,12,3,1.25,84,0
u-0097,2025-11-01,56,0,0,5,5,22,22,4,1,3,2,8,575.44,479.44,191.81,Sweaters,1.6071428571428572,14,2,2,56,0
u-0098,2025-11-01,61,5,5,4,4,16,16,2,0,1,0,59,224,0,224,Shoes,0.49180327868852464,10,1,2,38,0
u-0102,2025-11-01,166,133,133,0,0,0,0,0,0,1,0,164,241.04,0,241.04,Sweaters,0.18072289156626506,0,2,3,0,1
u-0103,2025-11-01,140,6,6,4,4,14,14,4,2,6,2,13,1077.92,585.92,179.65,Sweaters,1.2857142857142856,9,3,2,40,0
u-0104,2025-11-01,34,1,1,8,8,31,31,4,3,1,0,31,146,0,146,Shoes,0.8823529411764706,14,2,2,77,0
u-0105,2025-11-01,259,13,13,1,1,1,1,0,0,5,0,83,1203.8,0,240.76,Dresses,0.5791505791505792,1,3,2.4,3,0
u-0106,2025-11-01,98,15,15,2,2,4,4,1,1,2,0,69,408,0,204,Accessories,0.6122448979591837,4,1,3.5,12,1
u-0107,2025-11-01,172,0,0,4,4,12,12,3,1,4,1,0,946.56,298.08,236.64,Dresses,0.6976744186046512,8,4,2.5,33,0
u-0108,2025-11-01,215,1,1,8,8,30,30,7,2,10,1,28,2161.08,168,216.11,Sweaters,1.3953488372093024,15,7,2.4,78,0
u-0109,2025-11-01,239,54,54,0,0,0,0,0,0,1,0,235,386.4,0,386.4,Shoes,0.12552301255230125,0,1,3,0,0
u-0110,2025-11-01,161,3,3,7,7,33,33,5,2,5,2,14,1039.8,544.8,207.96,Shirts,0.9316770186335405,15,5,2.2,82,0
u-0111,2025-11-01,184,7,7,3,3,15,15,2,1,4,1,7,932.08,168,233.02,Accessories,0.6521739130434783,9,3,2.75,37,1
u-0112,2025-11-01,225,2,2,4,4,10,10,2,0,8,1,15,1705,310.96,213.13,Shirts,1.0666666666666667,8,4,2.625,27,0
u-0113,2025-11-01,97,1,1,6,6,27,27,4,2,2,1,1,525.4,340.4,262.7,Outerwear,0.6185567010309279,14,1,1.5,67,0
u-0115,2025-11-01,300,7,7,4,4,18,18,1,0,8,1,7,1568.72,198,196.09,Jackets,0.8,9,6,2.125,42,0
u-0116,2025-11-01,257,93,93,0,0,0,0,0,0,3,0,108,545,0,181.67,Trousers,0.3501945525291829,0,3,1.6666666666666667,0,1
u-0118,2025-11-01,148,13,13,2,2,9,9,2,0,2,0,48,392,0,196,Shirts,0.4054054054054054,7,2,2,22,0
u-0119,2025-11-01,172,65,65,0,0,0,0,0,0,2,0,114,1021.2,0,510.6,Outerwear,0.3488372093023256,0,1,3,0,1
u-0120,2025-11-01,246,4,4,2,2,2,2,0,0,6,0,65,2257,0,376.17,Outerwear,0.7317073170731708,2,1,2.1666666666666665,6,0
u-0122,2025-11-01,275,137,137,0,0,0,0,0,0,5,0,206,914.8,0,182.96,Shirts,0.5454545454545455,0,3,2.2,0,1
u-0123,2025-11-01,273,25,25,1,1,1,0,0,0,4,0,201,1260.64,0,315.16,Outerwear,0.43956043956043955,0,3,2,2,1
u-0124,2025-11-01,250,5,5,4,4,11,11,3,2,9,1,15,2120.84,76,235.65,Trousers,1.0799999999999998,7,5,2.888888888888889,32,0
u-0125,2025-11-01,95,1,1,9,9,37,37,4,2,2,0,48,272,0,136,Trousers,0.6315789473684211,16,1,1.5,89,0
u-0126,2025-11-01,134,13,13,3,3,8,8,1,0,4,0,38,624.68,0,156.17,Trousers,0.8955223880597015,8,3,1.5,20,0
u-0127,2025-11-01,93,38,38,0,0,0,0,0,0,1,0,89,185,0,185,Outerwear,0.3225806451612903,0,1,1,0,0
u-0128,2025-11-01,84,0,0,3,3,14,14,1,2,2,1,13,528.16,320.16,264.08,Dresses,0.7142857142857143,8,2,2.5,35,1
u-0129,2025-11-01,213,147,147,0,0,0,0,0,0,1,0,203,176,0,176,Trousers,0.14084507042253522,0,1,2,0,1
u-0130,2025-11-01,111,2,2,4,4,18,18,2,2,4,1,19,823.04,152,205.76,Dresses,1.081081081081081,9,4,2.25,45,0
u-0131,2025-11-01,279,5,5,1,1,2,2,0,0,3,0,135,403.76,0,134.59,T-Shirts,0.3225806451612903,2,3,2,5,0
u-0132,2025-11-01,205,1,1,3,3,15,15,2,2,5,0,38,829.48,0,165.9,T-Shirts,0.7317073170731707,12,5,2.8,37,0
u-0133,2025-11-01,99,6,6,2,2,6,6,1,2,2,0,48,755.32,0,377.66,Outerwear,0.6060606060606061,5,3,3,17,0
u-0136,2025-11-01,107,6,6,4,4,19,19,2,0,3,1,23,504.28,238.28,168.09,Trousers,0.8411214953271028,12,3,2.3333333333333335,45,0
u-0138,2025-11-01,154,0,0,8,8,32,32,4,4,6,2,4,1320.2,409,220.03,Jackets,1.1688311688311688,12,5,2.3333333333333335,82,0
u-0139,2025-11-01,178,9,9,1,1,4,4,2,1,3,1,9,622.56,110,207.52,Sweaters,0.5056179775280899,3,3,2,13,1
u-0140,2025-11-01,81,73,73,0,0,0,0,0,0,1,0,73,168,0,168,Sweaters,0.37037037037037035,0,1,2,0,1
u-0141,2025-11-01,235,64,64,0,0,0,0,0,0,3,0,124,823.04,0,274.35,Shirts,0.3829787234042553,0,2,3.3333333333333335,0,0
u-0143,2025-11-01,205,1,1,6,6,23,23,4,2,8,2,1,1560.64,519.16,195.08,Trousers,1.1707317073170733,11,6,2.25,60,1
u-0144,2025-11-01,304,3,3,3,3,6,6,1,1,7,1,10,1235.04,167,176.43,T-Shirts,0.6907894736842105,4,6,2.5714285714285716,18,1
u-0147,2025-11-01,88,3,3,4,4,15,15,4,3,3,1,21,348,96,116,Sweaters,1.0227272727272727,11,2,1.6666666666666667,42,0
u-0148,2025-11-01,151,44,44,0,0,0,0,0,0,4,0,90,1406.68,0,351.67,Shoes,0.794701986754967,0,2,3,0,1
u-0149,2025-11-01,303,0,0,6,6,26,26,5,2,7,1,25,1784.32,360.64,254.9,Accessories,0.6930693069306931,13,5,2.857142857142857,66,0
u-0150,2025-11-01,143,11,11,3,3,12,12,1,0,4,1,11,712,104,178,Sweaters,0.8391608391608392,11,3,1.75,29,0
u-0151,2025-11-01,45,7,7,3,3,12,12,4,2,2,1,16,380,104,190,Shoes,1.3333333333333333,10,3,2,34,0
u-0152,2025-11-01,43,6,6,3,3,8,8,2,0,1,0,36,273.24,0,273.24,Jackets,0.6976744186046512,6,1,3,21,0
u-0153,2025-11-01,233,2,2,5,5,21,21,3,1,5,1,16,799.28,84,159.86,T-Shirts,0.6437768240343348,10,4,2.4,52,0
u-0154,2025-11-01,299,30,30,0,0,0,0,0,0,4,0,38,813,0,203.25,Sweaters,0.4013377926421405,0,3,2.25,0,1
u-0156,2025-11-01,54,6,6,3,3,11,11,3,1,3,0,30,731.52,0,243.84,Sweaters,1.6666666666666665,9,1,2.6666666666666665,29,0
u-0157,2025-11-01,218,131,131,0,0,0,0,0,0,2,0,150,272,0,136,Trousers,0.27522935779816515,0,1,1.5,0,0
u-0158,2025-11-01,169,2,2,3,3,13,13,1,0,5,0,44,951.44,0,190.29,Dresses,0.8875739644970414,9,4,2.2,30,1
u-0160,2025-11-01,132,2,2,5,5,23,23,1,2,5,0,47,1846.16,0,369.23,Outerwear,1.1363636363636362,12,4,2.4,54,0
u-0161,2025-11-01,140,3,3,5,5,24,24,1,0,3,0,54,510,0,170,Accessories,0.6428571428571428,13,2,2.3333333333333335,54,0
u-0164,2025-11-01,99,0,0,5,5,24,24,4,2,3,2,0,863.36,552.4,287.79,Jackets,0.9090909090909092,11,4,3.3333333333333335,61,0
u-0165,2025-11-01,252,3,3,6,6,18,18,5,1,7,2,14,1341.92,369.24,191.7,Jackets,0.8333333333333333,11,4,2.142857142857143,50,0
u-0166,2025-11-01,65,0,0,4,4,17,17,2,0,1,0,57,273.24,0,273.24,Jackets,0.46153846153846156,10,1,3,40,0
u-0167,2025-11-01,140,6,6,3,3,14,14,2,0,3,0,36,615.92,0,205.31,Trousers,0.6428571428571428,11,3,2.3333333333333335,33,0
u-0169,2025-11-01,155,12,12,1,1,5,5,2,1,2,1,12,442.72,244.72,221.36,Jackets,0.3870967741935484,4,2,2.5,15,1
u-0170,2025-11-01,157,0,0,4,4,13,13,3,2,6,1,3,937.04,176,156.17,Trousers,1.1464968152866242,8,2,1.8333333333333333,36,0
u-0172,2025-11-01,81,1,1,3,3,3,3,1,0,1,0,71,185,0,185,Outerwear,0.37037037037037035,3,1,1,10,0
u-0173,2025-11-01,65,5,5,6,6,26,26,4,3,2,1,27,515.2,257.6,257.6,Shoes,0.9230769230769231,12,1,2,66,1
u-0174,2025-11-01,139,2,2,5,5,18,18,3,2,3,0,67,394,0,131.33,Shirts,0.6474820143884892,10,1,1.6666666666666667,46,0
u-0178,2025-11-01,244,88,88,0,0,0,0,0,0,3,0,133,1456.36,0,485.45,Outerwear,0.36885245901639346,0,3,3.3333333333333335,0,1
u-0179,2025-11-01,86,5,5,2,2,2,2,0,0,2,0,80,370,0,185,Outerwear,0.6976744186046512,2,1,1,6,1
u-0180,2025-11-01,14,1,1,3,3,6,5,3,1,1,1,8,76,76,76,T-Shirts,1,4,1,2,19,0
u-0181,2025-11-01,23,3,3,3,3,4,3,3,1,1,1,15,342.24,342.24,342.24,Sweaters,1,3,2,4,15,0
u-0182,2025-11-01,188,128,128,0,0,0,0,0,0,1,0,179,96,0,96,Accessories,0.1595744680851064,0,1,2,0,1
u-0183,2025-11-01,41,8,8,3,3,15,15,1,1,1,0,38,183,0,183,Trousers,0.7317073170731707,10,1,2,35,0
u-0184,2025-11-01,26,2,2,3,3,5,4,3,1,1,1,18,42,42,42,T-Shirts,1,4,1,1,17,0
u-0186,2025-11-01,60,4,4,4,4,17,17,2,1,2,0,40,298,0,149,Accessories,1,9,3,1.5,41,0
u-0189,2025-11-01,189,4,4,4,4,17,17,3,1,5,0,44,1457.84,0,291.57,Trousers,0.7936507936507937,11,3,3.2,42,0
u-0190,2025-11-01,254,183,183,0,0,0,0,0,0,1,0,245,242.88,0,242.88,Accessories,0.11811023622047244,0,1,4,0,1
u-0191,2025-11-01,43,16,16,2,2,3,3,0,0,1,0,41,110,0,110,Sweaters,0.6976744186046512,3,1,1,8,1
u-0192,2025-11-01,225,8,8,2,2,6,6,1,0,2,1,16,359,183,179.5,Trousers,0.26666666666666666,5,1,2,16,0
u-0194,2025-11-01,61,7,7,2,2,2,2,0,0,1,0,59,42,0,42,T-Shirts,0.49180327868852464,2,1,1,6,1
u-0195,2025-11-01,12,5,5,2,2,2,1,2,0,1,1,5,268.64,268.64,268.64,Shirts,1,1,1,4,8,1
u-0197,2025-11-01,198,19,19,1,1,1,1,1,0,1,0,189,301.76,0,301.76,Shoes,0.15151515151515152,1,2,3,4,1
u-0198,2025-11-01,126,16,16,2,2,2,1,1,0,2,0,114,445,0,222.5,Trousers,0.47619047619047616,1,2,2.5,6,1
u-0199,2025-11-01,81,3,3,6,6,21,21,5,1,3,0,43,881.92,0,293.97,Trousers,1.111111111111111,12,1,3.3333333333333335,54,0
u-0202,2025-11-01,18,2,2,4,4,10,9,2,0,1,1,14,76,76,76,Shirts,1,6,1,1,26,0
u-0203,2025-11-01,47,6,6,4,4,17,17,2,1,2,1,24,317.68,84,158.84,Sweaters,1.2765957446808511,10,2,2,42,1
u-0204,2025-11-01,291,0,0,9,9,40,40,7,2,13,3,12,1702,392,130.92,T-Shirts,1.3402061855670104,14,5,2.6923076923076925,101,0
u-0206,2025-11-01,226,25,25,1,1,1,1,1,0,3,0,56,603.24,0,201.08,Jackets,0.39823008849557523,1,3,2.3333333333333335,4,1
u-0207,2025-11-01,288,4,4,4,4,15,15,3,1,7,1,18,1342.88,426.88,191.84,Accessories,0.7291666666666667,10,4,2.142857142857143,39,0
u-0208,2025-11-01,39,1,1,7,7,28,28,5,5,2,1,12,422,276,211,Dresses,1.5384615384615383,13,4,2.5,74,0
u-0209,2025-11-01,231,5,5,4,4,11,11,2,2,7,0,39,1156.08,0,165.15,Jackets,0.9090909090909091,9,3,1.8571428571428572,30,0
u-0211,2025-11-01,267,5,5,2,2,6,6,2,0,6,2,5,2450.12,974.28,408.35,Outerwear,0.6741573033707865,6,4,2.6666666666666665,18,0
u-0212,2025-11-01,5,2,2,2,2,2,1,2,0,1,1,2,285.2,285.2,285.2,Shirts,1,1,2,4,8,1
u-0213,2025-11-01,143,6,6,3,3,11,11,3,1,4,1,29,1026.28,400.2,256.57,Trousers,0.8391608391608392,7,4,2.75,30,0
u-0215,2025-11-01,23,0,0,7,7,18,18,3,3,2,2,0,234,234,117,Shirts,2,12,1,1.5,50,0
u-0216,2025-11-01,223,2,2,3,3,13,13,3,2,6,0,44,1436.12,0,239.35,Shirts,0.8071748878923767,11,5,2.8333333333333335,34,0
u-0217,2025-11-01,140,1,1,1,1,1,0,0,0,1,0,131,42,0,42,T-Shirts,0.21428571428571427,0,1,1,2,1
u-0218,2025-11-01,158,4,4,5,5,19,19,4,1,4,1,13,804.76,95,201.19,Trousers,0.759493670886076,12,3,2.25,49,0
u-0219,2025-11-01,147,6,6,2,2,12,12,2,1,3,0,55,390,0,130,Dresses,0.6122448979591836,11,2,1.3333333333333333,29,0
u-0220,2025-11-01,19,10,9,2,3,2,1,2,0,1,1,9,529.92,529.92,529.92,Shoes,1,1,2,5,8,0
u-0221,2025-11-01,133,11,11,2,2,5,5,1,0,3,0,42,844.52,0,281.51,Jackets,0.6766917293233082,5,3,3,13,0
u-0222,2025-11-01,127,6,6,7,7,27,27,6,1,3,0,39,979.04,0,326.35,Shoes,0.7086614173228346,14,2,3,68,0
u-0224,2025-11-01,96,7,7,3,3,10,10,1,2,2,0,49,592.48,0,296.24,Shoes,0.625,7,1,2.5,26,0
u-0225,2025-11-01,252,38,38,0,0,0,0,0,0,3,0,137,689.76,0,229.92,Trousers,0.35714285714285715,0,3,2.3333333333333335,0,0
u-0226,2025-11-01,156,25,25,1,1,1,1,1,0,2,0,109,1164.72,0,582.36,Outerwear,0.3846153846153846,1,2,4,4,1
u-0227,2025-11-01,233,109,109,0,0,0,0,0,0,1,0,229,110,0,110,Sweaters,0.12875536480686695,0,1,1,0,1
u-0228,2025-11-01,39,3,3,4,5,18,18,3,3,2,2,25,313.36,313.36,156.68,Shirts,1.5384615384615383,12,4,2,48,0
u-0229,2025-11-01,295,176,176,0,0,0,0,0,0,2,0,250,454.32,0,227.16,Shirts,0.20338983050847456,0,2,3,0,1
u-0230,2025-11-01,150,3,3,4,4,9,9,1,0,6,1,5,1747.24,271.4,291.21,Outerwear,1.2,7,3,1.8333333333333333,24,0
u-0231,2025-11-01,170,2,1,5,5,20,20,4,1,7,2,2,1023.32,310,146.19,T-Shirts,1.2352941176470587,11,5,2.857142857142857,52,0
u-0232,2025-11-01,226,1,1,7,7,34,34,8,4,10,2,1,1976.56,654.12,197.66,Sweaters,1.3274336283185841,16,6,2.1,89,0
u-0233,2025-11-01,82,0,0,3,3,13,13,3,1,2,1,0,693.68,427.8,346.84,Outerwear,0.7317073170731707,11,3,2.5,34,1
u-0235,2025-11-01,96,6,6,2,2,2,2,2,0,3,0,67,950.44,0,316.81,Outerwear,0.9375,2,2,2,8,1
u-0236,2025-11-01,165,1,1,7,7,24,24,6,0,7,3,11,2313.44,615.12,330.49,Shoes,1.2727272727272727,12,5,2.857142857142857,64,0
u-0237,2025-11-01,26,3,3,4,4,11,10,3,2,1,1,16,261.28,261.28,261.28,Jackets,1,8,2,2,31,1
u-0238,2025-11-01,200,3,3,5,5,20,20,2,2,5,0,47,865.88,0,173.18,Accessories,0.75,10,3,1.8,49,0
u-0239,2025-11-01,138,2,2,4,4,16,16,4,1,4,0,33,502,0,125.5,Sweaters,0.8695652173913044,13,2,1.5,41,0
u-0240,2025-11-01,201,1,1,9,9,37,37,5,3,9,0,30,2392.6,0,265.84,Dresses,1.3432835820895521,15,4,2.6666666666666665,91,0
u-0241,2025-11-01,183,3,3,1,1,1,1,0,0,4,0,42,431,0,107.75,T-Shirts,0.6557377049180328,1,4,1.75,3,1
u-0243,2025-11-01,304,9,9,3,3,15,15,3,1,5,1,9,817.12,263.12,163.42,Dresses,0.493421052631579,11,3,1.8,38,0
u-0244,2025-11-01,144,26,26,1,1,1,0,0,0,1,0,137,84,0,84,Sweaters,0.20833333333333334,0,1,1,2,1
u-0245,2025-11-01,244,3,3,4,4,16,16,1,1,6,0,32,1998.8,0,333.13,Dresses,0.7377049180327869,11,5,3.6666666666666665,38,0
u-0246,2025-11-01,248,36,36,0,0,0,0,0,0,2,0,207,186,0,93,Accessories,0.24193548387096772,0,2,2,0,0
u-0247,2025-11-01,185,69,69,0,0,0,0,0,0,1,0,176,88,0,88,Trousers,0.16216216216216214,0,1,1,0,0
u-0248,2025-11-01,135,5,5,3,3,14,14,2,0,2,0,57,485.84,0,242.92,Dresses,0.4444444444444444,10,2,2.5,33,0
u-0249,2025-11-01,220,58,58,0,0,0,0,0,0,6,0,77,3017.68,0,502.95,Outerwear,0.8181818181818182,0,4,3.3333333333333335,0,1
u-0250,2025-11-01,225,5,4,4,4,6,6,2,0,10,1,14,2814.24,309.12,281.42,Shoes,1.3333333333333333,6,6,2.6,19,0
u-0252,2025-11-01,217,6,6,2,2,11,11,2,0,5,1,6,1125.92,287.04,225.18,Dresses,0.6912442396313364,7,4,2.2,27,0
u-0253,2025-11-01,116,6,6,3,3,13,13,2,2,3,1,6,314,120,104.67,Accessories,0.7758620689655172,11,3,1.3333333333333333,34,1
u-0254,2025-11-01,190,0,0,5,5,19,19,3,2,4,0,60,792.48,0,198.12,Shoes,0.6315789473684211,8,2,1.75,48,0
u-0255,2025-11-01,118,53,53,0,0,0,0,0,0,1,0,111,176,0,176,Shirts,0.2542372881355932,0,2,2,0,1
u-0256,2025-11-01,40,2,2,7,7,28,28,5,1,3,1,2,599.68,208,199.89,Dresses,2.25,13,3,2,70,1
u-0257,2025-11-01,243,17,16,3,3,12,12,2,0,4,1,17,1174.08,305.44,293.52,Shoes,0.4938271604938272,10,3,2.75,30,1
u-0259,2025-11-01,193,3,3,5,5,16,16,3,3,5,0,79,611,0,122.2,T-Shirts,0.7772020725388601,11,3,2.4,43,0
u-0260,2025-11-01,137,16,16,3,3,8,8,1,2,2,0,75,533.8,0,266.9,Jackets,0.43795620437956206,6,2,3,22,1
u-0261,2025-11-01,267,191,191,0,0,0,0,0,0,3,0,206,815.68,0,271.89,Jackets,0.33707865168539325,0,2,2.6666666666666665,0,1
u-0262,2025-11-01,194,1,1,5,5,19,19,2,3,4,1,22,879.96,391,219.99,Accessories,0.6185567010309279,10,3,2,49,1
u-0263,2025-11-01,37,0,0,3,3,3,3,1,0,1,0,31,112,0,112,Shoes,0.8108108108108107,3,1,1,10,0
u-0264,2025-11-01,214,2,2,5,5,24,24,2,2,6,1,10,1384.56,248,230.76,Shirts,0.8411214953271028,13,4,2.6666666666666665,58,0
u-0265,2025-11-01,179,13,13,3,3,11,11,1,2,4,0,41,356,0,89,T-Shirts,0.6703910614525139,9,2,2.25,28,1
u-0267,2025-11-01,42,0,0,8,8,27,27,5,2,3,2,0,662.16,388,220.72,T-Shirts,2.142857142857143,12,5,3,71,1
u-0268,2025-11-01,158,3,2,3,3,10,10,2,0,3,1,3,816.04,278.76,272.01,Trousers,0.569620253164557,7,2,3,26,1
u-0269,2025-11-01,212,41,41,0,0,0,0,0,0,3,0,171,634,0,211.33,Shoes,0.42452830188679247,0,3,2.3333333333333335,0,1
u-0270,2025-11-01,238,43,43,0,0,0,0,0,0,2,0,184,381.96,0,190.98,Shoes,0.25210084033613445,0,3,1.5,0,1
u-0271,2025-11-01,277,5,5,3,3,11,11,2,2,5,0,61,486,0,97.2,T-Shirts,0.5415162454873647,9,2,2.6,29,1
u-0273,2025-11-01,128,6,6,3,3,7,7,3,1,2,0,38,590.64,0,295.32,Jackets,0.46875,5,2,3.5,21,0
u-0275,2025-11-01,294,6,6,3,3,13,13,3,1,11,1,26,3131.68,233,284.7,Outerwear,1.1224489795918366,10,7,2.090909090909091,34,0
u-0276,2025-11-01,9,3,3,2,2,2,1,2,0,1,1,3,455.4,455.4,455.4,Jackets,1,1,1,5,8,1
u-0277,2025-11-01,66,3,3,3,3,11,11,2,1,3,1,11,492,240,164,Accessories,1.3636363636363635,8,2,1.3333333333333333,29,0
u-0280,2025-11-01,47,8,8,3,3,14,14,3,2,3,1,23,300,156,100,T-Shirts,1.9148936170212767,13,2,2,37,0
u-0281,2025-11-01,94,11,11,2,2,6,6,2,1,3,1,22,779.6,185,259.87,Outerwear,0.9574468085106383,4,2,1.6666666666666667,18,0
u-0282,2025-11-01,44,18,18,2,2,3,3,1,1,1,0,42,152,0,152,Accessories,0.6818181818181819,3,2,2,10,0
u-0283,2025-11-01,170,4,4,2,2,2,2,0,0,4,0,71,1737.96,0,434.49,Outerwear,0.7058823529411764,2,2,2.75,6,1
u-0284,2025-11-01,53,2,2,3,3,11,11,2,1,2,1,2,575.92,340.4,287.96,Outerwear,1.1320754716981132,7,3,2.5,29,0
u-0285,2025-11-01,277,8,7,1,1,1,1,0,0,4,0,69,844.88,0,211.22,Shirts,0.43321299638989175,1,1,2.75,3,1
u-0286,2025-11-01,180,5,5,5,5,26,26,3,1,8,0,37,1720,0,215,Trousers,1.3333333333333333,15,5,2.5,61,0
u-0287,2025-11-01,43,2,2,7,7,24,24,4,1,3,2,2,602.24,342.8,200.75,Shirts,2.0930232558139537,13,2,2.6666666666666665,62,0
u-0289,2025-11-01,268,13,13,2,2,5,5,1,1,5,0,40,918,0,183.6,Jackets,0.5597014925373134,4,3,1.8,14,1
u-0290,2025-11-01,117,1,1,10,10,34,34,3,3,3,0,51,667.96,0,222.65,Trousers,0.7692307692307693,14,3,2.3333333333333335,84,0
u-0292,2025-11-01,22,6,6,3,3,7,6,2,0,1,1,12,264.04,264.04,264.04,Trousers,1,4,1,3,19,0
u-0293,2025-11-01,55,8,8,3,3,14,14,2,0,3,1,26,782.24,99,260.75,Sweaters,1.6363636363636365,11,4,2.6666666666666665,34,0
u-0295,2025-11-01,301,1,1,6,6,20,20,4,0,9,1,3,1950.36,208,216.71,Trousers,0.8970099667774086,13,6,2.4444444444444446,51,0
u-0296,2025-11-01,66,6,5,1,1,1,1,0,0,1,0,45,239.2,0,239.2,Trousers,0.45454545454545453,1,2,3,3,1
u-0297,2025-11-01,224,21,21,2,2,9,9,0,0,6,0,57,1372.16,0,228.69,Jackets,0.8035714285714286,7,4,2.5,20,1
u-0298,2025-11-01,223,5,5,2,2,2,2,1,0,5,0,89,1630.8,0,326.16,Jackets,0.6726457399103138,2,6,3.2,7,0
u-0300,2025-11-01,198,1,1,7,7,32,32,4,2,7,0,40,1999.84,0,285.69,Outerwear,1.0606060606060606,14,5,2.2857142857142856,77,0
u-0301,2025-11-01,81,5,5,3,3,15,15,2,2,1,0,74,292.56,0,292.56,Accessories,0.37037037037037035,10,2,3,37,0
u-0304,2025-11-01,223,8,8,3,3,10,10,1,1,8,0,36,2195.72,0,274.47,Accessories,1.0762331838565022,5,7,2.625,25,0
u-0305,2025-11-01,121,3,3,3,3,14,14,1,2,2,0,32,178,0,89,Shirts,0.49586776859504134,9,2,1.5,34,0
u-0306,2025-11-01,63,10,10,2,2,10,10,2,0,3,1,10,458,184,152.67,Shirts,1.4285714285714286,8,3,1.6666666666666667,25,0
u-0307,2025-11-01,50,11,11,2,2,6,6,0,0,1,0,41,250,0,250,Shoes,0.6,5,2,2,14,1
u-0308,2025-11-01,120,4,4,2,2,10,10,1,0,3,0,31,756.64,0,252.21,Dresses,0.75,6,4,2.6666666666666665,23,0
u-0309,2025-11-01,231,14,14,3,3,11,11,2,1,8,1,29,1820,224,227.5,Shoes,1.0389610389610389,9,2,2.125,29,1
u-0314,2025-11-01,20,1,1,5,5,15,14,3,1,1,1,11,433.32,433.32,433.32,Shoes,1,9,2,4,39,0
u-0315,2025-11-01,173,5,5,3,3,14,14,1,2,4,0,38,1346.2,0,336.55,Outerwear,0.6936416184971098,9,2,2,34,0
u-0316,2025-11-01,69,3,3,3,3,14,14,2,3,2,1,13,290,120,145,T-Shirts,0.8695652173913044,10,2,3,37,0
u-0318,2025-11-01,245,1,1,4,4,17,17,2,0,7,1,27,1377.72,104,196.82,Dresses,0.8571428571428572,10,6,2.142857142857143,41,0
u-0319,2025-11-01,258,118,118,0,0,0,0,0,0,3,0,127,678.08,0,226.03,Dresses,0.3488372093023256,0,1,2.3333333333333335,0,1
u-0320,2025-11-01,41,0,0,8,8,36,36,5,2,3,2,11,917.12,861.12,305.71,Dresses,2.1951219512195124,14,2,3.3333333333333335,89,0
u-0321,2025-11-01,275,4,4,4,4,17,17,2,2,11,1,12,4290.04,340.4,390,Outerwear,1.2000000000000002,10,5,2.5454545454545454,43,0
u-0322,2025-11-01,66,0,0,3,3,16,16,2,2,1,0,64,287.04,0,287.04,Dresses,0.45454545454545453,13,1,3,39,0
u-0323,2025-11-01,36,11,11,2,2,7,6,3,0,1,1,26,312.8,312.8,312.8,Sweaters,0.8333333333333334,5,2,3,19,0
u-0324,2025-11-01,192,3,3,5,5,22,22,4,1,5,0,33,936.88,0,187.38,Dresses,0.78125,11,4,2,54,0
u-0325,2025-11-01,282,3,3,3,3,14,14,3,2,7,0,59,1810.88,0,258.7,Jackets,0.7446808510638298,10,5,2.5714285714285716,36,0
u-0326,2025-11-01,93,0,0,3,3,11,11,3,3,3,1,20,584.16,320.16,194.72,T-Shirts,0.9677419354838709,9,4,3,32,0
u-0327,2025-11-01,220,3,3,5,5,21,21,3,2,6,1,3,985.76,56,164.29,Accessories,0.8181818181818182,13,2,2.1666666666666665,53,0
u-0329,2025-11-01,174,5,5,5,5,19,19,4,3,5,1,5,878.8,404.8,175.76,Shirts,0.8620689655172414,13,3,2,51,0
u-0330,2025-11-01,14,0,0,4,4,7,6,3,2,1,1,10,288.88,288.88,288.88,Shoes,1,5,2,3,23,1
u-0332,2025-11-01,137,2,2,4,4,14,14,2,3,3,0,49,758.16,0,252.72,Outerwear,0.6569343065693432,9,2,1.6666666666666667,37,1
u-0333,2025-11-01,44,13,13,2,2,11,11,1,1,1,0,42,240,0,240,Accessories,0.6818181818181819,11,1,2,26,0
u-0334,2025-11-01,157,7,6,1,1,1,1,0,0,1,0,136,415.84,0,415.84,Accessories,0.19108280254777069,1,2,4,3,1
u-0337,2025-11-01,143,66,66,0,0,0,0,0,0,2,0,122,204,0,102,Shoes,0.4195804195804196,0,2,1,0,1
u-0339,2025-11-01,188,34,34,0,0,0,0,0,0,5,0,96,1373.6,0,274.72,Sweaters,0.7978723404255319,0,4,3.2,0,1
u-0340,2025-11-01,93,5,5,4,4,13,13,4,1,2,1,10,639.4,375.36,319.7,Trousers,0.6451612903225806,8,2,3.5,36,0
u-0341,2025-11-01,195,7,7,3,3,3,3,1,0,6,0,57,1302.32,0,217.05,Trousers,0.9230769230769231,3,2,2.5,10,0
u-0342,2025-11-01,26,2,2,5,5,12,11,2,2,1,1,24,42,42,42,T-Shirts,1,9,1,1,33,0
u-0343,2025-11-01,60,8,8,3,3,12,12,3,1,2,1,8,474.88,140,237.44,Shoes,1,7,1,2,32,0
u-0344,2025-11-01,123,3,3,3,3,14,14,3,1,5,1,3,794,92,158.8,Shirts,1.2195121951219514,10,3,2,36,0
u-0346,2025-11-01,289,90,90,0,0,0,0,0,0,6,0,147,1467.28,0,244.55,Sweaters,0.6228373702422145,0,5,2.6666666666666665,0,0
u-0348,2025-11-01,222,59,59,0,0,0,0,0,0,2,0,187,602.68,0,301.34,Outerwear,0.27027027027027023,0,2,2,0,0
u-0350,2025-11-01,19,1,1,3,3,4,3,2,0,1,1,9,204,204,204,Shirts,1,3,1,3,13,0
u-0351,2025-11-01,22,1,1,6,6,21,20,4,1,1,1,15,102,102,102,T-Shirts,1,15,1,3,53,0
u-0353,2025-11-01,154,4,4,5,5,17,17,3,4,4,1,20,773.04,244,193.26,T-Shirts,0.7792207792207791,11,5,2.75,47,0
u-0354,2025-11-01,105,3,3,2,2,7,7,1,1,2,1,18,304,110,152,Sweaters,0.5714285714285714,6,1,1.5,19,0
u-0355,2025-11-01,135,68,68,0,0,0,0,0,0,2,0,116,404,0,202,Dresses,0.4444444444444444,0,2,2,0,1
u-0356,2025-11-01,263,3,3,4,4,11,11,3,1,11,1,3,4562.16,448.96,414.74,Outerwear,1.2547528517110265,9,6,2.8181818181818183,31,0
u-0357,2025-11-01,295,9,9,2,2,8,8,2,0,6,1,20,684,42,114,T-Shirts,0.6101694915254237,7,4,2,21,0
u-0358,2025-11-01,212,5,5,7,7,25,25,2,2,3,0,68,853.48,0,284.49,Dresses,0.42452830188679247,13,5,3,61,0
u-0359,2025-11-01,80,9,9,1,1,1,1,0,0,1,0,74,102,0,102,T-Shirts,0.375,1,1,3,3,1
u-0361,2025-11-01,282,168,168,0,0,0,0,0,0,2,0,249,521.64,0,260.82,Sweaters,0.2127659574468085,0,2,3,0,1
u-0363,2025-11-01,92,4,4,3,3,11,11,2,2,2,1,24,456.96,192,228.48,Trousers,0.6521739130434783,8,2,2.5,30,0
u-0364,2025-11-01,57,5,5,3,3,14,14,4,1,3,1,5,575.76,84,191.92,Trousers,1.5789473684210527,10,4,2,37,0
u-0365,2025-11-01,93,0,0,2,2,2,2,2,0,2,0,45,640.32,0,320.16,Trousers,0.6451612903225806,2,3,3.5,8,0
u-0366,2025-11-01,268,0,0,10,10,47,47,8,3,14,2,5,4647.36,903.44,331.95,Outerwear,1.5671641791044775,16,6,2.2857142857142856,117,1
u-0368,2025-11-01,109,4,4,4,4,15,15,3,0,2,0,46,571.32,0,285.66,Jackets,0.5504587155963303,11,4,3,37,0
u-0369,2025-11-01,175,1,1,3,3,12,12,3,0,7,2,12,1554.72,347.12,222.1,Sweaters,1.2,6,4,2.5714285714285716,32,0
u-0370,2025-11-01,105,5,5,4,4,15,15,2,0,2,0,30,690,0,345,Sweaters,0.5714285714285714,11,1,4,36,0
u-0372,2025-11-01,200,4,4,4,4,17,17,3,0,6,1,4,1270.08,99,211.68,Trousers,0.8999999999999999,12,3,2.5,42,0
u-0373,2025-11-01,121,2,2,4,4,15,15,0,2,2,0,66,526.4,0,263.2,Shoes,0.49586776859504134,10,1,2,36,0
u-0374,2025-11-01,18,8,8,2,2,2,1,2,0,1,1,8,190,190,190,Trousers,1,1,1,2,8,0
u-0375,2025-11-01,230,5,5,2,2,9,9,2,0,5,1,16,764.2,136,152.84,T-Shirts,0.6521739130434783,6,4,2.8,23,0
u-0377,2025-11-01,10,0,0,3,3,7,6,2,0,1,1,4,56,56,56,Accessories,1,5,1,1,19,0
u-0378,2025-11-01,280,2,2,5,5,22,22,4,2,7,0,58,1352.48,0,193.21,Shirts,0.75,11,4,2.4285714285714284,55,0
u-0379,2025-11-01,270,95,94,0,0,0,0,0,0,6,0,108,1124.76,0,187.46,Dresses,0.6666666666666666,0,3,1.8333333333333333,0,1
u-0380,2025-11-01,175,9,9,3,3,11,11,1,2,5,1,9,1175.72,192,235.14,Dresses,0.8571428571428572,6,4,2.8,29,0
u-0381,2025-11-01,138,41,41,0,0,0,0,0,0,2,0,96,531.84,0,265.92,Outerwear,0.4347826086956522,0,2,2,0,1
u-0382,2025-11-01,42,3,3,3,3,7,7,1,0,1,0,33,428.72,0,428.72,Sweaters,0.7142857142857143,5,2,5,18,0
u-0383,2025-11-01,163,16,16,2,2,7,7,1,0,4,0,51,1058.08,0,264.52,Dresses,0.7361963190184049,7,2,2.75,17,1
u-0384,2025-11-01,249,9,9,5,5,19,19,5,2,9,0,51,1088.24,0,120.92,T-Shirts,1.0843373493975903,8,6,2.111111111111111,50,1
u-0385,2025-11-01,168,101,101,0,0,0,0,0,0,1,0,164,613.64,0,613.64,Jackets,0.17857142857142858,0,2,5,0,1
u-0388,2025-11-01,141,70,70,0,0,0,0,0,0,1,0,131,184,0,184,Shirts,0.2127659574468085,0,1,2,0,1
u-0392,2025-11-01,268,110,110,0,0,0,0,0,0,4,0,134,478,0,119.5,Dresses,0.44776119402985076,0,3,1.25,0,1
u-0393,2025-11-01,136,9,9,2,2,6,6,1,0,2,0,59,194,0,97,Sweaters,0.4411764705882353,5,1,1,15,0
u-0394,2025-11-01,211,24,24,2,2,8,8,1,0,4,0,47,1297.2,0,324.3,Outerwear,0.5687203791469194,5,5,2.5,19,0
u-0395,2025-11-01,152,7,7,6,6,21,21,3,3,3,0,40,533.76,0,177.92,Trousers,0.5921052631578948,12,1,2,54,0
u-0396,2025-11-01,48,3,3,5,5,29,29,4,3,1,0,44,344.08,0,344.08,Jackets,0.625,14,2,4,70,0
u-0397,2025-11-01,254,8,8,3,3,17,17,3,2,5,1,29,1471.16,340.4,294.23,Outerwear,0.5905511811023622,11,3,2,43,0
u-0398,2025-11-01,112,6,6,3,3,9,9,4,0,4,2,18,922.32,460.32,230.58,Shirts,1.0714285714285714,6,3,2.75,27,0
u-0399,2025-11-01,263,1,1,3,3,14,14,3,2,4,2,1,666.04,126,166.51,Sweaters,0.4562737642585551,11,4,2,38,0
u-0400,2025-11-01,148,1,1,3,3,14,14,2,1,2,1,27,481.92,228,240.96,Shoes,0.4054054054054054,9,3,2.5,35,0
u-0401,2025-11-01,201,58,58,0,0,0,0,0,0,4,0,135,1101.92,0,275.48,Shoes,0.5970149253731343,0,3,2.75,0,1
u-0402,2025-11-01,111,30,30,0,0,0,0,0,0,1,0,103,383.64,0,383.64,Jackets,0.27027027027027023,0,2,4,0,0
u-0403,2025-11-01,55,7,7,2,2,11,11,1,2,1,0,45,56,0,56,Accessories,0.5454545454545455,8,1,1,27,0
u-0404,2025-11-01,193,1,1,3,3,15,15,0,1,3,0,32,409,0,136.33,T-Shirts,0.46632124352331605,10,2,3.3333333333333335,34,0
u-0405,2025-11-01,43,7,7,3,3,10,10,2,1,1,0,35,99,0,99,Jackets,0.6976744186046512,7,1,1,26,0
u-0408,2025-11-01,16,3,3,3,3,4,3,3,1,2,2,3,569.56,569.56,284.78,Dresses,2,3,2,2.5,16,0
u-0409,2025-11-01,267,54,54,0,0,0,0,0,0,4,0,118,262,0,65.5,T-Shirts,0.449438202247191,0,1,1.75,0,1
u-0410,2025-11-01,199,36,36,0,0,0,0,0,0,4,0,81,662.24,0,165.56,Jackets,0.6030150753768844,0,2,1.75,0,1
u-0412,2025-11-01,192,10,10,3,3,12,12,4,2,5,2,10,1315.4,742.44,263.08,Outerwear,0.78125,8,5,2.2,35,0
u-0413,2025-11-01,286,14,14,2,2,8,8,1,1,6,0,44,3371.8,0,561.97,Outerwear,0.6293706293706294,7,4,3.8333333333333335,20,0
u-0415,2025-11-01,264,64,64,0,0,0,0,0,0,6,0,79,1636.4,0,272.73,Jackets,0.6818181818181818,0,5,2.8333333333333335,0,1
u-0416,2025-11-01,157,0,0,2,2,2,2,1,0,3,0,101,625.12,0,208.37,Shoes,0.5732484076433121,2,2,2,7,0
u-0417,2025-11-01,248,5,5,6,6,23,23,4,4,9,1,14,2405.52,420.44,267.28,Shoes,1.0887096774193548,12,5,2.4444444444444446,61,0
u-0418,2025-11-01,134,0,0,4,4,16,16,3,1,3,0,37,411,0,137,T-Shirts,0.6716417910447761,10,3,3,40,0
u-0421,2025-11-01,132,29,29,1,1,1,1,1,0,2,1,29,372.48,270.48,186.24,T-Shirts,0.45454545454545453,1,2,4,5,1
u-0422,2025-11-01,212,3,3,5,5,17,17,2,2,3,1,29,573.68,233.68,191.23,T-Shirts,0.42452830188679247,9,4,3,44,1
u-0425,2025-11-01,46,5,5,2,2,10,10,1,1,1,0,39,102,0,102,T-Shirts,0.6521739130434783,7,1,3,24,0
u-0427,2025-11-01,228,9,9,3,3,16,16,1,1,4,0,86,693.68,0,173.42,Sweaters,0.5263157894736842,11,1,1.75,37,0
u-0428,2025-11-01,87,3,3,5,5,20,20,6,2,3,1,3,266,120,88.67,Accessories,1.0344827586206897,11,3,1,54,0
u-0429,2025-11-01,100,6,6,3,3,14,14,2,0,3,1,13,579,240,193,Accessories,0.8999999999999999,10,2,1.6666666666666667,34,1
u-0431,2025-11-01,90,1,1,8,8,26,26,6,4,4,3,11,1134.56,567.84,283.64,Shoes,1.3333333333333333,13,1,2.5,73,0
u-0432,2025-11-01,149,6,6,3,3,13,13,2,0,4,1,23,954.56,356.96,238.64,Sweaters,0.8053691275167785,6,1,2.75,32,0
u-0433,2025-11-01,45,0,0,4,4,16,16,1,2,1,0,34,76,0,76,Shirts,0.6666666666666666,11,1,1,39,0
u-0434,2025-11-01,117,0,0,3,3,11,11,4,2,3,1,0,706.6,510.6,235.53,Outerwear,0.7692307692307693,10,3,1.6666666666666667,32,0
u-0436,2025-11-01,201,5,5,6,6,26,26,5,2,9,1,28,1451.68,136,161.3,T-Shirts,1.3432835820895521,13,6,2.6666666666666665,66,1
u-0437,2025-11-01,143,58,58,0,0,0,0,0,0,2,0,126,204,0,102,Shirts,0.4195804195804196,0,2,1.5,0,0
u-0438,2025-11-01,12,1,1,3,3,4,3,3,0,1,1,7,340.4,340.4,340.4,Outerwear,1,3,1,2,14,0
u-0439,2025-11-01,278,103,103,0,0,0,0,0,0,3,0,153,433.68,0,144.56,Trousers,0.3237410071942446,0,3,1.6666666666666667,0,1
u-0440,2025-11-01,227,2,2,2,2,5,5,2,1,4,0,44,839,0,209.75,Accessories,0.5286343612334802,5,5,2,15,0
u-0441,2025-11-01,132,5,5,1,1,1,1,1,0,3,1,5,556.48,316.48,185.49,Accessories,0.6818181818181818,1,2,1.6666666666666667,5,0
u-0442,2025-11-01,240,62,62,0,0,0,0,0,0,8,0,85,1016,0,127,T-Shirts,1,0,4,2.375,0,1
u-0443,2025-11-01,195,6,6,3,3,15,15,4,2,7,3,6,1669.44,736.28,238.49,Sweaters,1.0769230769230769,11,5,2.7142857142857144,42,0
u-0444,2025-11-01,272,20,20,1,1,1,1,0,0,4,0,123,590,0,147.5,Sweaters,0.4411764705882353,1,2,1.75,3,0
u-0445,2025-11-01,245,0,0,7,7,23,23,4,0,5,1,25,1244.96,310.96,248.99,Jackets,0.6122448979591837,12,4,2.6,58,0
u-0446,2025-11-01,206,2,2,4,4,16,16,5,2,7,2,2,1747.84,438.08,249.69,Trousers,1.0194174757281553,11,6,2.7142857142857144,45,0
u-0447,2025-11-01,278,1,1,3,3,7,7,4,2,6,2,1,1406.04,565.88,234.34,Shoes,0.6474820143884892,5,5,2.1666666666666665,25,1
u-0448,2025-11-01,46,11,11,2,2,9,9,1,2,1,0,42,273.24,0,273.24,Jackets,0.6521739130434783,6,1,3,23,1
u-0449,2025-11-01,266,4,4,5,5,18,18,4,2,7,2,4,1230.12,355.44,175.73,Trousers,0.7894736842105263,11,2,2,49,0
u-0451,2025-11-01,171,113,113,0,0,0,0,0,0,2,0,123,545.2,0,272.6,Shirts,0.3508771929824561,0,2,3.5,0,1
u-0452,2025-11-01,112,5,5,3,3,14,14,1,1,4,1,5,525.84,112,131.46,Shoes,1.0714285714285714,10,2,1.25,34,0
u-0453,2025-11-01,101,6,6,2,2,12,12,2,1,3,1,17,340,76,113.33,T-Shirts,0.8910891089108911,10,3,2,30,0
u-0455,2025-11-01,249,80,80,0,0,0,0,0,0,1,0,240,104,0,104,Dresses,0.12048192771084336,0,1,1,0,1
u-0457,2025-11-01,298,185,185,0,0,0,0,0,0,3,0,261,733.48,0,244.49,Jackets,0.30201342281879195,0,2,2.6666666666666665,0,1
u-0458,2025-11-01,146,2,2,4,4,15,15,1,2,3,0,39,672.96,0,224.32,Accessories,0.6164383561643836,10,1,2.3333333333333335,37,0
u-0461,2025-11-01,48,2,2,2,2,2,2,0,0,1,0,46,84,0,84,Sweaters,0.625,2,1,1,6,0
u-0464,2025-11-01,84,15,15,1,1,1,1,0,0,1,0,76,386.4,0,386.4,Shoes,0.35714285714285715,1,1,3,3,1
u-0465,2025-11-01,158,2,2,7,7,33,33,6,4,6,1,2,1197.44,184,199.57,Shirts,1.139240506329114,13,2,2.5,84,0
u-0466,2025-11-01,92,1,1,3,3,14,14,1,1,2,0,48,236,0,118,Sweaters,0.6521739130434783,8,2,1.5,33,0
u-0467,2025-11-01,159,24,24,1,1,1,1,0,0,2,0,102,441.88,0,220.94,Accessories,0.37735849056603776,1,3,3,3,0
u-0469,2025-11-01,251,4,4,5,5,22,22,5,1,6,2,4,1204.32,455.2,200.72,Accessories,0.7171314741035856,12,3,2.3333333333333335,57,0
u-0470,2025-11-01,302,142,142,0,0,0,0,0,0,4,0,151,1555.44,0,388.86,Outerwear,0.3973509933774835,0,3,2.5,0,1
u-0471,2025-11-01,90,6,6,5,5,25,25,4,3,4,1,6,623.48,84,155.87,Sweaters,1.3333333333333333,14,3,1.75,63,0
u-0472,2025-11-01,276,50,50,0,0,0,0,0,0,3,0,124,304,0,101.33,Shirts,0.32608695652173914,0,1,1.3333333333333333,0,0
u-0473,2025-11-01,107,1,1,4,4,20,20,3,1,2,0,38,196,0,98,T-Shirts,0.5607476635514018,12,2,1.5,48,0
u-0474,2025-11-01,170,7,7,1,1,1,1,0,0,2,0,72,383,0,191.5,Trousers,0.3529411764705882,1,3,2.5,3,1
u-0475,2025-11-01,149,7,7,2,2,10,10,1,0,5,0,34,1027.84,0,205.57,Jackets,1.006711409395973,8,2,2.2,23,0
u-0476,2025-11-01,68,0,0,7,7,34,34,4,3,3,1,15,798.28,192,266.09,Trousers,1.3235294117647058,13,2,3,83,0
u-0477,2025-11-01,226,6,6,4,4,17,17,3,0,3,1,29,550.88,140,183.63,Accessories,0.39823008849557523,11,3,2,42,0
u-0478,2025-11-01,246,91,91,0,0,0,0,0,0,4,0,101,862.96,0,215.74,Accessories,0.48780487804878053,0,4,2.75,0,1
u-0480,2025-11-01,79,10,10,3,3,12,12,2,0,1,0,71,598.92,0,598.92,Outerwear,0.379746835443038,10,2,4,29,0
u-0481,2025-11-01,222,2,2,4,4,16,16,3,1,7,1,15,1560.24,299.92,222.89,Sweaters,0.9459459459459459,12,5,2.5714285714285716,41,0
u-0485,2025-11-01,175,5,5,4,4,19,19,3,2,3,1,26,863.84,266.8,287.95,Jackets,0.5142857142857143,9,4,3,48,0
u-0487,2025-11-01,177,1,1,5,5,16,16,1,2,5,0,79,1110.76,0,222.15,Accessories,0.847457627118644,10,6,2.2,40,0
u-0488,2025-11-01,206,3,3,4,4,17,17,3,1,4,1,18,1598.12,185,399.53,Outerwear,0.5825242718446603,11,5,3,43,1
u-0489,2025-11-01,258,5,5,1,1,6,6,0,0,6,0,86,1506.4,0,251.07,Shoes,0.6976744186046512,6,2,2.1666666666666665,13,0
u-0490,2025-11-01,110,6,6,3,3,8,8,3,1,5,2,18,1366.68,432.88,273.34,Trousers,1.3636363636363638,6,3,2.6,25,0
u-0491,2025-11-01,298,123,123,0,0,0,0,0,0,2,0,197,598,0,299,Sweaters,0.20134228187919462,0,2,3.5,0,1
u-0492,2025-11-01,273,4,4,2,2,10,10,2,1,6,1,18,1333.28,236.44,222.21,Jackets,0.6593406593406593,8,6,2.5,26,0
u-0493,2025-11-01,186,3,3,4,4,12,12,2,1,3,0,49,556,0,185.33,Trousers,0.48387096774193544,9,3,2,31,0
u-0494,2025-11-01,223,75,75,0,0,0,0,0,0,3,0,122,325,0,108.33,T-Shirts,0.40358744394618834,0,3,2.3333333333333335,0,1
u-0495,2025-11-01,118,2,2,5,5,25,25,3,0,3,1,22,384,102,128,T-Shirts,0.7627118644067797,12,2,3,59,0
u-0496,2025-11-01,118,0,0,7,7,19,19,6,2,2,2,20,190,190,95,Trousers,0.5084745762711864,11,1,1,55,0
u-0497,2025-11-01,245,2,1,3,4,19,19,4,2,4,0,30,675,0,168.75,T-Shirts,0.489795918367347,12,4,2.25,48,0
u-0498,2025-11-01,21,4,4,3,3,7,6,2,0,1,1,12,316.48,316.48,316.48,Accessories,1,6,2,3,19,0
u-0499,2025-11-01,221,61,61,0,0,0,0,0,0,2,0,172,360.32,0,180.16,T-Shirts,0.2714932126696833,0,3,2.5,0,0
u-0500,2025-11-01,103,0,0,7,7,23,23,2,3,5,1,0,1236.16,216,247.23,Accessories,1.4563106796116505,11,2,3,59,0
u-0501,2025-11-01,224,8,8,3,3,3,3,0,0,6,0,55,1085.12,0,180.85,Shirts,0.8035714285714286,2,5,2.1666666666666665,9,0
u-0502,2025-11-01,47,3,3,6,6,28,28,4,2,1,0,43,96,0,96,Accessories,0.6382978723404256,12,1,2,68,0
u-0503,2025-11-01,301,105,105,0,0,0,0,0,0,7,0,173,3162.12,0,451.73,Outerwear,0.6976744186046512,0,6,3.142857142857143,0,1
u-0505,2025-11-01,279,0,0,7,7,28,28,2,1,4,0,39,943.64,0,235.91,Dresses,0.4301075268817204,11,4,2.5,66,0
u-0506,2025-11-01,32,17,17,2,2,2,1,2,0,1,1,28,185,185,185,Outerwear,0.9375,1,1,1,8,1
u-0507,2025-11-01,44,5,5,5,5,23,23,2,1,2,0,36,297,0,148.5,Jackets,1.3636363636363638,11,1,1.5,54,0
u-0510,2025-11-01,18,4,4,3,3,7,6,3,1,1,1,15,300.84,300.84,300.84,Shirts,1,6,3,4,21,0
u-0511,2025-11-01,154,2,2,4,4,20,20,4,2,2,0,78,273,0,136.5,Trousers,0.3896103896103896,12,2,1,50,0
u-0512,2025-11-01,68,1,1,4,4,18,18,2,1,2,0,37,234,0,117,Dresses,0.8823529411764706,13,3,1.5,43,0
u-0513,2025-11-01,180,0,0,7,7,28,28,4,4,8,2,14,1562.68,635.96,195.34,Trousers,1.3333333333333333,13,5,2,73,0
u-0516,2025-11-01,104,6,6,2,2,6,6,3,0,3,1,6,1433.36,680.8,477.79,Outerwear,0.8653846153846153,6,2,3,18,0
u-0517,2025-11-01,71,16,16,1,1,1,1,0,0,1,0,69,287.04,0,287.04,Dresses,0.4225352112676056,1,1,3,3,1
u-0518,2025-11-01,259,10,10,3,3,15,15,2,3,5,1,19,862.48,92,172.5,Shirts,0.5791505791505792,11,4,2,39,0
u-0519,2025-11-01,260,3,3,4,4,14,14,4,2,11,2,13,2812.92,396,255.72,Jackets,1.2692307692307694,8,5,2.727272727272727,40,1
u-0520,2025-11-01,20,4,4,4,4,10,9,3,1,1,1,18,240,240,240,Accessories,1,6,1,2,28,1
u-0521,2025-11-01,57,2,2,4,4,12,12,4,2,3,2,2,348.04,306.04,116.01,T-Shirts,1.5789473684210527,7,2,2,36,0
u-0522,2025-11-01,256,1,1,4,4,23,23,5,2,9,3,1,1957.2,744.48,217.47,Jackets,1.0546875,13,2,2.3333333333333335,60,0
u-0523,2025-11-01,58,4,4,3,3,17,17,2,1,3,2,4,418,319,139.33,Sweaters,1.5517241379310345,10,2,1.3333333333333333,42,0
u-0524,2025-11-01,98,13,13,2,2,8,8,1,1,1,0,89,220,0,220,Sweaters,0.30612244897959184,7,1,2,20,0
u-0525,2025-11-01,104,3,3,3,3,13,13,0,3,2,0,48,986.24,0,493.12,Outerwear,0.5769230769230769,10,3,3.5,32,0
u-0526,2025-11-01,87,1,1,4,4,11,11,3,0,3,1,28,727.44,443.44,242.48,Outerwear,1.0344827586206897,8,3,1.6666666666666667,30,1
u-0528,2025-11-01,101,6,6,3,3,12,12,3,0,2,0,34,271,0,135.5,Sweaters,0.594059405940594,8,3,1.5,30,0
u-0529,2025-11-01,94,4,4,4,4,19,19,3,2,2,0,81,550.16,0,275.08,Trousers,0.6382978723404256,12,2,3,47,0
u-0531,2025-11-01,267,5,5,4,4,14,14,4,0,5,1,22,768.32,56,153.66,T-Shirts,0.5617977528089887,11,4,2.2,37,0
u-0532,2025-11-01,109,9,9,1,1,1,1,0,0,1,0,103,371.68,0,371.68,Dresses,0.27522935779816515,1,2,4,3,1
u-0533,2025-11-01,55,14,14,2,2,7,7,1,2,1,0,51,276,0,276,Accessories,0.5454545454545455,7,3,3,19,0
u-0534,2025-11-01,258,25,25,1,1,1,1,0,0,6,0,93,1383.6,0,230.6,Shoes,0.6976744186046512,1,3,2,3,1
u-0535,2025-11-01,85,12,12,1,1,1,1,0,0,1,0,80,435.16,0,435.16,Trousers,0.3529411764705882,1,2,4,3,1
u-0536,2025-11-01,60,1,1,4,4,17,17,2,2,1,0,49,292.56,0,292.56,Dresses,0.5,11,2,3,42,0
u-0537,2025-11-01,197,16,16,1,1,1,1,1,0,5,0,47,1448.88,0,289.78,Sweaters,0.7614213197969544,1,1,3.4,4,0
u-0538,2025-11-01,208,4,4,7,7,21,21,1,4,6,1,29,1130.4,120,188.4,Accessories,0.8653846153846153,10,3,2.5,55,1
u-0539,2025-11-01,245,0,0,3,3,11,11,1,1,5,0,37,972.28,0,194.46,Jackets,0.6122448979591837,10,2,2,27,0
u-0540,2025-11-01,296,7,7,3,3,12,12,0,0,6,0,43,1392.24,0,232.04,Shoes,0.6081081081081081,8,4,2.1666666666666665,27,0
u-0541,2025-11-01,66,5,5,3,3,13,13,1,2,2,1,23,178,76,89,T-Shirts,0.9090909090909091,10,1,2.5,33,0
u-0542,2025-11-01,277,4,4,6,6,23,23,3,3,11,1,21,3814.6,510.6,346.78,Outerwear,1.1913357400722022,14,7,2.6363636363636362,59,0
u-0543,2025-11-01,42,0,0,6,6,21,21,5,2,1,0,37,185,0,185,Outerwear,0.7142857142857143,11,1,1,55,0
u-0544,2025-11-01,17,3,3,3,3,7,6,3,0,1,1,9,178,178,178,T-Shirts,1,4,2,3,20,1
u-0545,2025-11-01,59,1,1,6,6,22,22,4,1,2,1,18,423.76,255.76,211.88,Sweaters,1.0169491525423728,10,1,2.5,56,0
u-0546,2025-11-01,198,6,6,3,3,14,14,2,1,5,1,6,1281.12,224,256.22,Shoes,0.7575757575757576,9,2,2.2,35,0
u-0547,2025-11-01,179,6,6,3,3,15,15,3,1,4,1,16,940.84,244,235.21,Dresses,0.6703910614525139,10,4,2.25,38,0
u-0548,2025-11-01,57,2,2,3,3,6,6,2,1,1,0,51,309.12,0,309.12,Accessories,0.5263157894736842,5,1,4,18,0
u-0549,2025-11-01,250,118,118,0,0,0,0,0,0,3,0,170,762.28,0,254.09,Outerwear,0.36,0,4,2,0,1
u-0550,2025-11-01,77,6,6,2,2,8,8,1,1,2,0,32,400,0,200,Dresses,0.7792207792207791,8,2,2,20,0
u-0551,2025-11-01,22,1,1,5,5,12,11,3,1,1,1,15,364.32,364.32,364.32,Sweaters,1,7,2,4,33,0
u-0552,2025-11-01,143,85,85,0,0,0,0,0,0,1,0,132,390.08,0,390.08,Dresses,0.2097902097902098,0,3,4,0,1
u-0553,2025-11-01,47,5,5,3,3,8,8,1,2,2,1,13,339,120,169.5,Accessories,1.2765957446808511,5,2,1.5,23,0
u-0554,2025-11-01,136,4,4,4,4,19,19,1,0,3,0,35,857.44,0,285.81,Shoes,0.6617647058823529,12,2,2.6666666666666665,43,0
u-0555,2025-11-01,90,2,2,3,3,15,15,2,2,3,1,12,812,375.36,270.67,Shoes,1,10,2,2.6666666666666665,38,0
u-0556,2025-11-01,142,17,17,2,2,8,8,3,0,3,1,17,1026.8,208,342.27,Dresses,0.6338028169014085,6,2,3,22,1
u-0557,2025-11-01,178,74,74,0,0,0,0,0,0,2,0,134,304,0,152,Sweaters,0.33707865168539325,0,1,1.5,0,0
u-0558,2025-11-01,104,0,0,5,5,20,20,4,3,4,1,5,1256.8,271.4,314.2,Outerwear,1.1538461538461537,10,4,2.25,53,0
u-0559,2025-11-01,200,0,0,4,4,17,17,4,3,6,1,17,766,110,127.67,Sweaters,0.8999999999999999,12,3,1.3333333333333333,46,1
u-0560,2025-11-01,233,155,155,0,0,0,0,0,0,2,0,203,515.2,0,257.6,Shirts,0.2575107296137339,0,1,3.5,0,1
u-0561,2025-11-01,175,8,7,2,3,13,13,2,1,2,0,57,569,0,284.5,Shoes,0.34285714285714286,10,2,2.5,31,0
u-0562,2025-11-01,297,2,2,4,4,18,18,2,1,8,0,41,1307.24,0,163.41,Trousers,0.8080808080808081,12,3,1.75,43,0
u-0563,2025-11-01,78,5,5,4,4,21,21,5,0,4,1,22,924.48,99,231.12,Jackets,1.5384615384615383,14,4,2.75,52,0
u-0564,2025-11-01,215,7,7,3,3,13,13,3,0,5,1,7,575,42,115,T-Shirts,0.6976744186046512,8,3,1.6,33,1
u-0565,2025-11-01,270,7,7,2,2,5,5,1,2,5,0,41,1008.2,0,201.64,Accessories,0.5555555555555556,5,5,2.2,15,0
u-0566,2025-11-01,303,5,5,6,6,24,24,5,1,10,2,5,1759.6,312,175.96,Accessories,0.9900990099009901,12,5,2,62,0
u-0567,2025-11-01,43,3,3,9,9,43,43,5,1,2,1,11,541.44,236,270.72,Trousers,1.3953488372093024,16,2,2.5,102,1
u-0568,2025-11-01,83,4,4,6,6,25,25,5,3,3,1,28,1644.96,453.56,548.32,Outerwear,1.0843373493975903,13,3,3.6666666666666665,65,0
u-0570,2025-11-01,142,1,1,4,4,8,8,1,1,4,1,6,797.04,167,199.26,Jackets,0.8450704225352113,7,3,2,23,1
u-0571,2025-11-01,20,6,6,3,3,5,4,2,1,1,1,12,120,120,120,Accessories,1,4,1,1,16,0
u-0574,2025-11-01,95,3,3,2,2,2,0,0,0,1,0,93,147,0,147,Accessories,0.31578947368421056,0,2,2,4,1
u-0575,2025-11-01,36,10,10,2,2,3,2,2,0,1,1,25,140,140,140,Shoes,0.8333333333333334,2,1,1,10,1
u-0576,2025-11-01,28,2,2,5,5,12,11,3,2,1,1,21,391.92,391.92,391.92,Shoes,1,9,2,4,34,0
u-0578,2025-11-01,157,4,4,2,2,2,2,1,0,2,0,136,297,0,148.5,Jackets,0.38216560509554137,2,1,1.5,7,0
u-0579,2025-11-01,223,2,2,3,3,10,10,1,1,7,0,39,1694.84,0,242.12,Jackets,0.9417040358744394,9,5,2.5714285714285716,25,0
u-0580,2025-11-01,116,0,0,4,4,16,16,4,1,3,1,14,766.36,338.56,255.45,Jackets,0.7758620689655172,10,4,2.6666666666666665,42,0
u-0582,2025-11-01,28,4,4,5,5,19,18,4,0,1,1,18,120,120,120,Accessories,1,10,1,1,47,0
u-0584,2025-11-01,142,1,1,3,3,15,15,4,0,4,1,19,1095.04,456.32,273.76,Dresses,0.8450704225352113,9,3,3.25,38,0
u-0585,2025-11-01,243,27,27,1,1,1,1,0,0,4,0,127,1301.2,0,325.3,Outerwear,0.4938271604938272,1,2,2,3,1
u-0586,2025-11-01,146,2,2,5,5,18,18,3,1,3,0,35,980.8,0,326.93,Dresses,0.6164383561643836,10,2,3.3333333333333335,45,0
u-0588,2025-11-01,122,1,1,3,3,8,8,0,2,3,0,30,864.8,0,288.27,Outerwear,0.7377049180327869,7,3,2,21,0
u-0589,2025-11-01,231,21,21,1,1,1,0,0,0,1,0,224,380.88,0,380.88,Sweaters,0.12987012987012986,0,1,4,2,0
u-0590,2025-11-01,183,2,2,7,7,25,25,5,4,6,0,52,717.68,0,119.61,T-Shirts,0.9836065573770493,12,3,1.8333333333333333,66,0
u-0591,2025-11-01,71,50,50,0,0,0,0,0,0,3,0,50,617.6,0,205.87,Accessories,1.267605633802817,0,2,2,0,1
u-0592,2025-11-01,249,2,2,6,6,27,27,3,3,9,0,32,2330.2,0,258.91,Sweaters,1.0843373493975903,14,6,2.6666666666666665,66,0
u-0593,2025-11-01,118,8,8,2,2,11,11,2,1,3,0,30,390.56,0,130.19,Shirts,0.7627118644067797,6,4,1.6666666666666667,27,0
u-0594,2025-11-01,256,2,2,3,3,11,11,2,0,4,0,49,753.52,0,188.38,Accessories,0.46875,10,3,2,27,0
u-0595,2025-11-01,218,8,8,2,2,6,6,2,1,6,1,8,1185.76,194,197.63,Trousers,0.8256880733944955,6,3,2.3333333333333335,18,1
u-0596,2025-11-01,204,1,1,5,5,26,26,2,2,6,0,55,1329.56,0,221.59,Shirts,0.8823529411764706,13,3,2.5,61,0
u-0597,2025-11-01,122,5,5,3,3,11,11,1,1,2,0,42,420,0,210,T-Shirts,0.49180327868852464,6,3,3.5,27,0
u-0599,2025-11-01,146,6,6,3,3,10,10,3,1,2,1,29,276,234,138,T-Shirts,0.4109589041095891,9,3,2,28,0
u-0600,2025-11-01,43,2,2,7,7,27,27,2,2,2,0,34,249,0,124.5,Accessories,1.3953488372093024,14,3,1.5,65,0
u-0601,2025-11-01,96,4,4,6,6,26,26,3,3,5,0,34,1130.68,0,226.14,Jackets,1.5625,13,4,2.4,64,0
u-0602,2025-11-01,145,14,14,3,3,9,9,2,1,3,0,51,919.16,0,306.39,Dresses,0.6206896551724138,6,3,3,24,0
u-0603,2025-11-01,25,1,1,3,3,6,5,3,0,1,1,16,178,178,178,Shirts,1,5,2,2,18,0
u-0604,2025-11-01,41,0,0,7,7,22,22,6,1,3,2,21,1254.88,798.56,418.29,Shoes,2.1951219512195124,12,2,3.6666666666666665,60,0
u-0605,2025-11-01,199,7,7,4,4,14,14,2,1,5,0,41,957.36,0,191.47,Shoes,0.7537688442211055,9,4,2,35,0
u-0606,2025-11-01,24,3,3,3,3,5,4,2,0,1,1,17,309.12,309.12,309.12,Shoes,1,4,1,3,15,0
u-0607,2025-11-01,62,6,6,3,3,14,14,1,2,1,0,58,133,0,133,Jackets,0.48387096774193544,8,2,2,34,0
u-0608,2025-11-01,130,0,0,3,3,10,10,2,1,2,0,67,319.12,0,159.56,Trousers,0.46153846153846156,8,2,2,26,0
u-0609,2025-11-01,226,3,3,5,5,19,19,4,3,5,0,53,1466.76,0,293.35,Trousers,0.6637168141592921,11,3,3.4,50,0
u-0610,2025-11-01,31,1,1,7,7,23,22,4,2,1,1,29,183,183,183,Trousers,0.9677419354838709,12,1,2,59,0
u-0611,2025-11-01,247,231,231,0,0,0,0,0,0,1,0,240,510.6,0,510.6,Outerwear,0.12145748987854252,0,1,3,0,0
u-0613,2025-11-01,119,5,5,3,3,6,6,1,0,2,1,11,906.2,462.76,453.1,Outerwear,0.5042016806722689,5,4,3.5,17,0
u-0614,2025-11-01,17,5,5,3,4,8,7,2,0,1,1,13,140,140,140,Shoes,1,5,1,1,21,0
u-0615,2025-11-01,148,53,53,0,0,0,0,0,0,1,0,140,188,0,188,T-Shirts,0.2027027027027027,0,2,3,0,1
u-0616,2025-11-01,49,2,2,3,3,12,12,0,2,1,0,39,361.56,0,361.56,Dresses,0.6122448979591837,9,2,3,29,0
u-0617,2025-11-01,215,5,5,2,2,5,5,0,0,7,1,16,1367.12,235.52,195.3,Sweaters,0.9767441860465116,5,4,2.142857142857143,13,0
u-0618,2025-11-01,43,6,6,2,2,7,7,1,1,2,0,30,317.28,0,158.64,Shoes,1.3953488372093024,5,4,2,18,0
u-0619,2025-11-01,185,3,3,4,4,17,17,2,1,5,1,28,2227.4,510.6,445.48,Outerwear,0.8108108108108107,10,1,2.6,42,0
u-0621,2025-11-01,26,2,2,4,4,10,9,4,0,1,1,17,99,99,99,Jackets,1,8,1,1,28,0
u-0622,2025-11-01,24,0,0,4,4,7,6,3,0,1,1,15,238,238,238,Shirts,1,3,1,3,21,0
u-0624,2025-11-01,187,0,0,3,3,8,8,1,1,2,0,90,445.28,0,222.64,Shirts,0.32085561497326204,6,3,2.5,21,0
u-0625,2025-11-01,75,2,2,2,2,5,5,1,0,2,0,58,489.44,0,244.72,Shoes,0.8,4,1,2,13,0
u-0626,2025-11-01,215,8,8,3,3,14,14,2,1,7,1,19,634,102,90.57,T-Shirts,0.9767441860465116,9,2,2.142857142857143,35,0
u-0628,2025-11-01,172,2,2,4,4,16,16,3,1,2,0,55,809.6,0,404.8,Outerwear,0.3488372093023256,10,2,2.5,40,0
u-0629,2025-11-01,37,6,6,3,4,11,10,3,0,1,1,26,510.6,510.6,510.6,Outerwear,0.8108108108108107,8,1,3,28,0
u-0630,2025-11-01,253,2,2,3,3,10,10,1,1,5,1,22,857.04,168,171.41,Sweaters,0.5928853754940712,8,4,2,26,0
u-0635,2025-11-01,19,13,13,2,2,2,1,2,0,1,1,13,102,102,102,T-Shirts,1,1,1,3,8,0
u-0637,2025-11-01,44,1,1,4,4,16,16,5,1,2,1,1,320,168,160,Sweaters,1.3636363636363638,11,2,2,43,0
u-0638,2025-11-01,17,0,0,5,5,14,13,4,0,2,2,3,625.6,625.6,312.8,Sweaters,2,7,3,3.5,38,0
u-0640,2025-11-01,234,2,2,1,1,1,1,1,0,5,0,73,799.36,0,159.87,T-Shirts,0.6410256410256411,1,3,2.2,4,1
u-0641,2025-11-01,288,3,3,3,3,12,12,5,2,7,2,15,1721.48,409.96,245.93,Jackets,0.7291666666666667,9,5,2.7142857142857144,36,0
u-0643,2025-11-01,86,14,14,1,1,1,1,1,0,2,0,47,321,0,160.5,Trousers,0.6976744186046512,1,2,2,4,1
u-0647,2025-11-01,145,23,23,1,1,1,1,1,0,2,0,60,454,0,227,Accessories,0.4137931034482759,1,2,3,4,0
u-0648,2025-11-01,159,0,0,4,4,16,16,5,1,4,1,29,714.44,96,178.61,Trousers,0.7547169811320755,10,2,2,43,0
u-0649,2025-11-01,62,5,5,8,8,32,32,7,4,4,3,5,875.36,735.36,218.84,Shoes,1.9354838709677418,13,2,2.25,86,0
u-0652,2025-11-01,262,239,239,0,0,0,0,0,0,1,0,251,110,0,110,Sweaters,0.11450381679389314,0,1,1,0,1
u-0653,2025-11-01,190,8,8,3,3,14,14,1,2,5,0,31,631,0,126.2,Jackets,0.7894736842105263,9,4,1.4,34,0
u-0654,2025-11-01,295,3,3,2,2,2,2,0,0,9,1,3,2962.56,360.64,329.17,Shoes,0.9152542372881355,2,5,3.111111111111111,7,0
u-0656,2025-11-01,23,5,5,5,6,14,13,4,2,2,2,12,449.76,449.76,224.88,Sweaters,2,8,1,2.5,40,1
u-0657,2025-11-01,259,5,5,3,3,7,7,3,3,5,2,5,1001.24,475.76,200.25,Sweaters,0.5791505791505792,5,2,2,25,0
u-0658,2025-11-01,294,2,2,1,1,1,1,0,0,6,0,125,868,0,144.67,Shirts,0.6122448979591836,1,2,1.8333333333333333,3,1
u-0659,2025-11-01,98,6,6,4,4,9,9,2,2,3,0,53,596.76,0,198.92,Accessories,0.9183673469387755,9,4,2.3333333333333335,26,0
u-0660,2025-11-01,12,0,0,3,3,8,7,3,1,1,1,2,258.52,258.52,258.52,Dresses,1,5,3,3,23,0
u-0661,2025-11-01,221,5,5,6,6,17,17,2,1,5,0,31,1046.48,0,209.3,Jackets,0.6787330316742082,12,3,2.4,43,0
u-0663,2025-11-01,232,1,1,8,8,33,33,4,4,7,2,20,1084.24,191,154.89,Trousers,0.9051724137931034,14,2,1.7142857142857142,84,0
u-0665,2025-11-01,147,2,2,6,6,25,25,5,1,7,1,23,725,76,103.57,T-Shirts,1.4285714285714284,12,4,2,63,0
u-0667,2025-11-01,20,1,1,5,5,13,12,5,1,3,3,5,702.32,702.32,234.11,Jackets,3,10,2,2.3333333333333335,39,0
u-0671,2025-11-01,272,233,233,0,0,0,0,0,0,1,0,262,237.36,0,237.36,Shoes,0.11029411764705882,0,3,3,0,1
u-0673,2025-11-01,27,3,3,6,6,15,14,4,2,1,1,21,184,184,184,Trousers,1,9,1,2,42,0
u-0674,2025-11-01,236,200,200,0,0,0,0,0,0,1,0,227,349.6,0,349.6,Shoes,0.1271186440677966,0,3,4,0,0
u-0675,2025-11-01,277,228,228,0,0,0,0,0,0,3,0,244,895.84,0,298.61,Shoes,0.3249097472924188,0,3,2.6666666666666665,0,1
u-0677,2025-11-01,248,1,1,8,8,34,34,4,6,8,1,29,1534.56,99,191.82,Jackets,0.9677419354838709,13,4,2.125,87,0
u-0679,2025-11-01,143,0,0,4,4,15,15,1,1,3,0,40,617.6,0,205.87,Shirts,0.6293706293706294,10,3,2.3333333333333335,36,1
u-0680,2025-11-01,47,2,2,2,2,2,2,0,0,1,0,40,99,0,99,Jackets,0.6382978723404256,2,1,1,6,0
u-0681,2025-11-01,240,4,4,5,5,20,20,3,4,7,1,19,1130.48,253.92,161.5,Dresses,0.875,13,4,1.7142857142857142,53,0
u-0682,2025-11-01,272,47,47,0,0,0,0,0,0,7,0,52,1495.52,0,213.65,Trousers,0.7720588235294118,0,1,2.4285714285714284,0,1
u-0683,2025-11-01,16,11,11,2,2,2,1,2,0,1,1,11,42,42,42,T-Shirts,1,1,1,1,8,0
u-0684,2025-11-01,181,121,121,0,0,0,0,0,0,1,0,179,156,0,156,T-Shirts,0.16574585635359115,0,2,3,0,1
u-0685,2025-11-01,21,5,5,3,4,7,6,2,1,1,1,13,259.44,259.44,259.44,Trousers,1,5,2,3,20,0
u-0686,2025-11-01,121,1,1,3,3,9,9,2,1,4,1,1,963.44,264.96,240.86,Trousers,0.9917355371900827,9,4,2.75,25,0
u-0687,2025-11-01,16,0,0,3,3,7,6,3,1,1,1,9,510.6,510.6,510.6,Outerwear,1,5,1,3,21,0
u-0688,2025-11-01,118,6,6,3,3,9,9,3,1,4,1,6,766.64,76,191.66,Shirts,1.0169491525423728,6,3,2.25,26,0
u-0689,2025-11-01,125,50,50,0,0,0,0,0,0,1,0,119,185,0,185,Outerwear,0.24,0,1,1,0,1
u-0690,2025-11-01,138,4,4,5,5,25,25,1,1,4,1,29,915.16,264.04,228.79,Trousers,0.8695652173913044,12,4,2.75,58,1
u-0691,2025-11-01,56,0,0,6,6,30,30,2,1,1,0,50,458.16,0,458.16,Dresses,0.5357142857142857,13,3,5,69,0
u-0693,2025-11-01,75,12,12,3,3,3,3,1,0,1,0,73,88,0,88,Trousers,0.4,3,1,1,10,0
u-0694,2025-11-01,93,9,9,2,2,10,10,3,2,3,1,9,646.4,264.96,215.47,Trousers,0.9677419354838709,8,4,2.6666666666666665,28,0
u-0695,2025-11-01,4,1,1,2,2,2,1,2,0,1,1,1,208,208,208,Dresses,1,1,1,2,8,1
u-0696,2025-11-01,116,4,4,3,3,12,12,2,0,4,2,4,966.28,411.44,241.57,Shirts,1.0344827586206897,8,4,2.5,31,0
u-0697,2025-11-01,121,6,6,4,4,16,16,1,0,2,0,47,695.6,0,347.8,Outerwear,0.49586776859504134,10,1,2,37,0
u-0698,2025-11-01,246,64,64,0,0,0,0,0,0,2,0,167,416,0,208,Accessories,0.24390243902439027,0,3,3,0,1
u-0699,2025-11-01,92,6,6,2,2,2,2,0,0,4,0,38,785.88,0,196.47,Accessories,1.3043478260869565,2,5,2.25,6,0
u-0700,2025-11-01,221,6,6,5,5,17,17,3,2,10,0,36,2515,0,251.5,Sweaters,1.3574660633484164,10,4,2.5,44,0
u-0701,2025-11-01,185,8,8,2,2,9,9,2,1,6,1,22,1088.36,263.12,181.39,Jackets,0.9729729729729729,8,4,1.8333333333333333,24,0
u-0702,2025-11-01,75,1,1,4,4,15,15,4,0,3,1,15,777.44,393.76,259.15,Dresses,1.2,10,3,2.6666666666666665,39,1
u-0703,2025-11-01,241,0,0,6,6,23,23,5,3,7,0,39,1757.6,0,251.09,Shirts,0.8713692946058091,12,4,3,60,0
u-0705,2025-11-01,244,0,0,4,4,15,15,2,0,5,1,27,369,42,73.8,T-Shirts,0.6147540983606558,10,2,1.6,37,0
u-0706,2025-11-01,266,6,6,3,3,17,17,3,0,5,1,26,1205.52,334.88,241.1,Shoes,0.5639097744360902,8,4,2.2,41,0
u-0707,2025-11-01,73,6,6,2,2,5,5,2,1,2,1,22,463.32,364.32,231.66,Jackets,0.8219178082191781,4,1,2.5,16,1
u-0709,2025-11-01,281,181,181,0,0,0,0,0,0,3,0,232,596.2,0,198.73,Accessories,0.32028469750889677,0,4,2.3333333333333335,0,0
u-0710,2025-11-01,290,10,10,2,2,7,7,3,0,5,1,21,1184.84,314.64,236.97,Dresses,0.5172413793103449,7,6,2.6,20,1
u-0711,2025-11-01,231,127,127,0,0,0,0,0,0,1,0,221,271.4,0,271.4,Outerwear,0.12987012987012986,0,2,2,0,0
u-0712,2025-11-01,132,9,9,2,2,7,7,0,1,4,0,36,930.4,0,232.6,Jackets,0.9090909090909091,5,4,2.25,17,0
u-0713,2025-11-01,215,8,8,2,2,8,8,2,0,5,0,32,1566,0,313.2,Outerwear,0.6976744186046512,7,2,2,20,0
u-0714,2025-11-01,100,0,0,8,8,39,39,7,1,5,0,36,1006.04,0,201.21,Outerwear,1.5,16,4,1.6,94,0
u-0715,2025-11-01,22,3,3,4,4,8,7,4,0,1,1,14,237.36,237.36,237.36,Shoes,1,7,3,3,24,0
u-0718,2025-11-01,278,4,4,6,6,33,33,2,4,9,0,62,1383.84,0,153.76,Shirts,0.9712230215827338,13,6,1.6666666666666667,78,0
u-0720,2025-11-01,156,41,41,0,0,0,0,0,0,3,0,89,588.44,0,196.15,Jackets,0.5769230769230769,0,3,2.6666666666666665,0,1
u-0721,2025-11-01,248,12,12,2,2,4,4,2,1,3,0,83,626.4,0,208.8,Outerwear,0.36290322580645157,2,3,2,13,0
u-0722,2025-11-01,166,55,55,0,0,0,0,0,0,2,0,143,351.12,0,175.56,Trousers,0.3614457831325301,0,1,2,0,1
u-0724,2025-11-01,83,1,1,5,5,22,22,4,2,2,0,51,604.68,0,302.34,Outerwear,0.7228915662650602,12,3,2.5,55,0
u-0725,2025-11-01,73,1,1,3,3,17,17,2,0,2,0,31,442.84,0,221.42,Shoes,0.8219178082191781,9,2,2,39,1
u-0728,2025-11-01,251,24,24,1,1,1,1,0,0,4,0,70,1067.84,0,266.96,Accessories,0.4780876494023904,1,4,3,3,1
u-0729,2025-11-01,56,25,25,1,1,1,1,0,0,1,0,53,247.48,0,247.48,Outerwear,0.5357142857142857,1,2,2,3,1
u-0730,2025-11-01,269,7,7,4,4,13,13,3,1,6,1,14,1930.72,290.72,321.79,Shoes,0.6691449814126395,8,4,3.1666666666666665,35,1
u-0731,2025-11-01,37,0,0,3,3,12,12,3,1,1,0,35,290.72,0,290.72,Shoes,0.8108108108108107,8,2,3,31,0
u-0732,2025-11-01,138,21,21,1,1,1,1,0,0,3,0,64,396,0,132,Jackets,0.6521739130434783,1,1,1.3333333333333333,3,0
u-0734,2025-11-01,92,6,6,3,3,7,7,2,1,2,0,52,470.64,0,235.32,Outerwear,0.6521739130434783,5,4,2,20,0
u-0735,2025-11-01,134,56,56,0,0,0,0,0,0,1,0,132,110,0,110,Sweaters,0.22388059701492538,0,1,1,0,1
u-0736,2025-11-01,213,26,26,1,1,1,1,1,0,2,0,131,312,0,156,Dresses,0.28169014084507044,1,1,1.5,4,0
u-0738,2025-11-01,286,1,1,4,4,15,15,0,1,6,0,35,949.12,0,158.19,Trousers,0.6293706293706294,9,3,1.6666666666666667,35,0
u-0739,2025-11-01,294,72,72,0,0,0,0,0,0,4,0,216,708,0,177,Dresses,0.4081632653061224,0,2,1.75,0,1
u-0740,2025-11-01,143,100,100,0,0,0,0,0,0,1,0,139,232,0,232,Shirts,0.2097902097902098,0,2,2,0,1
u-0744,2025-11-01,208,5,5,3,3,10,10,2,2,6,0,32,1406.4,0,234.4,Shoes,0.8653846153846153,7,4,2.1666666666666665,27,0
u-0745,2025-11-01,243,5,5,3,3,7,7,1,0,8,0,43,2904.76,0,363.1,Outerwear,0.9876543209876544,7,3,2.25,18,0
u-0746,2025-11-01,173,7,7,2,2,9,9,2,1,3,0,50,350,0,116.67,Shirts,0.5202312138728323,9,3,1.3333333333333333,23,0
u-0747,2025-11-01,291,4,4,5,5,21,21,5,2,8,1,23,1061,163,132.63,T-Shirts,0.8247422680412372,11,4,2.125,55,0
u-0748,2025-11-01,25,6,6,3,3,5,4,3,0,1,1,14,78,78,78,Shirts,1,3,1,1,16,0
u-0749,2025-11-01,14,11,11,2,2,2,1,2,0,1,1,11,273.24,273.24,273.24,Jackets,1,1,1,3,8,0
u-0750,2025-11-01,62,13,13,1,1,1,1,0,0,1,0,60,253.92,0,253.92,Dresses,0.48387096774193544,1,2,3,3,0
u-0751,2025-11-01,84,23,23,1,1,1,1,0,0,1,0,81,198,0,198,Jackets,0.35714285714285715,1,1,2,3,1
u-0752,2025-11-01,71,9,9,3,3,13,13,1,2,2,0,34,500.64,0,250.32,Shoes,0.8450704225352113,11,1,2,32,0
u-0753,2025-11-01,97,5,5,6,6,22,22,2,2,3,1,13,440.52,235.52,146.84,Sweaters,0.9278350515463918,12,2,1.6666666666666667,55,0
u-0754,2025-11-01,66,25,25,1,1,1,1,0,0,1,0,58,140,0,140,Shoes,0.45454545454545453,1,1,1,3,0
u-0755,2025-11-01,127,12,12,4,4,12,12,3,0,5,1,19,1198.08,274.16,239.62,Sweaters,1.1811023622047243,8,5,2.8,32,1
u-0756,2025-11-01,208,0,0,8,8,35,35,5,1,9,2,4,1938.48,586.96,215.39,Shirts,1.2980769230769231,15,3,2.5555555555555554,86,0
u-0757,2025-11-01,44,9,9,3,3,12,12,3,1,1,0,41,340.4,0,340.4,Outerwear,0.6818181818181819,9,1,2,31,0
u-0759,2025-11-01,172,10,10,2,2,5,5,1,1,3,0,63,572.4,0,190.8,Sweaters,0.5232558139534884,4,2,2.6666666666666665,14,0
u-0760,2025-11-01,119,21,21,1,1,1,0,0,0,1,0,116,144,0,144,Sweaters,0.25210084033613445,0,2,2,2,0
u-0761,2025-11-01,235,5,5,5,5,20,20,4,1,9,1,18,2216.08,242.88,246.23,Trousers,1.148936170212766,13,5,2.6666666666666665,51,0
u-0763,2025-11-01,166,1,1,4,4,16,16,3,1,4,1,19,1520,185,380,Outerwear,0.7228915662650602,10,2,2.25,41,0
u-0764,2025-11-01,27,2,2,4,4,7,6,3,2,1,1,20,190,190,190,Trousers,1,5,1,2,23,0
u-0765,2025-11-01,128,17,17,3,3,12,12,2,0,2,0,91,240,0,120,T-Shirts,0.46875,9,2,2.5,29,1
u-0766,2025-11-01,133,2,2,3,3,15,15,5,0,4,2,2,1371.72,701.96,342.93,Dresses,0.9022556390977443,12,2,3,40,0
u-0767,2025-11-01,156,1,1,5,5,20,20,2,2,3,0,32,809.92,0,269.97,Accessories,0.5769230769230769,13,2,3,49,0
u-0768,2025-11-01,212,8,8,2,2,9,9,1,1,6,0,30,1303.04,0,217.17,Trousers,0.8490566037735849,9,3,2.5,22,0
u-0769,2025-11-01,41,7,7,3,3,17,17,1,0,1,0,35,99,0,99,Jackets,0.7317073170731707,10,1,1,38,0
u-0770,2025-11-01,99,4,4,4,4,18,18,3,2,2,0,83,480.64,0,240.32,Accessories,0.6060606060606061,13,2,2.5,45,0
u-0771,2025-11-01,143,3,3,6,6,19,19,4,2,4,1,13,1208.96,185,302.24,Outerwear,0.8391608391608392,13,3,2,51,1
u-0772,2025-11-01,208,134,134,0,0,0,0,0,0,1,0,204,216,0,216,Accessories,0.14423076923076922,0,1,3,0,1
u-0773,2025-11-01,223,9,9,2,2,8,8,2,0,6,0,73,1888.32,0,314.72,Jackets,0.8071748878923767,7,7,3.5,20,0
u-0774,2025-11-01,52,1,1,5,5,20,20,1,3,1,0,42,120,0,120,Accessories,0.5769230769230769,11,1,1,49,0
u-0775,2025-11-01,111,14,14,2,2,7,7,2,1,2,0,39,342.04,0,171.02,Shirts,0.5405405405405405,6,3,2,19,0
u-0776,2025-11-01,163,12,12,2,2,2,2,0,0,3,0,55,657.52,0,219.17,Shirts,0.5521472392638036,2,2,2.6666666666666665,6,0
u-0777,2025-11-01,171,49,49,0,0,0,0,0,0,3,0,112,403,0,134.33,Jackets,0.5263157894736842,0,3,1.3333333333333333,0,1
u-0778,2025-11-01,197,6,6,2,2,4,4,2,0,5,1,18,1270.88,184,254.18,Shirts,0.7614213197969544,3,3,2.8,13,0
u-0779,2025-11-01,75,1,1,6,6,28,28,3,1,2,0,38,748.88,0,374.44,Shoes,0.8,13,2,3.5,66,0
u-0780,2025-11-01,38,3,3,4,4,14,13,4,1,1,1,28,224,224,224,Shirts,0.7894736842105263,9,2,4,37,1
u-0782,2025-11-01,41,8,8,2,2,7,7,1,0,1,0,30,176,0,176,Trousers,0.7317073170731707,5,1,2,17,0
u-0783,2025-11-01,237,4,4,2,2,2,2,0,0,5,0,78,1265.36,0,253.07,Shoes,0.6329113924050632,2,2,2.2,6,1
u-0785,2025-11-01,96,8,8,3,3,11,11,3,0,2,1,26,349.92,96,174.96,Accessories,0.625,8,2,2.5,29,0
u-0788,2025-11-01,232,2,2,9,9,31,31,6,4,8,0,32,1636.96,0,204.62,Sweaters,1.0344827586206897,14,3,2.25,81,0
u-0789,2025-11-01,112,0,0,6,6,27,27,3,2,3,0,63,470,0,156.67,Shirts,0.8035714285714286,12,1,2,65,0
u-0790,2025-11-01,87,0,0,4,4,18,18,3,2,2,1,26,495.04,287.04,247.52,Dresses,0.6896551724137931,11,1,2.5,46,1
u-0791,2025-11-01,283,62,62,0,0,0,0,0,0,4,0,213,784.8,0,196.2,Sweaters,0.42402826855123676,0,2,2.25,0,0
u-0792,2025-11-01,190,133,133,0,0,0,0,0,0,2,0,169,198,0,99,Jackets,0.31578947368421056,0,1,1,0,0
u-0793,2025-11-01,196,35,35,0,0,0,0,0,0,4,0,92,1163.52,0,290.88,Shoes,0.6122448979591837,0,4,2.75,0,0
u-0794,2025-11-01,42,4,4,3,3,15,15,1,0,2,1,13,543.64,360.64,271.82,Trousers,1.4285714285714286,9,2,3,35,0
u-0795,2025-11-01,46,0,0,6,6,29,29,2,3,1,0,36,591.56,0,591.56,Outerwear,0.6521739130434783,13,2,4,69,0
u-0796,2025-11-01,60,34,34,0,0,0,0,0,0,1,0,56,441.6,0,441.6,Shirts,0.5,0,3,5,0,1
u-0798,2025-11-01,139,3,3,1,1,1,0,0,0,2,0,78,188,0,94,Shirts,0.4316546762589928,0,2,1,2,1
u-0799,2025-11-01,180,111,111,0,0,0,0,0,0,1,0,171,263.12,0,263.12,Trousers,0.16666666666666666,0,1,3,0,0
u-0800,2025-11-01,119,3,3,5,5,16,16,3,3,4,1,21,1236.8,401.12,309.2,Shoes,1.0084033613445378,9,4,2.75,44,0
u-0801,2025-11-01,156,16,16,4,4,14,14,3,3,4,1,29,940.92,287.04,235.23,Dresses,0.7692307692307692,12,4,2.75,39,1
u-0802,2025-11-01,102,73,73,0,0,0,0,0,0,1,0,100,242.88,0,242.88,Accessories,0.29411764705882354,0,1,4,0,1
u-0805,2025-11-01,227,9,9,2,2,10,10,1,0,5,0,50,1116.6,0,223.32,Jackets,0.6607929515418502,8,6,2.2,23,0
u-0806,2025-11-01,15,6,5,2,3,2,1,2,0,1,1,5,120,120,120,Accessories,1,1,1,1,8,0
u-0810,2025-11-01,112,6,5,2,2,8,8,1,1,1,0,35,194,0,194,Sweaters,0.26785714285714285,5,1,2,20,0
u-0811,2025-11-01,84,0,0,6,6,26,26,6,0,5,2,14,1188.08,502.16,237.62,Shirts,1.7857142857142858,15,1,3,66,0
u-0812,2025-11-01,132,0,0,5,5,28,28,5,1,4,2,20,416,208,104,Dresses,0.9090909090909091,12,1,1,69,0
u-0814,2025-11-01,104,2,2,6,6,19,19,3,2,6,0,37,1356.04,0,226.01,Jackets,1.7307692307692306,10,5,2.6666666666666665,49,1
u-0815,2025-11-01,159,2,2,9,9,36,36,7,4,6,1,23,2980.8,639.4,496.8,Outerwear,1.1320754716981132,14,2,3,93,0
u-0816,2025-11-01,103,3,3,4,4,17,17,2,2,3,0,33,487.4,0,162.47,Sweaters,0.8737864077669903,11,4,2,42,0
u-0817,2025-11-01,54,0,0,9,9,34,34,4,5,2,1,18,429.28,330.28,214.64,Jackets,1.1111111111111112,14,3,2,87,0
u-0818,2025-11-01,279,168,168,0,0,0,0,0,0,4,0,220,982.28,0,245.57,Trousers,0.4301075268817204,0,3,2.5,0,1
u-0819,2025-11-01,287,5,5,4,4,15,15,5,1,9,2,13,1531.76,274,170.2,Jackets,0.9407665505226481,11,5,1.7777777777777777,42,0
u-0820,2025-11-01,188,16,16,2,2,11,11,2,1,3,1,16,460.96,264.96,153.65,Accessories,0.4787234042553192,8,2,1.6666666666666667,28,1
u-0821,2025-11-01,241,4,4,5,5,28,28,3,2,7,1,21,2113.72,340.4,301.96,Outerwear,0.8713692946058091,14,3,2,67,0
u-0822,2025-11-01,136,6,6,2,2,2,2,0,0,2,0,91,390,0,195,Sweaters,0.4411764705882353,2,2,2,6,1
u-0824,2025-11-01,204,0,0,3,3,12,12,4,2,6,1,20,757.52,42,126.25,T-Shirts,0.8823529411764706,8,4,2.1666666666666665,34,0
u-0825,2025-11-01,257,8,8,3,3,15,15,4,2,9,2,17,1867.12,276,207.46,Shirts,1.0505836575875487,10,5,2.3333333333333335,41,0
u-0826,2025-11-01,8,6,6,2,2,2,1,2,0,1,1,6,194,194,194,Sweaters,1,1,1,2,8,0
u-0827,2025-11-01,35,9,9,2,2,9,9,1,2,2,1,9,343,203,171.5,Dresses,1.7142857142857142,7,3,1.5,24,0
u-0828,2025-11-01,32,5,5,3,3,5,4,3,1,1,1,21,84,84,84,Sweaters,0.9375,4,1,1,17,0
u-0830,2025-11-01,17,4,4,3,3,7,6,2,0,1,1,6,215,215,215,Accessories,1,6,2,2,19,0
u-0831,2025-11-01,197,58,58,0,0,0,0,0,0,4,0,130,1325.72,0,331.43,Outerwear,0.6091370558375635,0,4,2.5,0,1
u-0833,2025-11-01,177,4,4,2,2,6,6,1,1,3,0,30,903.84,0,301.28,Dresses,0.5084745762711864,6,3,3.3333333333333335,16,0
u-0834,2025-11-01,178,0,0,3,3,9,9,4,1,5,2,14,1436.68,576.84,287.34,Accessories,0.8426966292134831,6,3,3,28,1
u-0835,2025-11-01,56,0,0,7,7,28,28,4,1,2,0,34,290,0,145,Shirts,1.0714285714285714,13,1,2,68,0
u-0836,2025-11-01,234,6,6,1,1,4,4,2,1,2,1,6,309,78,154.5,Shirts,0.25641025641025644,4,2,2,13,0
u-0837,2025-11-01,139,93,93,0,0,0,0,0,0,1,0,137,208,0,208,Dresses,0.2158273381294964,0,1,2,0,1
u-0838,2025-11-01,239,29,29,1,1,1,1,0,0,4,0,82,577,0,144.25,Shirts,0.502092050209205,1,4,1.75,3,1
u-0839,2025-11-01,82,1,1,5,5,20,20,4,3,2,0,61,346,0,173,Sweaters,0.7317073170731707,10,2,2,52,0
u-0841,2025-11-01,230,4,4,3,3,11,11,3,1,5,1,12,1123.24,222,224.65,Jackets,0.6521739130434783,7,5,2.2,30,0
u-0843,2025-11-01,108,5,5,5,5,20,20,6,2,4,2,5,842.52,374.6,210.63,Jackets,1.1111111111111112,12,4,2.25,55,0
u-0844,2025-11-01,176,5,5,3,3,15,15,4,0,5,1,5,636,120,127.2,Accessories,0.8522727272727273,10,2,1.6,38,0
u-0845,2025-11-01,100,31,31,0,0,0,0,0,0,2,0,65,441.6,0,220.8,Shirts,0.6,0,1,3,0,1
u-0847,2025-11-01,257,11,11,2,2,11,11,2,2,6,1,26,2317.56,92,386.26,Outerwear,0.7003891050583658,10,3,2.6666666666666665,29,0
u-0848,2025-11-01,83,1,1,6,6,31,31,6,3,6,3,1,1282.16,511.92,213.69,Shirts,2.1686746987951806,15,3,2.3333333333333335,80,0
u-0849,2025-11-01,96,2,2,3,3,12,12,2,1,2,0,32,289,0,144.5,Dresses,0.625,6,2,1,30,0
u-0850,2025-11-01,194,128,128,0,0,0,0,0,0,1,0,183,257.6,0,257.6,Shoes,0.15463917525773196,0,1,2,0,0
u-0851,2025-11-01,296,11,11,2,2,6,6,1,0,4,0,46,722.16,0,180.54,T-Shirts,0.4054054054054054,4,4,2.5,15,0
u-0852,2025-11-01,143,0,0,6,6,23,23,3,2,5,1,7,954.12,276,190.82,Dresses,1.048951048951049,13,3,2,58,0
u-0853,2025-11-01,239,4,4,6,6,34,34,4,4,8,1,28,1877.08,84,234.63,Sweaters,1.00418410041841,12,6,2.375,83,0
u-0854,2025-11-01,265,6,6,4,4,21,21,4,1,9,2,20,1887.16,278,209.68,Sweaters,1.0188679245283019,11,4,1.8888888888888888,53,0
u-0855,2025-11-01,73,6,6,3,3,12,12,2,2,2,1,28,118,76,59,T-Shirts,0.8219178082191781,8,1,1.5,32,0
u-0856,2025-11-01,299,131,131,0,0,0,0,0,0,3,0,239,563,0,187.67,Jackets,0.3010033444816054,0,2,2,0,1
u-0857,2025-11-01,227,76,75,0,0,0,0,0,0,1,0,146,185,0,185,Outerwear,0.13215859030837004,0,1,1,0,1
u-0858,2025-11-01,222,102,102,0,0,0,0,0,0,1,0,215,224,0,224,Shoes,0.13513513513513511,0,1,2,0,1
u-0859,2025-11-01,177,6,6,3,3,11,11,1,1,5,0,33,1042.68,0,208.54,Shirts,0.847457627118644,7,5,2.4,27,0
u-0862,2025-11-01,74,0,0,3,3,12,12,2,1,1,1,13,147,147,147,Accessories,0.4054054054054054,8,2,2,31,0
u-0863,2025-11-01,90,2,2,2,2,2,2,2,0,3,0,58,594.2,0,198.07,Trousers,1,2,2,2.3333333333333335,8,1
u-0865,2025-11-01,132,4,4,5,5,13,13,3,0,4,0,42,868.08,0,217.02,Sweaters,0.9090909090909091,9,2,2.5,34,1
u-0866,2025-11-01,252,0,0,6,6,28,28,5,1,8,1,19,1925.8,99,240.72,Jackets,0.9523809523809523,13,3,2.625,69,0
u-0867,2025-11-01,177,34,34,0,0,0,0,0,0,3,0,75,363,0,121,T-Shirts,0.5084745762711864,0,2,2,0,1
u-0869,2025-11-01,64,0,0,5,5,20,20,2,1,2,0,36,472.64,0,236.32,Shoes,0.9375,10,1,2,48,0
u-0870,2025-11-01,11,7,7,2,2,2,1,2,0,1,1,7,270.48,270.48,270.48,Trousers,1,1,2,3,8,0
u-0871,2025-11-01,16,6,6,2,2,2,1,2,0,1,1,6,255.76,255.76,255.76,Sweaters,1,1,1,3,8,0
u-0872,2025-11-01,68,14,14,2,2,2,2,0,0,2,0,30,581.2,0,290.6,Accessories,0.8823529411764706,2,2,3.5,6,0
u-0874,2025-11-01,209,0,0,2,2,5,5,2,1,3,1,15,208,76,69.33,T-Shirts,0.43062200956937796,4,2,1.6666666666666667,16,0
u-0877,2025-11-01,131,5,5,4,4,18,18,4,0,5,2,17,995.08,382.36,199.02,Shirts,1.1450381679389314,11,5,2.4,46,0
u-0878,2025-11-01,158,3,3,4,4,14,14,3,1,6,1,13,1011.72,437,168.62,T-Shirts,1.139240506329114,9,5,2.6666666666666665,37,0
u-0880,2025-11-01,207,6,6,2,2,6,6,2,1,2,1,15,720.36,379.96,360.18,Outerwear,0.2898550724637681,6,2,3,18,1
u-0881,2025-11-01,192,2,2,10,10,31,31,8,4,9,2,9,1727.04,465.04,191.89,Shirts,1.40625,15,3,2.3333333333333335,86,1
u-0882,2025-11-01,194,7,7,2,2,4,4,1,1,5,1,18,1185.48,273.24,237.1,Jackets,0.7731958762886598,4,3,2.6,13,0
u-0883,2025-11-01,285,1,1,1,1,5,5,2,1,5,1,1,1055.44,380.88,211.09,Sweaters,0.5263157894736842,5,3,2,15,0
u-0884,2025-11-01,71,5,5,3,3,14,14,3,0,2,1,5,494.04,230.92,247.02,Trousers,0.8450704225352113,9,2,3,35,0
u-0885,2025-11-01,254,96,96,0,0,0,0,0,0,4,0,96,802,0,200.5,Sweaters,0.47244094488188976,0,3,2.25,0,1
u-0886,2025-11-01,53,10,10,2,2,7,7,0,0,2,0,32,579.6,0,289.8,Shirts,1.1320754716981132,6,1,3.5,16,0
u-0888,2025-11-01,88,1,1,7,7,30,30,4,1,4,1,15,1024.8,412.16,256.2,Dresses,1.3636363636363638,13,5,2.75,73,0
u-0889,2025-11-01,207,19,19,1,1,1,1,0,0,4,0,163,1172.12,0,293.03,Dresses,0.5797101449275363,1,4,2.75,3,0
u-0890,2025-11-01,248,3,3,6,6,25,25,4,3,7,0,61,687,0,98.14,T-Shirts,0.846774193548387,14,4,2,63,0
u-0891,2025-11-01,11,0,0,5,5,12,11,4,1,1,1,9,311.88,311.88,311.88,Accessories,1,7,2,3,34,1
u-0892,2025-11-01,245,46,46,0,0,0,0,0,0,3,0,76,1005.44,0,335.15,Dresses,0.3673469387755102,0,2,3.3333333333333335,0,1
u-0893,2025-11-01,253,179,179,0,0,0,0,0,0,1,0,251,110,0,110,Sweaters,0.11857707509881422,0,1,1,0,1
u-0894,2025-11-01,23,4,4,3,3,6,5,3,0,1,1,14,104,104,104,Dresses,1,5,1,1,18,0
u-0895,2025-11-01,241,165,165,0,0,0,0,0,0,1,0,238,364.32,0,364.32,Jackets,0.12448132780082988,0,1,4,0,1
u-0897,2025-11-01,77,8,8,2,2,7,7,0,1,1,0,71,147,0,147,Accessories,0.3896103896103896,6,2,2,17,0
u-0899,2025-11-01,226,4,4,2,2,6,6,1,1,6,0,31,1878.72,0,313.12,Dresses,0.7964601769911505,5,4,3.1666666666666665,16,1
u-0900,2025-11-01,180,9,9,4,4,17,17,2,1,5,0,42,974.84,0,194.97,Sweaters,0.8333333333333334,12,2,2.2,41,0
u-0901,2025-11-01,25,1,1,6,6,18,17,4,3,3,3,13,457.04,457.04,152.35,Shirts,3,9,2,2,51,0
u-0904,2025-11-01,295,1,1,1,1,4,4,2,0,2,1,1,384.2,285.2,192.1,Jackets,0.20338983050847456,2,2,2,12,0
u-0905,2025-11-01,72,2,2,3,3,10,10,2,1,2,1,25,456,240,228,Accessories,0.8333333333333334,7,1,2.5,27,0
u-0906,2025-11-01,74,4,4,3,3,13,13,1,1,1,0,64,510.6,0,510.6,Outerwear,0.4054054054054054,8,1,3,31,0
u-0907,2025-11-01,40,1,1,4,4,18,18,4,0,2,0,30,240,0,120,T-Shirts,1.5,10,2,2.5,44,0
u-0908,2025-11-01,156,7,7,4,4,11,11,2,0,5,0,53,720,0,144,Accessories,0.9615384615384615,5,3,1.6,28,0
u-0909,2025-11-01,135,6,6,2,2,2,2,0,0,3,1,6,752.56,231.84,250.85,Shoes,0.6666666666666666,2,3,2.3333333333333335,7,0
u-0910,2025-11-01,155,0,0,3,3,10,10,2,0,3,0,64,1055.96,0,351.99,Dresses,0.5806451612903225,8,3,3.3333333333333335,25,1
u-0911,2025-11-01,80,20,20,2,2,8,8,1,1,1,0,72,224,0,224,Shoes,0.375,8,1,2,20,1
u-0912,2025-11-01,194,4,4,3,3,9,9,2,2,5,1,16,1111.12,287.04,222.22,Dresses,0.7731958762886598,7,2,2.4,26,0
u-0913,2025-11-01,49,2,2,3,3,14,14,2,2,1,0,38,110,0,110,Sweaters,0.6122448979591837,10,1,1,35,0
u-0914,2025-11-01,71,25,25,1,1,1,0,0,0,1,0,63,293.48,0,293.48,Accessories,0.4225352112676056,0,3,3,2,1
u-0915,2025-11-01,134,2,2,3,3,8,8,2,2,2,0,56,360,0,180,Trousers,0.44776119402985076,8,1,2,23,0
u-0916,2025-11-01,35,3,3,4,4,10,9,5,2,2,2,10,296,296,148,T-Shirts,1.7142857142857142,7,2,2.5,32,0
u-0917,2025-11-01,271,99,99,0,0,0,0,0,0,2,0,208,649.52,0,324.76,Accessories,0.22140221402214022,0,2,3.5,0,0
u-0918,2025-11-01,210,125,125,0,0,0,0,0,0,5,0,138,1055.68,0,211.14,Trousers,0.7142857142857143,0,2,2.4,0,1
u-0919,2025-11-01,107,7,7,2,2,3,3,3,0,4,1,7,963.44,303.6,240.86,Sweaters,1.1214953271028036,3,3,2.75,12,0
u-0921,2025-11-01,171,4,4,5,5,19,19,2,2,3,0,46,769.32,0,256.44,Jackets,0.5263157894736842,11,3,3,47,0
u-0925,2025-11-01,15,7,7,2,2,2,1,2,0,1,1,7,356.96,356.96,356.96,Sweaters,1,1,1,4,8,0
u-0926,2025-11-01,48,21,21,1,1,1,1,0,0,1,0,40,286.12,0,286.12,Outerwear,0.625,1,3,3,3,0
u-0929,2025-11-01,233,12,12,2,2,6,6,2,1,7,1,12,1895.52,364.32,270.79,Jackets,0.9012875536480687,5,6,2.5714285714285716,18,0
u-0930,2025-11-01,90,2,1,2,2,7,7,0,0,1,0,79,84,0,84,Sweaters,0.3333333333333333,5,1,1,16,1
u-0931,2025-11-01,173,0,0,4,4,4,4,1,0,6,0,59,1365.8,0,227.63,Shirts,1.0404624277456647,4,5,2.3333333333333335,13,0
u-0932,2025-11-01,261,1,1,6,6,21,21,6,3,7,1,23,1244.08,99,177.73,Jackets,0.8045977011494253,12,7,1.8571428571428572,58,0
u-0933,2025-11-01,66,3,3,8,8,25,25,7,2,3,2,11,803.92,367.84,267.97,Shoes,1.3636363636363635,11,4,2.6666666666666665,69,0
u-0935,2025-11-01,254,11,11,2,2,12,12,1,1,4,1,24,957.44,110,239.36,Sweaters,0.47244094488188976,9,3,2.5,29,0
u-0936,2025-11-01,84,3,3,6,6,26,26,5,2,3,2,23,455,377,151.67,Shirts,1.0714285714285714,15,2,2,67,0
u-0937,2025-11-01,210,5,5,5,5,22,22,2,0,6,0,42,1592.84,0,265.47,Sweaters,0.8571428571428571,11,6,2.8333333333333335,51,0
u-0938,2025-11-01,168,94,94,0,0,0,0,0,0,1,0,161,412.16,0,412.16,Accessories,0.17857142857142858,0,2,4,0,1
u-0939,2025-11-01,56,7,7,3,3,12,12,3,1,1,0,53,104,0,104,Dresses,0.5357142857142857,8,1,1,31,0
u-0940,2025-11-01,54,2,2,7,7,28,28,4,1,2,1,24,438.52,350.52,219.26,Trousers,1.1111111111111112,14,1,2.5,69,0
u-0941,2025-11-01,106,5,5,5,5,22,22,5,2,4,1,15,1191.32,183,297.83,Shoes,1.1320754716981132,9,5,2.75,57,0
u-0942,2025-11-01,270,5,5,3,3,4,4,0,0,7,0,36,2727.44,0,389.63,Outerwear,0.7777777777777778,4,5,2.5714285714285716,11,0
u-0944,2025-11-01,287,77,77,0,0,0,0,0,0,7,0,104,1221.8,0,174.54,Shirts,0.7317073170731707,0,4,2,0,0
u-0945,2025-11-01,5,3,3,2,2,2,1,2,0,1,1,3,136,136,136,Shirts,1,1,1,2,8,0
u-0946,2025-11-01,95,11,11,2,2,4,4,2,1,1,0,91,56,0,56,Accessories,0.31578947368421056,3,1,1,13,1
u-0947,2025-11-01,200,1,1,3,3,12,12,3,2,7,1,1,1226.76,183,175.25,Trousers,1.05,9,4,1.8571428571428572,33,0
u-0948,2025-11-01,66,1,1,5,5,21,21,4,1,2,1,26,175,76,87.5,Shirts,0.9090909090909091,11,2,1,53,0
u-0949,2025-11-01,13,2,2,2,2,2,1,2,0,1,1,2,443.44,443.44,443.44,Outerwear,1,1,2,3,8,0
u-0950,2025-11-01,53,11,11,1,1,1,1,1,0,1,0,49,246,0,246,Shirts,0.5660377358490566,1,2,3,4,1
u-0951,2025-11-01,71,1,1,5,5,15,15,3,2,2,1,25,702.88,371.68,351.44,Shoes,0.8450704225352113,10,4,4,41,0
u-0952,2025-11-01,13,7,7,3,3,6,5,3,1,1,1,10,96,96,96,Trousers,1,5,1,1,19,0
u-0953,2025-11-01,283,172,172,0,0,0,0,0,0,2,0,255,368.56,0,184.28,Jackets,0.21201413427561838,0,2,2,0,0
u-0954,2025-11-01,227,182,182,0,0,0,0,0,0,1,0,221,264.04,0,264.04,Trousers,0.13215859030837004,0,1,3,0,0
u-0955,2025-11-01,101,4,4,4,4,15,15,2,3,2,1,27,280,184,140,Trousers,0.594059405940594,8,1,1.5,40,0
u-0958,2025-11-01,300,0,0,3,3,9,9,1,1,5,0,70,1047.44,0,209.49,Trousers,0.5,8,3,2.2,23,0
u-0959,2025-11-01,164,50,50,0,0,0,0,0,0,2,0,122,708.4,0,354.2,Sweaters,0.36585365853658536,0,1,3.5,0,1
u-0960,2025-11-01,70,1,1,7,7,26,26,5,2,2,1,13,403.52,235.52,201.76,Accessories,0.8571428571428571,14,2,2.5,67,0
u-0961,2025-11-01,227,51,51,0,0,0,0,0,0,2,0,149,1077.32,0,538.66,Outerwear,0.2643171806167401,0,4,4,0,1
u-0962,2025-11-01,271,8,8,3,3,12,12,1,1,8,1,8,1638.92,96,204.86,Jackets,0.8856088560885609,9,4,2.375,30,0
u-0963,2025-11-01,127,124,124,0,0,0,0,0,0,1,0,124,56,0,56,Accessories,0.23622047244094488,0,1,1,0,1
u-0964,2025-11-01,301,59,59,0,0,0,0,0,0,3,0,137,464,0,154.67,T-Shirts,0.29900332225913623,0,2,3.3333333333333335,0,1
u-0965,2025-11-01,172,24,24,1,1,1,1,0,0,2,0,126,381.52,0,190.76,Shirts,0.3488372093023256,1,2,3,3,1
u-0967,2025-11-01,116,20,20,1,1,1,1,0,0,1,0,111,303.6,0,303.6,Trousers,0.25862068965517243,1,2,3,3,1
u-0970,2025-11-01,303,71,71,0,0,0,0,0,0,3,0,203,761.84,0,253.95,Shirts,0.297029702970297,0,3,3,0,1
u-0971,2025-11-01,275,106,106,0,0,0,0,0,0,3,0,178,710.24,0,236.75,Jackets,0.32727272727272727,0,2,2.3333333333333335,0,1
u-0972,2025-11-01,302,82,82,0,0,0,0,0,0,5,0,155,969.64,0,193.93,Trousers,0.49668874172185434,0,3,2.4,0,1
u-0973,2025-11-01,303,6,6,3,3,16,16,2,2,5,0,84,2567.8,0,513.56,Outerwear,0.49504950495049505,11,1,3,39,0
u-0974,2025-11-01,134,6,6,3,3,13,13,3,1,4,1,28,970.08,287.04,242.52,Dresses,0.8955223880597015,7,3,2.5,34,0
u-0976,2025-11-01,289,0,0,4,4,19,19,2,2,5,0,45,1231.76,0,246.35,Accessories,0.5190311418685122,12,5,3,46,0
u-0979,2025-11-01,254,1,1,3,3,13,13,3,0,3,2,1,670.76,462.76,223.59,Accessories,0.3543307086614173,9,5,2.3333333333333335,34,0
u-0980,2025-11-01,232,6,6,2,2,4,4,1,1,5,0,34,715,0,143,T-Shirts,0.646551724137931,3,4,2.8,12,1
u-0981,2025-11-01,230,39,39,0,0,0,0,0,0,5,0,92,781,0,156.2,Accessories,0.6521739130434783,0,4,1.4,0,0
u-0983,2025-11-01,237,56,56,0,0,0,0,0,0,6,0,64,1369.6,0,228.27,Shirts,0.7594936708860759,0,3,2.6666666666666665,0,1
u-0984,2025-11-01,188,6,6,3,3,15,15,3,1,4,1,15,1093.8,273.24,273.45,Jackets,0.6382978723404256,12,2,3,38,0
u-0985,2025-11-01,290,2,2,5,5,16,16,4,1,5,1,18,1113.88,96,222.78,Accessories,0.5172413793103449,10,3,2.6,43,1
u-0986,2025-11-01,23,0,0,4,5,7,6,3,1,1,1,16,230.92,230.92,230.92,Trousers,1,6,2,3,22,1
u-0987,2025-11-01,128,3,2,5,5,19,18,3,1,3,0,39,593.92,0,197.97,Shirts,0.703125,10,2,2.3333333333333335,46,1
u-0990,2025-11-01,43,10,10,3,3,15,15,2,1,2,1,10,356.6,257.6,178.3,Shoes,1.3953488372093024,11,2,1.5,37,1
u-0992,2025-11-01,237,127,127,0,0,0,0,0,0,2,0,219,520.8,0,260.4,Shoes,0.2531645569620253,0,3,3,0,1
u-0993,2025-11-01,66,15,15,3,3,7,7,1,1,1,0,56,156,0,156,Shirts,0.45454545454545453,6,2,2,19,1
u-0994,2025-11-01,35,9,9,2,2,8,8,1,1,1,0,30,42,0,42,T-Shirts,0.8571428571428571,7,1,1,20,1
u-0997,2025-11-01,79,3,3,2,2,2,2,0,0,1,0,74,198,0,198,Sweaters,0.379746835443038,2,2,2,6,1
u-0998,2025-11-01,218,13,13,2,2,8,8,1,1,7,1,13,1115.76,42,159.39,T-Shirts,0.963302752293578,5,5,2.5714285714285716,21,0
u-0999,2025-11-01,209,65,65,0,0,0,0,0,0,5,0,87,1421.56,0,284.31,Outerwear,0.7177033492822966,0,5,2.6,0,0
u-1000,2025-11-01,121,21,21,1,1,1,1,1,0,3,0,56,478,0,159.33,Shirts,0.7438016528925621,1,3,2,4,1
u-1001,2025-11-01,283,50,50,0,0,0,0,0,0,3,0,206,321,0,107,Accessories,0.31802120141342755,0,3,1.3333333333333333,0,1
u-1002,2025-11-01,193,6,6,2,2,2,2,1,0,6,0,77,553,0,92.17,T-Shirts,0.9326424870466321,2,3,2,7,0
u-1004,2025-11-01,85,2,2,5,5,21,21,5,1,4,2,10,887.72,252,221.93,Sweaters,1.4117647058823528,14,3,2.5,55,0
u-1005,2025-11-01,181,114,114,0,0,0,0,0,0,2,0,114,179,0,89.5,Sweaters,0.3314917127071823,0,2,1,0,1
u-1007,2025-11-01,283,222,222,0,0,0,0,0,0,2,0,247,486.28,0,243.14,Shirts,0.21201413427561838,0,4,2.5,0,0
u-1008,2025-11-01,47,6,6,3,3,12,12,3,1,2,1,15,224,168,112,Accessories,1.2765957446808511,9,1,1.5,32,0
u-1010,2025-11-01,293,1,1,4,4,20,20,4,1,7,1,16,1118.28,42,159.75,Accessories,0.7167235494880545,11,3,2.142857142857143,50,1
u-1011,2025-11-01,174,3,3,5,5,13,13,1,1,5,1,11,1042.32,194,208.46,Sweaters,0.8620689655172414,9,3,2.2,34,0
u-1012,2025-11-01,286,4,4,2,2,8,8,0,1,2,0,30,336,0,168,Shoes,0.2097902097902098,7,3,2,19,0
u-1014,2025-11-01,225,16,16,1,1,1,0,0,0,4,0,109,630.52,0,157.63,Shirts,0.5333333333333333,0,4,1.5,2,0
u-1015,2025-11-01,172,2,2,4,4,17,17,4,3,4,0,39,957.04,0,239.26,Trousers,0.6976744186046512,9,3,2.5,45,1
u-1016,2025-11-01,94,2,2,4,4,13,13,5,1,3,1,26,343,147,114.33,Accessories,0.9574468085106383,9,3,1.6666666666666667,37,1
u-1017,2025-11-01,264,0,0,3,3,11,11,2,2,6,0,34,1214.88,0,202.48,Accessories,0.6818181818181818,8,4,2.3333333333333335,29,0
u-1019,2025-11-01,78,3,3,8,8,34,34,6,1,3,1,19,923.68,287.04,307.89,Dresses,1.1538461538461537,13,2,3.3333333333333335,84,0
u-1020,2025-11-01,39,4,4,3,3,11,11,2,2,1,0,34,178,0,178,T-Shirts,0.7692307692307692,9,2,3,29,0
u-1021,2025-11-01,229,21,21,1,1,1,1,0,0,3,0,109,840.88,0,280.29,Sweaters,0.3930131004366812,1,4,3,3,0
u-1022,2025-11-01,303,50,50,0,0,0,0,0,0,9,0,102,2300.36,0,255.6,Sweaters,0.8910891089108911,0,6,3.111111111111111,0,0
u-1023,2025-11-01,117,6,6,2,2,2,2,0,0,2,0,101,553.6,0,276.8,Outerwear,0.5128205128205129,2,3,2,6,0
u-1024,2025-11-01,263,68,68,0,0,0,0,0,0,4,0,96,1142.28,0,285.57,Jackets,0.4562737642585551,0,6,3.25,0,0
u-1026,2025-11-01,209,3,3,6,6,22,22,1,3,5,0,43,2185.12,0,437.02,Outerwear,0.7177033492822966,13,4,3,54,0
u-1027,2025-11-01,145,1,1,5,5,23,23,4,2,3,1,16,875.64,364.32,291.88,Jackets,0.6206896551724138,11,2,3.3333333333333335,58,0
u-1028,2025-11-01,77,4,4,3,3,13,13,2,2,2,1,26,526.48,95,263.24,Trousers,0.7792207792207791,9,2,3,34,0
u-1029,2025-11-01,91,4,4,3,3,8,8,3,1,2,1,23,252,150,126,T-Shirts,0.6593406593406593,6,2,3.5,24,1
u-1030,2025-11-01,186,5,5,5,5,18,18,4,1,5,1,19,2308.28,265.88,461.66,Outerwear,0.8064516129032258,9,2,2.8,47,0
u-1031,2025-11-01,101,0,0,9,9,33,33,7,1,3,1,11,1319.28,468.28,439.76,Outerwear,0.8910891089108911,15,3,3,84,0
u-1032,2025-11-01,303,38,38,0,0,0,0,0,0,2,0,270,370,0,185,Outerwear,0.19801980198019803,0,1,1,0,1
u-1033,2025-11-01,183,0,0,3,3,14,14,4,1,4,1,23,812.48,408.48,203.12,Accessories,0.6557377049180328,10,3,2.25,37,0
u-1034,2025-11-01,73,7,7,2,2,6,6,2,1,1,0,65,102,0,102,T-Shirts,0.4109589041095891,5,1,3,17,0
u-1035,2025-11-01,216,166,166,0,0,0,0,0,0,1,0,213,242,0,242,Accessories,0.1388888888888889,0,3,5,0,1
u-1036,2025-11-01,302,2,2,3,3,11,11,3,2,8,1,26,1505.32,99,188.16,Jackets,0.794701986754967,9,4,2.125,31,0
u-1037,2025-11-01,249,5,5,3,3,7,7,3,1,5,1,24,916.24,224,183.25,Shirts,0.6024096385542168,7,2,2.6,22,1
u-1038,2025-11-01,139,2,2,6,6,25,25,6,4,5,1,12,1703.92,340.4,340.78,Outerwear,1.079136690647482,15,4,2.6,67,0
u-1040,2025-11-01,238,87,87,0,0,0,0,0,0,2,0,187,477.68,0,238.84,Sweaters,0.25210084033613445,0,2,2.5,0,0
u-1041,2025-11-01,72,5,5,2,2,2,2,1,0,1,0,66,102,0,102,T-Shirts,0.4166666666666667,2,1,3,7,0
u-1044,2025-11-01,234,1,1,6,6,24,24,4,4,7,1,17,1468.64,331.2,209.81,Accessories,0.8974358974358975,14,2,2,63,0
u-1045,2025-11-01,218,57,57,0,0,0,0,0,0,4,0,95,531,0,132.75,Shirts,0.5504587155963303,0,2,1.75,0,1
u-1046,2025-11-01,252,109,109,0,0,0,0,0,0,4,0,159,894.04,0,223.51,Accessories,0.47619047619047616,0,4,2.75,0,1
u-1047,2025-11-01,234,16,16,2,2,2,2,0,0,5,0,92,1967.88,0,393.58,Outerwear,0.6410256410256411,1,4,2.8,6,1
u-1048,2025-11-01,4,1,1,2,2,2,1,2,0,1,1,1,279.68,279.68,279.68,Sweaters,1,1,1,3,8,0
u-1049,2025-11-01,95,6,6,3,3,15,15,1,1,4,0,50,1061.8,0,265.45,Outerwear,1.2631578947368423,10,3,1.75,35,0
u-1050,2025-11-01,163,18,17,2,2,7,7,0,0,5,0,60,1256.8,0,251.36,Shoes,0.920245398773006,6,4,2.4,16,0
u-1051,2025-11-01,77,8,8,2,2,6,6,1,0,2,0,30,714.84,0,357.42,Trousers,0.7792207792207791,5,3,4,15,1
u-1052,2025-11-01,120,4,4,4,4,17,17,3,1,3,1,10,682.04,208,227.35,Dresses,0.75,10,3,2.3333333333333335,43,0
u-1053,2025-11-01,45,0,0,3,3,16,16,0,0,1,0,38,88,0,88,Trousers,0.6666666666666666,8,1,1,35,0
u-1054,2025-11-01,225,7,7,3,3,11,11,2,1,5,1,18,1242.04,192,248.41,Trousers,0.6666666666666666,10,3,2.8,29,0
u-1055,2025-11-01,94,7,7,3,3,9,9,4,0,3,2,7,570.24,471.24,190.08,Jackets,0.9574468085106383,8,1,2,27,0
u-1057,2025-11-01,274,6,6,3,3,15,15,2,2,9,1,6,1702.48,84,189.16,Sweaters,0.9854014598540146,9,2,2,38,1
u-1058,2025-11-01,41,3,3,5,5,18,18,4,2,3,2,18,246,204,82,T-Shirts,2.1951219512195124,11,1,2.3333333333333335,49,1
u-1059,2025-11-01,94,2,2,3,3,9,9,3,3,3,1,14,715.48,265.88,238.49,Trousers,0.9574468085106383,7,2,2.6666666666666665,28,1
u-1060,2025-11-01,110,23,23,1,1,1,1,1,0,1,0,108,99,0,99,Jackets,0.27272727272727276,1,1,1,4,1
u-1061,2025-11-01,49,10,10,3,3,16,16,2,0,1,0,46,384.56,0,384.56,Sweaters,0.6122448979591837,10,2,4,37,0
u-1062,2025-11-01,248,144,144,0,0,0,0,0,0,2,0,187,405.76,0,202.88,Dresses,0.24193548387096772,0,2,2,0,1
u-1063,2025-11-01,231,14,14,1,1,1,1,0,0,5,0,94,1808.88,0,361.78,Outerwear,0.6493506493506493,1,2,2.2,3,0
u-1064,2025-11-01,282,108,108,0,0,0,0,0,0,3,0,163,471.24,0,157.08,Jackets,0.3191489361702127,0,1,1.6666666666666667,0,1
u-1065,2025-11-01,179,85,85,0,0,0,0,0,0,1,0,177,313.72,0,313.72,Shirts,0.16759776536312848,0,2,3,0,1
u-1066,2025-11-01,55,9,9,3,3,14,14,3,1,1,0,49,340.4,0,340.4,Outerwear,0.5454545454545455,10,1,2,35,0
u-1067,2025-11-01,92,6,6,4,4,13,13,1,1,3,1,12,1020.36,185,340.12,Outerwear,0.9782608695652173,9,2,2.3333333333333335,33,0
u-1068,2025-11-01,57,5,5,3,3,15,15,3,1,1,0,47,129,0,129,T-Shirts,0.5263157894736842,9,2,2,37,1
u-1070,2025-11-01,258,55,55,0,0,0,0,0,0,4,0,119,854.8,0,213.7,Outerwear,0.46511627906976744,0,3,1.75,0,1
u-1071,2025-11-01,159,3,3,3,3,12,12,0,1,2,0,44,441.92,0,220.96,Trousers,0.37735849056603776,8,2,2,28,0
u-1073,2025-11-01,67,0,0,5,5,15,15,5,1,5,4,7,560,444,112,T-Shirts,2.2388059701492535,10,3,2.4,45,0
u-1074,2025-11-01,150,91,91,0,0,0,0,0,0,1,0,146,178,0,178,T-Shirts,0.2,0,2,3,0,1
u-1076,2025-11-01,151,6,6,2,2,7,7,3,0,4,1,6,753.36,224,188.34,Shoes,0.794701986754967,6,3,1.75,20,1
u-1078,2025-11-01,134,0,0,3,3,10,10,3,0,5,2,0,1214.8,373.52,242.96,Dresses,1.1194029850746268,6,5,2.6,28,0
u-1082,2025-11-01,179,2,2,6,6,24,24,5,0,7,1,2,1572.96,206,224.71,Trousers,1.1731843575418994,14,3,2.5714285714285716,60,0
u-1083,2025-11-01,120,17,17,1,1,1,1,0,0,1,0,110,232,0,232,Accessories,0.25,1,2,4,3,1
u-1085,2025-11-01,137,7,7,3,3,11,11,2,1,5,1,23,1171.08,261.28,234.22,Trousers,1.094890510948905,6,4,2.4,29,0
u-1086,2025-11-01,207,113,113,0,0,0,0,0,0,4,0,113,933.04,0,233.26,Trousers,0.5797101449275363,0,3,2.5,0,1
u-1087,2025-11-01,46,2,2,7,7,25,25,2,3,3,1,11,531.04,76,177.01,Shirts,1.9565217391304346,11,1,2.3333333333333335,63,0
u-1088,2025-11-01,172,10,10,2,2,9,9,4,0,4,2,10,1010.28,433.88,252.57,Trousers,0.6976744186046512,6,3,2.5,26,0
u-1090,2025-11-01,80,26,26,1,1,1,1,0,0,2,0,43,865.8,0,432.9,Outerwear,0.75,1,1,2.5,3,1
u-1091,2025-11-01,155,67,67,0,0,0,0,0,0,3,0,72,416,0,138.67,Accessories,0.5806451612903225,0,2,2,0,1
u-1092,2025-11-01,218,0,0,4,4,8,8,2,0,4,0,84,1469.24,0,367.31,Sweaters,0.5504587155963303,5,3,4,22,0
u-1093,2025-11-01,110,6,6,3,3,8,8,2,1,3,1,19,1716.8,851,572.27,Outerwear,0.8181818181818182,6,1,3.3333333333333335,23,0
u-1094,2025-11-01,221,1,1,7,7,30,30,5,4,8,1,13,1960.76,442.52,245.09,Dresses,1.0859728506787332,15,4,2.375,77,0
u-1095,2025-11-01,43,1,1,3,3,16,16,3,1,2,1,1,467.92,253.92,233.96,Shirts,1.3953488372093024,10,1,3,40,0
u-1096,2025-11-01,69,10,10,2,2,12,12,1,0,1,0,65,185,0,185,Outerwear,0.4347826086956522,8,1,1,27,0
u-1097,2025-11-01,15,1,1,3,3,8,7,3,1,1,1,7,198,198,198,Jackets,1,6,1,2,23,0
u-1099,2025-11-01,184,27,27,1,1,1,0,0,0,2,0,132,526.48,0,263.24,Trousers,0.32608695652173914,0,3,2.5,2,1
u-1100,2025-11-01,293,101,101,0,0,0,0,0,0,3,0,222,360,0,120,Dresses,0.3071672354948805,0,3,1.3333333333333333,0,1
u-0001,2025-12-01,106,6,6,3,3,10,10,1,1,2,0,37,306,0,153,Sweaters,0.5660377358490566,8,2,1.5,25,0
u-0003,2025-12-01,174,1,1,1,1,1,1,0,0,3,0,77,615.04,0,205.01,Dresses,0.5172413793103449,1,2,2,3,0
u-0004,2025-12-01,140,1,1,5,5,22,22,3,2,5,1,14,950.28,254.84,190.06,Dresses,1.0714285714285714,11,5,2.2,55,0
u-0005,2025-12-01,54,1,0,4,4,15,15,4,1,1,0,40,185,0,185,Outerwear,0.5555555555555556,10,1,1,39,0
u-0006,2025-12-01,17,4,4,3,3,7,6,3,1,1,1,14,441.6,441.6,441.6,Accessories,1,4,1,4,21,0
u-0007,2025-12-01,186,7,7,2,2,12,12,2,1,4,1,20,399,112,99.75,T-Shirts,0.6451612903225806,9,4,1.75,30,0
u-0009,2025-12-01,120,2,2,5,5,21,21,5,2,5,1,13,1238.48,96,247.7,Shirts,1.25,11,4,2.4,55,0
u-0010,2025-12-01,232,0,0,1,1,1,1,1,0,4,0,44,1518,0,379.5,Outerwear,0.5172413793103449,1,5,3,4,1
u-0011,2025-12-01,313,2,2,4,4,16,16,6,2,4,2,11,1000.88,522.16,250.22,Sweaters,0.38338658146964855,9,4,2.5,46,0
u-0012,2025-12-01,263,8,8,2,2,7,7,1,1,5,0,68,1230.88,0,246.18,Shoes,0.5703422053231939,6,1,2.2,18,0
u-0013,2025-12-01,316,181,181,0,0,0,0,0,0,3,0,218,1206.2,0,402.07,Outerwear,0.2848101265822785,0,1,2.3333333333333335,0,1
u-0014,2025-12-01,258,111,111,0,0,0,0,0,0,1,0,252,246,0,246,Jackets,0.11627906976744186,0,2,3,0,1
u-0015,2025-12-01,10,0,0,2,2,2,1,2,0,1,1,0,168,168,168,Sweaters,1,1,1,2,8,0
u-0016,2025-12-01,299,71,71,0,0,0,0,0,0,4,0,80,646.32,0,161.58,Jackets,0.4013377926421405,0,2,1.75,0,1
u-0017,2025-12-01,76,4,4,2,2,2,2,1,0,1,0,68,293.48,0,293.48,Shoes,0.39473684210526316,1,2,3,7,1
u-0018,2025-12-01,101,1,1,3,3,13,13,2,2,4,2,1,556,198,139,Jackets,1.188118811881188,8,2,1.5,35,1
u-0020,2025-12-01,279,54,54,0,0,0,0,0,0,4,0,198,1008.48,0,252.12,Jackets,0.4301075268817204,0,4,2.5,0,0
u-0022,2025-12-01,179,32,32,0,0,0,0,0,0,2,0,76,214,0,107,Dresses,0.33519553072625696,0,2,1,0,1
u-0023,2025-12-01,159,4,4,6,6,22,22,4,3,5,1,8,2233.76,540.96,446.75,Shoes,0.9433962264150944,12,3,4,58,0
u-0024,2025-12-01,123,10,10,3,3,15,15,3,0,4,1,28,1075.6,380.88,268.9,Dresses,0.9756097560975611,9,3,2.75,37,0
u-0025,2025-12-01,198,8,8,3,3,12,12,0,2,4,0,77,965.84,0,241.46,Jackets,0.6060606060606061,10,3,2.5,29,0
u-0026,2025-12-01,318,2,2,6,6,25,25,6,3,10,1,8,2124.72,250.24,212.47,Trousers,0.9433962264150944,13,5,2.4,66,0
u-0027,2025-12-01,53,1,1,4,4,10,10,3,1,1,0,51,180,0,180,T-Shirts,0.5660377358490566,6,2,3,28,0
u-0028,2025-12-01,324,287,287,0,0,0,0,0,0,2,0,287,444.96,0,222.48,T-Shirts,0.18518518518518517,0,2,2.5,0,1
u-0029,2025-12-01,21,10,10,2,2,2,1,2,0,1,1,10,146,146,146,Shirts,1,1,1,2,8,0
u-0031,2025-12-01,252,5,5,3,3,10,10,4,1,7,2,5,3295.52,939.32,470.79,Outerwear,0.8333333333333333,7,3,2.857142857142857,30,0
u-0032,2025-12-01,265,6,5,2,2,7,7,0,1,2,0,73,252,0,126,Shoes,0.22641509433962262,6,1,1,17,0
u-0033,2025-12-01,229,1,1,5,5,22,22,2,1,5,1,15,1104.44,347.76,220.89,Sweaters,0.6550218340611353,11,4,2.4,53,0
u-0034,2025-12-01,279,2,2,1,1,1,0,0,0,2,0,231,370,0,185,Accessories,0.2150537634408602,0,3,1.5,2,0
u-0035,2025-12-01,323,14,14,4,4,12,12,3,2,8,1,26,2208.44,231.84,276.06,Sweaters,0.7430340557275541,8,3,3,34,0
u-0036,2025-12-01,217,6,6,2,2,12,12,1,0,3,0,46,434,0,144.67,Shoes,0.4147465437788018,8,2,1.3333333333333333,27,0
u-0037,2025-12-01,157,10,10,2,2,5,5,1,1,4,1,10,1050.88,184,262.72,Trousers,0.7643312101910827,5,1,3,15,1
u-0038,2025-12-01,112,32,32,0,0,0,0,0,0,1,0,103,439.76,0,439.76,Jackets,0.26785714285714285,0,2,4,0,0
u-0039,2025-12-01,143,5,5,2,2,9,9,1,1,3,0,30,941.44,0,313.81,Shoes,0.6293706293706294,6,2,2.6666666666666665,22,0
u-0040,2025-12-01,214,78,78,0,0,0,0,0,0,3,0,142,500,0,166.67,Accessories,0.4205607476635514,0,2,2.3333333333333335,0,0
u-0041,2025-12-01,223,6,6,3,3,11,11,4,0,6,1,20,2258.36,680.8,376.39,Outerwear,0.8071748878923767,7,5,2.6666666666666665,30,0
u-0043,2025-12-01,57,2,2,6,6,23,23,3,3,3,2,15,649.48,465.48,216.49,Shirts,1.5789473684210527,12,3,2.3333333333333335,60,0
u-0044,2025-12-01,79,4,4,2,2,9,9,3,1,3,1,4,694.52,192,231.51,Trousers,1.139240506329114,8,4,2.3333333333333335,25,1
u-0045,2025-12-01,196,2,2,7,7,30,30,5,3,9,0,40,1891.6,0,210.18,Accessories,1.3775510204081634,15,4,2.2222222222222223,75,0
u-0046,2025-12-01,70,5,5,5,5,21,21,6,2,2,1,5,368.32,272.32,184.16,Dresses,0.8571428571428571,13,2,2,56,0
u-0049,2025-12-01,276,23,23,1,1,1,1,0,0,4,0,128,719.52,0,179.88,Shoes,0.4347826086956522,1,3,2,3,1
u-0050,2025-12-01,253,0,0,4,4,14,14,3,2,3,1,23,570,322,190,Accessories,0.3557312252964427,9,2,2.6666666666666665,38,0
u-0051,2025-12-01,33,3,3,3,3,6,5,4,1,2,2,15,216,216,108,Dresses,1.8181818181818181,4,2,1,21,1
u-0053,2025-12-01,91,3,3,5,5,22,22,4,1,3,1,3,632.08,298.08,210.69,Shirts,0.989010989010989,13,3,2.3333333333333335,55,0
u-0054,2025-12-01,89,1,1,6,6,29,29,4,0,4,2,12,322,178,80.5,T-Shirts,1.348314606741573,13,1,2.25,70,0
u-0055,2025-12-01,157,55,55,0,0,0,0,0,0,2,0,121,396,0,198,Jackets,0.38216560509554137,0,1,2,0,1
u-0056,2025-12-01,185,6,6,3,3,10,10,3,0,7,1,13,847,95,121,T-Shirts,1.135135135135135,7,5,1.8571428571428572,27,0
u-0057,2025-12-01,114,9,9,2,2,11,11,2,2,2,0,49,279.36,0,139.68,T-Shirts,0.5263157894736842,9,2,2.5,28,0
u-0058,2025-12-01,212,0,0,5,5,19,19,2,5,5,0,63,1390.24,0,278.05,Shoes,0.7075471698113208,11,2,2.6,50,0
u-0060,2025-12-01,120,2,2,4,4,13,13,4,1,3,1,16,376,102,125.33,T-Shirts,0.75,9,3,2.6666666666666665,36,1
u-0061,2025-12-01,119,6,6,1,1,1,1,0,0,1,0,110,56,0,56,Accessories,0.25210084033613445,1,1,1,3,1
u-0062,2025-12-01,303,16,16,2,2,3,3,1,0,5,0,49,784,0,156.8,Accessories,0.49504950495049505,3,2,1.8,9,0
u-0063,2025-12-01,42,1,1,4,4,15,15,2,2,1,0,34,264.96,0,264.96,Shirts,0.7142857142857143,10,2,3,38,0
u-0064,2025-12-01,75,21,21,1,1,1,1,0,0,1,0,70,99,0,99,Jackets,0.4,1,1,1,3,1
u-0065,2025-12-01,7,4,4,2,2,2,1,2,0,1,1,4,140,140,140,Shoes,1,1,1,1,8,0
u-0066,2025-12-01,184,5,5,3,3,12,12,2,1,3,1,5,373.28,56,124.43,Accessories,0.48913043478260865,9,2,2,31,1
u-0067,2025-12-01,182,5,5,4,4,15,15,3,0,5,0,37,802.4,0,160.48,Trousers,0.8241758241758242,8,3,1.8,37,1
u-0068,2025-12-01,297,222,222,0,0,0,0,0,0,1,0,291,99,0,99,Jackets,0.10101010101010101,0,1,1,0,1
u-0069,2025-12-01,14,1,1,3,3,3,2,3,0,1,1,11,294.4,294.4,294.4,Shoes,1,2,2,3,12,1
u-0070,2025-12-01,50,1,1,3,3,6,6,1,0,1,0,43,170,0,170,Shirts,0.6,5,1,2,16,0
u-0071,2025-12-01,32,3,3,3,3,11,10,3,0,1,1,29,185,185,185,Outerwear,0.9375,7,1,1,28,0
u-0072,2025-12-01,333,305,305,0,0,0,0,0,0,1,0,326,276,0,276,Shoes,0.0900900900900901,0,2,3,0,1
u-0073,2025-12-01,145,2,2,5,5,20,20,5,2,3,1,2,366,188,122,T-Shirts,0.6206896551724138,13,4,2,53,0
u-0074,2025-12-01,143,62,62,0,0,0,0,0,0,2,0,124,475.52,0,237.76,Accessories,0.4195804195804196,0,2,2.5,0,0
u-0075,2025-12-01,264,6,6,3,3,11,11,1,1,4,0,31,811.12,0,202.78,Shoes,0.45454545454545453,9,4,1.75,27,0
u-0076,2025-12-01,222,0,0,10,10,42,42,8,1,9,2,0,1422.24,300,158.03,T-Shirts,1.2162162162162162,16,5,3.111111111111111,105,0
u-0077,2025-12-01,221,80,80,0,0,0,0,0,0,4,0,89,1208.16,0,302.04,Accessories,0.5429864253393666,0,3,3.5,0,0
u-0078,2025-12-01,165,4,4,3,3,12,12,3,0,3,1,4,254,76,84.67,T-Shirts,0.5454545454545454,10,1,2.3333333333333335,31,0
u-0079,2025-12-01,23,10,10,3,4,5,4,2,0,1,1,20,240,240,240,Accessories,1,4,1,2,15,0
u-0080,2025-12-01,331,0,0,6,6,23,23,4,2,7,1,11,1633.44,263.12,233.35,Dresses,0.6344410876132931,12,4,2.4285714285714284,59,0
u-0081,2025-12-01,83,0,0,8,8,42,42,5,4,3,0,31,1449,0,483,Outerwear,1.0843373493975903,16,2,3,101,0
u-0082,2025-12-01,302,143,143,0,0,0,0,0,0,2,0,261,349.36,0,174.68,Shoes,0.19867549668874174,0,2,2,0,1
u-0083,2025-12-01,70,5,5,2,2,2,2,2,0,1,0,67,299.92,0,299.92,Shirts,0.42857142857142855,2,1,4,8,1
u-0084,2025-12-01,195,55,55,0,0,0,0,0,0,2,0,74,294,0,147,Shirts,0.3076923076923077,0,2,1.5,0,1
u-0085,2025-12-01,285,4,4,2,2,8,8,1,2,8,1,4,1441.64,241.04,180.21,Shirts,0.8421052631578947,7,4,2.25,22,0
u-0086,2025-12-01,22,1,1,4,4,8,7,2,0,1,1,12,156,156,156,Shirts,1,5,1,2,22,0
u-0087,2025-12-01,100,1,1,7,7,22,22,7,3,3,1,16,931.04,494.04,310.35,Jackets,0.8999999999999999,12,4,2.6666666666666665,62,0
u-0088,2025-12-01,90,0,0,4,4,16,16,2,2,2,1,22,297,99,148.5,Jackets,0.6666666666666666,10,1,1.5,41,0
u-0089,2025-12-01,109,10,10,2,2,10,10,1,1,3,1,18,701.4,340.4,233.8,Outerwear,0.8256880733944955,8,2,1.6666666666666667,25,0
u-0090,2025-12-01,202,3,3,3,3,16,16,4,1,5,2,3,1416.96,564.96,283.39,Dresses,0.7425742574257426,10,5,2.8,42,0
u-0091,2025-12-01,200,0,0,6,6,20,20,3,2,7,1,9,920,156,131.43,Shirts,1.05,10,2,1.7142857142857142,52,0
u-0093,2025-12-01,269,4,4,4,4,17,17,3,1,8,1,22,1023,207,127.88,T-Shirts,0.8921933085501859,11,4,2.25,43,0
u-0094,2025-12-01,228,1,1,8,8,35,35,8,3,9,3,5,2735.6,883.2,303.96,Sweaters,1.1842105263157896,14,5,3.6666666666666665,92,0
u-0096,2025-12-01,150,0,0,8,8,35,35,7,1,5,1,0,844,185,168.8,Outerwear,1,14,3,1.2,87,0
u-0097,2025-12-01,86,5,5,3,3,7,7,2,2,4,1,5,841.32,265.88,210.33,Sweaters,1.3953488372093024,5,2,2.25,22,0
u-0098,2025-12-01,91,2,2,6,6,22,22,4,1,3,2,2,804.64,580.64,268.21,Shoes,0.989010989010989,11,2,2.3333333333333335,57,0
u-0099,2025-12-01,18,8,8,2,2,2,1,2,0,1,1,8,76,76,76,T-Shirts,1,1,1,2,8,0
u-0100,2025-12-01,29,4,4,4,4,12,11,3,0,1,1,20,192,192,192,Dresses,1,8,2,2,31,0
u-0102,2025-12-01,196,163,163,0,0,0,0,0,0,1,0,194,241.04,0,241.04,Sweaters,0.15306122448979592,0,2,3,0,1
u-0103,2025-12-01,170,15,15,1,1,1,1,0,0,6,0,43,1077.92,0,179.65,Sweaters,1.0588235294117647,1,3,2,3,0
u-0104,2025-12-01,64,1,1,7,7,29,29,6,3,3,2,1,490,344,163.33,T-Shirts,1.40625,13,4,3.3333333333333335,76,0
u-0105,2025-12-01,289,4,4,1,1,3,3,2,0,6,1,4,1682.2,478.4,280.37,Dresses,0.6228373702422145,3,3,2.8333333333333335,10,0
u-0106,2025-12-01,128,45,45,0,0,0,0,0,0,2,0,99,408,0,204,Accessories,0.46875,0,1,3.5,0,1
u-0107,2025-12-01,202,15,15,2,2,3,3,1,1,4,0,30,946.56,0,236.64,Dresses,0.594059405940594,3,4,2.5,10,0
u-0108,2025-12-01,245,1,1,7,7,35,35,6,3,13,3,10,3097.76,936.68,238.29,Sweaters,1.5918367346938778,15,7,2.5384615384615383,89,0
u-0109,2025-12-01,269,84,84,0,0,0,0,0,0,1,0,265,386.4,0,386.4,Shoes,0.11152416356877323,0,1,3,0,0
u-0110,2025-12-01,191,1,1,7,7,27,27,4,2,8,3,21,1497.8,458,187.22,Shirts,1.256544502617801,12,5,2,70,0
u-0111,2025-12-01,214,4,4,2,2,2,2,1,0,4,0,37,932.08,0,233.02,Accessories,0.5607476635514018,2,3,2.75,7,1
u-0112,2025-12-01,255,4,4,7,7,28,28,6,1,10,2,9,2146.44,441.44,214.64,Shirts,1.1764705882352942,13,5,2.7,72,0
u-0113,2025-12-01,127,3,3,4,4,14,14,1,4,3,1,3,710.4,185,236.8,Outerwear,0.7086614173228346,10,1,1.3333333333333333,38,0
u-0115,2025-12-01,330,5,5,4,4,11,11,3,2,9,1,5,1652.72,84,183.64,Jackets,0.8181818181818182,9,6,2,32,0
u-0116,2025-12-01,287,123,123,0,0,0,0,0,0,3,0,138,545,0,181.67,Trousers,0.31358885017421606,0,3,1.6666666666666667,0,1
u-0118,2025-12-01,178,0,0,4,4,15,15,3,1,3,1,29,600,208,200,Dresses,0.5056179775280899,10,2,2,39,0
u-0119,2025-12-01,202,95,95,0,0,0,0,0,0,2,0,144,1021.2,0,510.6,Outerwear,0.297029702970297,0,1,3,0,1
u-0120,2025-12-01,276,3,3,2,2,2,2,1,0,6,0,95,2257,0,376.17,Outerwear,0.6521739130434783,2,1,2.1666666666666665,7,0
u-0121,2025-12-01,39,6,6,3,3,9,8,3,0,1,1,29,283.36,283.36,283.36,Jackets,0.7692307692307692,6,2,3,24,0
u-0122,2025-12-01,305,167,167,0,0,0,0,0,0,5,0,236,914.8,0,182.96,Shirts,0.49180327868852464,0,3,2.2,0,1
u-0123,2025-12-01,303,55,55,0,0,0,0,0,0,4,0,231,1260.64,0,315.16,Outerwear,0.39603960396039606,0,3,2,0,1
u-0124,2025-12-01,280,2,2,4,4,10,10,2,1,10,1,2,2216.84,96,221.68,Trousers,1.0714285714285714,6,5,2.7,28,0
u-0125,2025-12-01,125,9,9,6,6,24,24,2,2,3,1,27,470,198,156.67,Trousers,0.72,13,2,1.6666666666666667,59,1
u-0126,2025-12-01,164,2,2,3,3,3,3,0,0,4,0,68,624.68,0,156.17,Trousers,0.7317073170731707,2,3,1.5,9,0
u-0127,2025-12-01,123,2,2,3,3,10,10,1,1,2,1,28,671.68,486.68,335.84,Outerwear,0.48780487804878053,8,3,2.5,26,0
u-0128,2025-12-01,114,2,2,3,3,15,15,0,2,2,0,43,528.16,0,264.08,Dresses,0.5263157894736842,10,2,2.5,35,0
u-0129,2025-12-01,243,177,177,0,0,0,0,0,0,1,0,233,176,0,176,Trousers,0.1234567901234568,0,1,2,0,1
u-0130,2025-12-01,141,3,3,5,5,18,18,3,3,5,1,7,1110.08,287.04,222.02,Dresses,1.0638297872340425,12,4,2.4,48,0
u-0131,2025-12-01,309,5,5,3,3,13,13,2,2,4,1,26,536.76,133,134.19,T-Shirts,0.3883495145631068,9,4,2,34,0
u-0132,2025-12-01,235,9,9,2,2,4,4,2,0,5,0,68,829.48,0,165.9,T-Shirts,0.6382978723404256,4,5,2.8,12,0
u-0133,2025-12-01,129,17,17,2,2,11,11,2,0,3,1,17,867.32,112,289.11,Outerwear,0.6976744186046512,9,4,2.3333333333333335,27,1
u-0135,2025-12-01,21,1,1,3,3,5,4,3,0,1,1,10,112,112,112,Shoes,1,3,1,1,16,1
u-0136,2025-12-01,137,1,1,5,5,14,14,3,2,4,1,6,790.4,286.12,197.6,Trousers,0.8759124087591241,9,4,2.5,39,0
u-0138,2025-12-01,184,2,2,6,6,25,25,2,1,6,0,34,1320.2,0,220.03,Jackets,0.9782608695652173,12,5,2.3333333333333335,59,0
u-0139,2025-12-01,208,8,8,3,3,8,8,1,2,3,0,39,622.56,0,207.52,Sweaters,0.43269230769230765,6,3,2,22,1
u-0140,2025-12-01,111,103,103,0,0,0,0,0,0,1,0,103,168,0,168,Sweaters,0.27027027027027023,0,1,2,0,1
u-0141,2025-12-01,265,8,8,1,1,3,3,1,0,4,1,8,1071.04,248,267.76,Shirts,0.45283018867924524,3,2,3.25,9,0
u-0143,2025-12-01,235,6,6,7,7,28,28,4,0,8,0,31,1560.64,0,195.08,Trousers,1.021276595744681,12,6,2.25,67,1
u-0144,2025-12-01,334,0,0,4,4,20,20,2,1,7,0,40,1235.04,0,176.43,T-Shirts,0.62874251497006,12,6,2.5714285714285716,47,1
u-0147,2025-12-01,118,2,2,4,4,20,20,1,3,3,0,51,348,0,116,Sweaters,0.7627118644067797,13,2,1.6666666666666667,48,0
u-0148,2025-12-01,181,74,74,0,0,0,0,0,0,4,0,120,1406.68,0,351.67,Shoes,0.6629834254143646,0,2,3,0,1
u-0149,2025-12-01,333,5,5,4,4,16,16,1,1,7,0,55,1784.32,0,254.9,Accessories,0.6306306306306306,9,5,2.857142857142857,38,0
u-0150,2025-12-01,173,3,3,4,4,15,15,1,1,4,0,41,712,0,178,Sweaters,0.6936416184971098,10,3,1.75,36,0
u-0151,2025-12-01,75,2,2,4,4,18,18,1,2,2,0,46,380,0,190,Shoes,0.8,12,3,2,43,0
u-0152,2025-12-01,73,0,0,3,3,8,8,4,0,3,2,0,819.72,546.48,273.24,Jackets,1.2328767123287672,5,1,3,25,0
u-0153,2025-12-01,263,3,3,5,5,23,23,4,1,6,1,29,901.28,102,150.21,T-Shirts,0.6844106463878327,13,5,2.3333333333333335,57,0
u-0154,2025-12-01,329,60,60,0,0,0,0,0,0,4,0,68,813,0,203.25,Sweaters,0.364741641337386,0,3,2.25,0,1
u-0156,2025-12-01,84,6,6,4,4,21,21,6,2,5,2,6,1104.4,372.88,220.88,Sweaters,1.7857142857142858,12,2,2.4,56,1
u-0157,2025-12-01,248,161,161,0,0,0,0,0,0,2,0,180,272,0,136,Trousers,0.24193548387096772,0,1,1.5,0,0
u-0158,2025-12-01,199,0,0,3,3,9,9,2,0,5,0,74,951.44,0,190.29,Dresses,0.7537688442211055,8,4,2.2,23,1
u-0159,2025-12-01,17,6,6,3,3,5,4,3,1,1,1,13,185,185,185,Outerwear,1,4,1,1,17,0
u-0160,2025-12-01,162,2,2,5,5,19,19,5,2,6,1,14,2186.56,340.4,364.43,Outerwear,1.111111111111111,10,4,2.3333333333333335,51,0
u-0161,2025-12-01,170,1,1,6,6,20,20,6,3,5,2,19,1007.6,497.6,201.52,Accessories,0.8823529411764706,13,2,2.4,57,0
u-0163,2025-12-01,29,5,5,4,5,11,10,2,1,1,1,24,210,210,210,Trousers,1,7,2,3,29,0
u-0164,2025-12-01,129,0,0,5,5,23,23,4,2,4,1,10,1150.4,287.04,287.6,Jackets,0.9302325581395349,10,5,3.25,58,0
u-0165,2025-12-01,282,4,4,10,10,42,42,6,2,8,1,9,1652.88,310.96,206.61,Jackets,0.851063829787234,16,5,2.25,103,0
u-0166,2025-12-01,95,3,3,4,4,20,20,3,2,2,1,18,517.96,244.72,258.98,Jackets,0.6315789473684211,13,2,3,50,0
u-0167,2025-12-01,170,6,6,3,3,14,14,2,0,4,1,6,930.56,314.64,232.64,Trousers,0.7058823529411764,11,3,2.75,34,0
u-0169,2025-12-01,185,1,1,3,3,17,17,3,2,2,0,42,442.72,0,221.36,Jackets,0.3243243243243243,9,2,2.5,42,1
u-0170,2025-12-01,187,1,1,6,6,22,22,6,5,7,1,11,1242.48,305.44,177.5,Trousers,1.1229946524064172,12,3,2.142857142857143,62,0
u-0172,2025-12-01,111,16,16,1,1,1,1,0,0,1,0,101,185,0,185,Outerwear,0.27027027027027023,1,1,1,3,0
u-0173,2025-12-01,95,4,4,6,6,26,26,1,3,2,0,57,515.2,0,257.6,Shoes,0.6315789473684211,13,1,2,62,1
u-0174,2025-12-01,169,6,6,3,3,10,10,1,0,3,0,97,394,0,131.33,Shirts,0.5325443786982248,6,1,1.6666666666666667,24,0
u-0175,2025-12-01,17,1,1,4,4,8,7,4,0,1,1,8,88,88,88,Trousers,1,7,1,1,24,0
u-0178,2025-12-01,274,118,118,0,0,0,0,0,0,3,0,163,1456.36,0,485.45,Outerwear,0.3284671532846716,0,3,3.3333333333333335,0,1
u-0179,2025-12-01,116,16,16,1,1,1,1,0,0,2,0,110,370,0,185,Outerwear,0.5172413793103449,1,1,1,3,1
u-0180,2025-12-01,44,2,2,4,4,13,13,2,2,2,1,16,152,76,76,T-Shirts,1.3636363636363638,10,1,2,35,0
u-0181,2025-12-01,53,5,5,2,2,12,12,2,0,2,1,5,581.44,239.2,290.72,Sweaters,1.1320754716981132,8,3,3.5,29,0
u-0182,2025-12-01,218,158,158,0,0,0,0,0,0,1,0,209,96,0,96,Accessories,0.13761467889908258,0,1,2,0,1
u-0183,2025-12-01,71,1,1,4,4,13,13,3,1,1,0,68,183,0,183,Trousers,0.4225352112676056,9,1,2,34,0
u-0184,2025-12-01,56,4,4,2,2,4,4,2,1,1,0,48,42,0,42,T-Shirts,0.5357142857142857,4,1,1,13,0
u-0186,2025-12-01,90,2,2,6,6,21,21,5,2,3,1,27,418,120,139.33,Accessories,1,12,3,1.3333333333333333,56,0
u-0187,2025-12-01,8,4,4,2,2,2,1,2,0,1,1,4,198,198,198,Jackets,1,1,1,2,8,0
u-0189,2025-12-01,219,2,2,3,3,8,8,4,0,6,1,27,1641.84,184,273.64,Trousers,0.8219178082191781,7,3,3,24,0
u-0190,2025-12-01,284,213,213,0,0,0,0,0,0,1,0,275,242.88,0,242.88,Accessories,0.1056338028169014,0,1,4,0,1
u-0191,2025-12-01,73,11,11,1,1,1,1,0,0,1,0,71,110,0,110,Sweaters,0.4109589041095891,1,1,1,3,1
u-0192,2025-12-01,255,4,4,3,3,14,14,1,3,2,0,46,359,0,179.5,Trousers,0.23529411764705882,9,1,2,35,0
u-0193,2025-12-01,20,4,4,6,6,22,21,3,3,1,1,18,140,140,140,Shoes,1,12,1,1,56,0
u-0194,2025-12-01,91,13,13,2,2,2,2,0,0,1,0,89,42,0,42,T-Shirts,0.32967032967032966,2,1,1,6,1
u-0195,2025-12-01,42,25,25,1,1,1,1,0,0,1,0,35,268.64,0,268.64,Shirts,0.7142857142857143,1,1,4,3,1
u-0197,2025-12-01,228,15,15,1,1,1,1,1,0,1,0,219,301.76,0,301.76,Shoes,0.13157894736842105,1,2,3,4,1
u-0198,2025-12-01,156,46,46,0,0,0,0,0,0,2,0,144,445,0,222.5,Trousers,0.3846153846153846,0,2,2.5,0,1
u-0199,2025-12-01,111,2,2,7,7,29,29,3,5,4,1,2,1144.12,262.2,286.03,Trousers,1.081081081081081,13,1,3.25,74,0
u-0201,2025-12-01,32,0,0,7,7,31,30,5,2,1,1,29,78,78,78,Shirts,0.9375,11,1,1,76,0
u-0202,2025-12-01,48,3,3,5,5,22,22,4,1,2,1,12,300,224,150,Shoes,1.25,12,2,1.5,55,0
u-0203,2025-12-01,77,26,26,1,1,1,1,0,0,2,0,54,317.68,0,158.84,Sweaters,0.7792207792207791,1,2,2,3,0
u-0204,2025-12-01,321,0,0,9,9,29,29,7,2,14,1,2,1852,150,132.29,T-Shirts,1.3084112149532712,12,6,2.7857142857142856,77,0
u-0206,2025-12-01,256,23,23,1,1,1,1,0,0,3,0,86,603.24,0,201.08,Jackets,0.3515625,1,3,2.3333333333333335,3,0
u-0207,2025-12-01,318,2,2,5,5,21,21,3,2,8,1,20,1650.16,307.28,206.27,Accessories,0.7547169811320755,14,5,2.375,53,0
u-0208,2025-12-01,69,1,1,9,9,41,41,3,1,3,1,17,745.84,323.84,248.61,Dresses,1.3043478260869565,16,6,3,96,0
u-0209,2025-12-01,261,6,6,5,5,19,19,5,2,8,1,29,1255.08,99,156.88,Jackets,0.9195402298850576,12,3,1.75,51,0
u-0211,2025-12-01,297,9,9,2,2,8,8,2,0,7,1,19,2635.12,185,376.45,Outerwear,0.7070707070707071,6,4,2.4285714285714284,21,0
u-0212,2025-12-01,35,5,5,2,2,4,4,0,0,1,0,32,285.2,0,285.2,Shirts,0.8571428571428571,4,2,4,10,1
u-0213,2025-12-01,173,1,1,3,3,16,16,1,1,5,1,14,1220.28,194,244.06,Trousers,0.8670520231213873,8,5,2.6,38,0
u-0215,2025-12-01,53,2,1,7,8,38,38,6,3,3,1,2,514.6,280.6,171.53,Shirts,1.6981132075471699,16,3,1.6666666666666667,94,0
u-0216,2025-12-01,253,1,1,4,4,18,18,4,2,8,2,11,1896.12,460,237.01,Shirts,0.9486166007905138,10,5,2.75,48,0
u-0217,2025-12-01,170,31,31,0,0,0,0,0,0,1,0,161,42,0,42,T-Shirts,0.1764705882352941,0,1,1,0,1
u-0218,2025-12-01,188,2,2,9,9,35,35,4,2,5,1,26,1067.88,263.12,213.58,Trousers,0.7978723404255319,14,3,2.4,86,0
u-0219,2025-12-01,177,1,1,3,3,13,13,3,0,4,1,26,530,140,132.5,Dresses,0.6779661016949152,10,3,1.25,33,0
u-0220,2025-12-01,49,5,5,3,3,12,12,4,0,2,1,5,607.92,78,303.96,Shirts,1.2244897959183674,8,2,3,32,0
u-0221,2025-12-01,163,2,2,4,4,18,18,3,1,4,1,12,1117.76,273.24,279.44,Jackets,0.7361963190184049,11,3,3,45,0
u-0222,2025-12-01,157,4,4,8,8,27,27,9,4,6,3,8,1706.4,727.36,284.4,Shoes,1.1464968152866242,12,3,2.8333333333333335,78,0
u-0224,2025-12-01,126,4,4,3,3,13,13,3,2,3,1,27,800.48,208,266.83,Shoes,0.7142857142857143,9,2,2.3333333333333335,35,0
u-0225,2025-12-01,282,68,68,0,0,0,0,0,0,3,0,167,689.76,0,229.92,Trousers,0.3191489361702127,0,3,2.3333333333333335,0,0
u-0226,2025-12-01,186,55,55,0,0,0,0,0,0,2,0,139,1164.72,0,582.36,Outerwear,0.3225806451612903,0,2,4,0,1
u-0227,2025-12-01,263,139,139,0,0,0,0,0,0,1,0,259,110,0,110,Sweaters,0.11406844106463877,0,1,1,0,1
u-0228,2025-12-01,69,7,7,5,5,21,21,1,1,2,0,55,313.36,0,156.68,Shirts,0.8695652173913044,9,4,2,49,0
u-0229,2025-12-01,325,206,206,0,0,0,0,0,0,2,0,280,454.32,0,227.16,Shirts,0.1846153846153846,0,2,3,0,1
u-0230,2025-12-01,180,5,5,4,4,11,11,1,1,6,0,35,1747.24,0,291.21,Outerwear,1,6,3,1.8333333333333333,28,0
u-0231,2025-12-01,200,4,3,5,5,21,21,3,2,7,0,32,1023.32,0,146.19,T-Shirts,1.05,13,5,2.857142857142857,52,0
u-0232,2025-12-01,256,2,2,6,6,26,26,4,0,11,1,7,2144.56,168,194.96,Sweaters,1.2890625,16,6,2.090909090909091,63,1
u-0233,2025-12-01,112,0,0,3,3,10,10,3,1,2,0,30,693.68,0,346.84,Outerwear,0.5357142857142857,7,3,2.5,27,0
u-0235,2025-12-01,126,14,14,2,2,2,2,0,0,3,0,97,950.44,0,316.81,Outerwear,0.7142857142857143,2,2,2,6,1
u-0236,2025-12-01,195,2,2,8,8,36,36,5,1,8,1,4,2548.96,235.52,318.62,Shoes,1.2307692307692308,12,6,2.875,87,1
u-0237,2025-12-01,56,16,16,2,2,3,3,0,0,1,0,46,261.28,0,261.28,Jackets,0.5357142857142857,3,2,2,8,1
u-0238,2025-12-01,230,0,0,6,6,23,23,5,0,5,0,77,865.88,0,173.18,Accessories,0.6521739130434783,12,3,1.8,57,0
u-0239,2025-12-01,168,5,5,4,4,18,18,3,0,5,1,28,757.76,255.76,151.55,Sweaters,0.8928571428571429,10,2,1.8,44,0
u-0240,2025-12-01,231,1,1,6,6,27,27,6,2,12,3,6,3073.28,680.68,256.11,Dresses,1.5584415584415585,12,7,2.6666666666666665,71,0
u-0241,2025-12-01,213,5,5,1,1,1,1,0,0,4,0,72,431,0,107.75,T-Shirts,0.5633802816901409,1,4,1.75,3,1
u-0243,2025-12-01,334,9,9,3,3,10,10,1,1,5,0,39,817.12,0,163.42,Dresses,0.44910179640718567,6,3,1.8,25,0
u-0244,2025-12-01,174,56,56,0,0,0,0,0,0,1,0,167,84,0,84,Sweaters,0.1724137931034483,0,1,1,0,1
u-0245,2025-12-01,274,1,1,4,4,21,21,6,1,8,2,11,2414.8,416,301.85,Dresses,0.8759124087591241,12,5,3.25,55,1
u-0246,2025-12-01,278,66,66,0,0,0,0,0,0,2,0,237,186,0,93,Accessories,0.2158273381294964,0,2,2,0,0
u-0247,2025-12-01,215,4,4,3,3,15,15,2,0,2,1,26,280,192,140,Trousers,0.27906976744186046,8,1,1.5,36,0
u-0248,2025-12-01,165,8,8,3,3,13,13,2,2,2,0,87,485.84,0,242.92,Dresses,0.36363636363636365,8,2,2.5,33,0
u-0249,2025-12-01,250,88,88,0,0,0,0,0,0,6,0,107,3017.68,0,502.95,Outerwear,0.72,0,4,3.3333333333333335,0,1
u-0250,2025-12-01,255,0,0,8,8,30,30,7,3,11,1,24,3046.08,231.84,276.92,Shoes,1.2941176470588236,14,6,2.5454545454545454,79,1
u-0252,2025-12-01,247,9,9,2,2,11,11,1,1,5,0,36,1125.92,0,225.18,Dresses,0.6072874493927126,10,4,2.2,26,0
u-0253,2025-12-01,146,9,9,3,3,5,5,0,2,3,0,36,314,0,104.67,Accessories,0.6164383561643836,4,3,1.3333333333333333,15,1
u-0254,2025-12-01,220,3,3,4,4,12,12,6,0,6,2,9,1499.04,706.56,249.84,Shoes,0.8181818181818182,6,3,2.3333333333333335,36,0
u-0255,2025-12-01,148,83,83,0,0,0,0,0,0,1,0,141,176,0,176,Shirts,0.2027027027027027,0,2,2,0,1
u-0256,2025-12-01,70,5,5,3,3,3,3,1,0,3,0,32,599.68,0,199.89,Dresses,1.2857142857142856,3,3,2,10,1
u-0257,2025-12-01,273,47,46,0,0,0,0,0,0,4,0,47,1174.08,0,293.52,Shoes,0.43956043956043955,0,3,2.75,0,1
u-0258,2025-12-01,7,3,2,2,3,2,1,2,0,1,1,2,185,185,185,Outerwear,1,1,1,1,8,0
u-0259,2025-12-01,223,1,1,5,5,16,16,4,0,7,2,20,695,84,99.29,T-Shirts,0.9417040358744394,11,3,2,43,0
u-0260,2025-12-01,167,46,46,0,0,0,0,0,0,2,0,105,533.8,0,266.9,Jackets,0.3592814371257485,0,2,3,0,1
u-0261,2025-12-01,297,221,221,0,0,0,0,0,0,3,0,236,815.68,0,271.89,Jackets,0.30303030303030304,0,2,2.6666666666666665,0,0
u-0262,2025-12-01,224,11,11,2,2,5,5,0,0,4,0,52,879.96,0,219.99,Accessories,0.5357142857142857,5,3,2,12,1
u-0263,2025-12-01,67,4,4,2,2,6,6,2,1,3,2,4,588.24,476.24,196.08,T-Shirts,1.3432835820895521,6,3,2.3333333333333335,19,0
u-0264,2025-12-01,244,2,2,5,5,17,17,4,2,7,1,2,1616.4,231.84,230.91,Shirts,0.8606557377049181,12,4,2.7142857142857144,46,0
u-0265,2025-12-01,209,12,12,4,4,16,16,3,0,4,0,71,356,0,89,T-Shirts,0.5741626794258373,10,2,2.25,39,1
u-0267,2025-12-01,72,4,4,2,2,2,2,1,0,3,0,30,662.16,0,220.72,T-Shirts,1.25,2,5,3,7,1
u-0268,2025-12-01,188,9,8,2,2,9,9,1,0,3,0,33,816.04,0,272.01,Trousers,0.4787234042553192,8,2,3,21,1
u-0269,2025-12-01,242,71,71,0,0,0,0,0,0,3,0,201,634,0,211.33,Shoes,0.37190082644628103,0,3,2.3333333333333335,0,0
u-0270,2025-12-01,268,73,73,0,0,0,0,0,0,2,0,214,381.96,0,190.98,Shoes,0.22388059701492538,0,3,1.5,0,1
u-0271,2025-12-01,307,25,25,1,1,1,1,0,0,5,0,91,486,0,97.2,T-Shirts,0.488599348534202,1,2,2.6,3,1
u-0273,2025-12-01,158,0,0,3,3,14,14,0,1,2,0,68,590.64,0,295.32,Jackets,0.379746835443038,13,2,3.5,32,0
u-0275,2025-12-01,324,4,4,3,3,8,8,0,2,11,0,56,3131.68,0,284.7,Outerwear,1.0185185185185184,6,7,2.090909090909091,21,0
u-0276,2025-12-01,39,11,11,2,2,5,5,1,0,1,0,33,455.4,0,455.4,Jackets,0.7692307692307692,4,1,5,13,1
u-0277,2025-12-01,96,2,2,3,3,15,15,4,1,5,2,2,1098.28,606.28,219.66,Shoes,1.5625,11,3,1.8,40,0
u-0280,2025-12-01,77,4,4,4,4,15,15,5,0,4,1,4,510,210,127.5,T-Shirts,1.5584415584415583,9,3,2.25,40,0
u-0281,2025-12-01,124,1,1,4,4,11,11,1,2,3,0,52,779.6,0,259.87,Outerwear,0.7258064516129031,7,2,1.6666666666666667,29,0
u-0282,2025-12-01,74,26,26,1,1,1,1,0,0,1,0,72,152,0,152,Accessories,0.4054054054054054,1,2,2,3,0
u-0283,2025-12-01,200,10,10,1,1,1,0,0,0,4,0,101,1737.96,0,434.49,Outerwear,0.6,0,2,2.75,2,1
u-0284,2025-12-01,83,1,1,3,3,17,17,1,2,2,0,32,575.92,0,287.96,Outerwear,0.7228915662650602,13,3,2.5,40,0
u-0285,2025-12-01,307,38,37,0,0,0,0,0,0,4,0,99,844.88,0,211.22,Shirts,0.39087947882736157,0,1,2.75,0,1
u-0286,2025-12-01,210,4,4,9,9,40,40,6,5,10,2,8,2426.48,706.48,242.65,Trousers,1.4285714285714286,15,6,2.8,102,0
u-0287,2025-12-01,73,4,4,6,6,31,31,4,2,4,1,20,758.24,156,189.56,Shirts,1.6438356164383563,14,2,2.5,75,0
u-0289,2025-12-01,298,12,12,1,1,1,1,0,0,5,0,70,918,0,183.6,Jackets,0.5033557046979865,1,3,1.8,3,1
u-0290,2025-12-01,147,2,2,6,6,21,21,5,2,5,2,11,1006.2,338.24,201.24,Trousers,1.0204081632653061,12,5,2.4,57,0
u-0292,2025-12-01,52,2,2,5,5,17,17,6,2,3,2,2,791.2,527.16,263.73,Trousers,1.7307692307692306,10,1,3,49,0
u-0293,2025-12-01,85,0,0,4,4,17,17,3,1,4,1,28,1035.24,253,258.81,Sweaters,1.4117647058823528,13,5,2.75,43,1
u-0294,2025-12-01,13,10,10,2,2,2,1,2,0,1,1,10,216,216,216,Accessories,1,1,1,3,8,0
u-0295,2025-12-01,331,1,1,5,5,19,19,3,1,9,0,33,1950.36,0,216.71,Trousers,0.8157099697885196,11,6,2.4444444444444446,47,0
u-0296,2025-12-01,96,3,2,1,1,1,1,1,0,1,0,75,239.2,0,239.2,Trousers,0.3125,1,2,3,4,1
u-0297,2025-12-01,254,51,51,0,0,0,0,0,0,6,0,87,1372.16,0,228.69,Jackets,0.7086614173228346,0,4,2.5,0,1
u-0298,2025-12-01,253,6,6,2,2,2,2,1,0,6,1,6,1729.8,99,288.3,Jackets,0.7114624505928854,2,6,2.8333333333333335,8,0
u-0300,2025-12-01,228,0,0,7,7,24,24,5,1,8,1,2,2692.6,692.76,336.58,Outerwear,1.0526315789473684,13,5,2.625,62,0
u-0301,2025-12-01,111,7,7,3,3,16,16,2,2,2,1,19,348.56,56,174.28,Accessories,0.5405405405405405,9,2,2,40,0
u-0304,2025-12-01,253,10,10,3,3,9,9,4,3,10,2,10,2506.72,311,250.67,Accessories,1.1857707509881423,7,7,2.5,30,0
u-0305,2025-12-01,151,6,6,4,4,13,13,4,1,3,1,11,290,112,96.67,Shirts,0.5960264900662252,10,3,1.3333333333333333,36,0
u-0306,2025-12-01,93,2,2,3,3,12,12,2,3,3,0,40,458,0,152.67,Shirts,0.9677419354838709,8,3,1.6666666666666667,32,0
u-0307,2025-12-01,80,27,27,1,1,1,1,0,0,1,0,71,250,0,250,Shoes,0.375,1,2,2,3,1
u-0308,2025-12-01,150,8,8,2,2,6,6,2,1,3,0,61,756.64,0,252.21,Dresses,0.6,5,4,2.6666666666666665,17,0
u-0309,2025-12-01,261,16,16,1,1,1,1,0,0,8,0,59,1820,0,227.5,Shoes,0.9195402298850576,1,2,2.125,3,1
u-0314,2025-12-01,50,4,4,7,7,24,24,3,1,1,0,41,433.32,0,433.32,Shoes,0.6,12,2,4,59,0
u-0315,2025-12-01,203,4,4,4,4,15,15,2,4,5,1,10,1604.72,258.52,320.94,Outerwear,0.7389162561576355,11,3,2,41,0
u-0316,2025-12-01,99,11,11,2,2,5,5,2,1,2,0,43,290,0,145,T-Shirts,0.6060606060606061,5,2,3,15,0
u-0318,2025-12-01,275,8,8,3,3,13,13,2,1,8,1,18,1585.72,208,198.22,Dresses,0.8727272727272728,11,6,2.125,33,0
u-0319,2025-12-01,288,148,148,0,0,0,0,0,0,3,0,157,678.08,0,226.03,Dresses,0.3125,0,1,2.3333333333333335,0,1
u-0320,2025-12-01,71,1,1,7,7,22,22,5,3,4,1,17,1204.16,287.04,301.04,Dresses,1.6901408450704225,11,2,3.25,60,1
u-0321,2025-12-01,305,10,10,3,3,12,12,3,1,11,0,42,4290.04,0,390,Outerwear,1.0819672131147542,8,5,2.5454545454545454,31,0
u-0322,2025-12-01,96,7,7,2,2,7,7,3,0,2,1,7,479.04,192,239.52,Dresses,0.625,6,2,2.5,20,0
u-0323,2025-12-01,66,5,5,3,3,11,11,1,3,2,1,15,579.6,266.8,289.8,Sweaters,0.9090909090909091,8,3,3,30,1
u-0324,2025-12-01,222,5,5,4,4,12,12,3,3,6,1,12,1032.88,96,172.15,Dresses,0.8108108108108107,9,4,1.8333333333333333,35,0
u-0325,2025-12-01,312,7,7,3,3,10,10,1,1,7,0,89,1810.88,0,258.7,Jackets,0.673076923076923,8,5,2.5714285714285716,25,0
u-0326,2025-12-01,123,11,11,2,2,8,8,1,1,3,0,50,584.16,0,194.72,T-Shirts,0.7317073170731708,5,4,3,20,0
u-0327,2025-12-01,250,4,4,5,5,14,14,4,1,7,1,4,1177.76,192,168.25,Accessories,0.84,7,3,2.142857142857143,39,0
u-0328,2025-12-01,8,0,0,2,2,2,1,2,0,1,1,0,112,112,112,Shoes,1,1,1,1,8,0
u-0329,2025-12-01,204,4,4,5,5,19,19,4,2,6,1,29,988.8,110,164.8,Shirts,0.8823529411764706,12,4,1.8333333333333333,50,0
u-0330,2025-12-01,44,10,10,5,5,14,14,2,1,1,0,40,288.88,0,288.88,Shoes,0.6818181818181819,10,2,3,36,1
u-0331,2025-12-01,18,1,1,4,4,9,8,3,1,1,1,13,84,84,84,Sweaters,1,5,1,1,26,0
u-0332,2025-12-01,167,0,0,4,4,19,19,2,4,3,0,79,758.16,0,252.72,Outerwear,0.5389221556886228,11,2,1.6666666666666667,48,1
u-0333,2025-12-01,74,7,7,3,3,11,11,2,1,1,0,72,240,0,240,Accessories,0.4054054054054054,8,1,2,28,0
u-0334,2025-12-01,187,37,36,0,0,0,0,0,0,1,0,166,415.84,0,415.84,Accessories,0.16042780748663102,0,2,4,0,1
u-0337,2025-12-01,173,96,96,0,0,0,0,0,0,2,0,152,204,0,102,Shoes,0.3468208092485549,0,2,1,0,1
u-0339,2025-12-01,218,64,64,0,0,0,0,0,0,5,0,126,1373.6,0,274.72,Sweaters,0.6880733944954128,0,4,3.2,0,1
u-0340,2025-12-01,123,0,0,2,2,4,4,1,1,3,1,0,969.68,330.28,323.23,Trousers,0.7317073170731708,4,2,3.6666666666666665,13,0
u-0341,2025-12-01,225,3,3,3,3,3,3,1,0,6,0,87,1302.32,0,217.05,Trousers,0.8,3,2,2.5,10,0
u-0342,2025-12-01,56,3,3,4,4,14,14,3,0,4,3,3,578.72,536.72,144.68,T-Shirts,2.142857142857143,8,3,2.5,38,0
u-0343,2025-12-01,90,4,4,4,4,14,14,1,3,3,1,14,861.28,386.4,287.09,Shoes,1,9,1,2.3333333333333335,37,1
u-0344,2025-12-01,153,3,3,4,4,16,16,0,0,5,0,33,794,0,158.8,Shirts,0.9803921568627452,11,3,2,36,0
u-0346,2025-12-01,319,7,7,3,3,12,12,5,2,8,2,12,2089.32,622.04,261.16,Sweaters,0.7523510971786834,7,6,2.75,36,0
u-0348,2025-12-01,252,0,0,3,3,11,11,2,0,3,1,12,1214.48,611.8,404.83,Outerwear,0.35714285714285715,7,2,2.6666666666666665,28,0
u-0350,2025-12-01,49,0,0,3,3,13,13,2,1,1,0,39,204,0,204,Shirts,0.6122448979591837,10,1,3,32,0
u-0351,2025-12-01,52,0,0,6,6,16,16,2,2,1,0,45,102,0,102,T-Shirts,0.5769230769230769,9,1,3,42,0
u-0352,2025-12-01,30,18,18,2,3,8,7,3,0,1,1,28,196,196,196,Dresses,1,6,2,2,21,0
u-0353,2025-12-01,184,0,0,7,7,24,24,2,0,4,0,50,773.04,0,193.26,T-Shirts,0.6521739130434783,14,5,2.75,57,0
u-0354,2025-12-01,135,7,7,2,2,8,8,0,0,2,0,48,304,0,152,Sweaters,0.4444444444444444,8,1,1.5,18,0
u-0355,2025-12-01,165,98,98,0,0,0,0,0,0,2,0,146,404,0,202,Dresses,0.36363636363636365,0,2,2,0,1
u-0356,2025-12-01,293,5,5,4,4,15,15,2,2,11,0,33,4562.16,0,414.74,Outerwear,1.1262798634812285,11,6,2.8181818181818183,38,0
u-0357,2025-12-01,325,39,39,0,0,0,0,0,0,6,0,50,684,0,114,T-Shirts,0.5538461538461538,0,4,2,0,0
u-0358,2025-12-01,242,3,3,6,6,22,22,5,2,5,2,18,1409.16,555.68,281.83,Dresses,0.6198347107438017,13,6,3,59,1
u-0359,2025-12-01,110,39,39,0,0,0,0,0,0,1,0,104,102,0,102,T-Shirts,0.27272727272727276,0,1,3,0,1
u-0361,2025-12-01,312,198,198,0,0,0,0,0,0,2,0,279,521.64,0,260.82,Sweaters,0.1923076923076923,0,2,3,0,1
u-0363,2025-12-01,122,9,9,3,3,8,8,1,1,2,0,54,456.96,0,228.48,Trousers,0.49180327868852464,6,2,2.5,21,0
u-0364,2025-12-01,87,2,2,4,4,15,15,1,1,4,1,2,794.76,219,198.69,Trousers,1.3793103448275863,13,6,2,37,1
u-0365,2025-12-01,123,30,30,0,0,0,0,0,0,2,0,75,640.32,0,320.16,Trousers,0.48780487804878053,0,3,3.5,0,0
u-0366,2025-12-01,298,7,7,6,6,16,16,4,1,14,0,35,4647.36,0,331.95,Outerwear,1.4093959731543624,10,6,2.2857142857142856,43,1
u-0367,2025-12-01,35,14,14,2,3,2,1,2,0,1,1,25,188,188,188,Dresses,0.8571428571428571,1,2,2,8,1
u-0368,2025-12-01,139,0,0,6,6,20,20,8,1,5,3,0,1198.4,627.08,239.68,Jackets,1.079136690647482,11,5,2.4,58,0
u-0369,2025-12-01,205,6,6,2,2,8,8,1,0,7,0,42,1554.72,0,222.1,Sweaters,1.024390243902439,5,4,2.5714285714285716,19,0
u-0370,2025-12-01,135,6,6,3,3,12,12,2,0,3,1,26,949.44,259.44,316.48,Sweaters,0.6666666666666666,9,2,3.6666666666666665,30,1
u-0372,2025-12-01,230,3,3,4,4,13,13,2,1,7,1,21,1542.4,272.32,220.34,Trousers,0.9130434782608695,8,4,2.5714285714285716,34,1
u-0373,2025-12-01,151,4,4,3,3,15,15,2,1,3,1,4,628.4,102,209.47,Shoes,0.5960264900662252,9,3,2,37,0
u-0374,2025-12-01,48,0,0,5,5,19,19,3,3,2,1,17,436.56,246.56,218.28,Trousers,1.25,14,2,2.5,50,0
u-0375,2025-12-01,260,3,3,3,3,14,14,3,0,5,0,46,764.2,0,152.84,T-Shirts,0.576923076923077,8,4,2.8,34,0
u-0376,2025-12-01,29,0,0,5,5,16,15,4,1,1,1,23,192,192,192,Trousers,1,10,1,2,42,0
u-0377,2025-12-01,40,6,6,3,3,13,13,3,2,1,0,34,56,0,56,Accessories,0.75,9,1,1,34,0
u-0378,2025-12-01,310,5,5,6,6,33,33,3,1,7,0,88,1352.48,0,193.21,Shirts,0.6774193548387096,13,4,2.4285714285714284,76,0
u-0379,2025-12-01,300,125,124,0,0,0,0,0,0,6,0,138,1124.76,0,187.46,Dresses,0.6,0,3,1.8333333333333333,0,1
u-0380,2025-12-01,205,1,1,5,5,18,18,3,1,5,0,39,1175.72,0,235.14,Dresses,0.7317073170731707,9,4,2.8,45,0
u-0381,2025-12-01,168,71,71,0,0,0,0,0,0,2,0,126,531.84,0,265.92,Outerwear,0.35714285714285715,0,2,2,0,1
u-0382,2025-12-01,72,2,2,1,1,1,1,0,0,1,0,63,428.72,0,428.72,Sweaters,0.4166666666666667,1,2,5,3,0
u-0383,2025-12-01,193,46,46,0,0,0,0,0,0,4,0,81,1058.08,0,264.52,Dresses,0.6217616580310881,0,2,2.75,0,1
u-0384,2025-12-01,279,7,7,2,2,2,2,0,0,9,0,81,1088.24,0,120.92,T-Shirts,0.9677419354838709,2,6,2.111111111111111,6,1
u-0385,2025-12-01,198,131,131,0,0,0,0,0,0,1,0,194,613.64,0,613.64,Jackets,0.15151515151515152,0,2,5,0,1
u-0388,2025-12-01,171,100,100,0,0,0,0,0,0,1,0,161,184,0,184,Shirts,0.17543859649122806,0,1,2,0,1
u-0389,2025-12-01,26,0,0,8,8,25,24,4,4,1,1,23,263.12,263.12,263.12,Trousers,1,14,1,3,66,0
u-0391,2025-12-01,9,5,5,2,2,2,1,2,0,1,1,5,96,96,96,Accessories,1,1,1,2,8,0
u-0392,2025-12-01,298,140,140,0,0,0,0,0,0,4,0,164,478,0,119.5,Dresses,0.40268456375838924,0,3,1.25,0,1
u-0393,2025-12-01,166,1,1,3,3,11,11,3,1,3,1,15,578.56,384.56,192.85,Sweaters,0.5421686746987951,6,3,2,30,0
u-0394,2025-12-01,241,1,1,2,2,8,8,2,0,5,1,1,1558.48,261.28,311.7,Outerwear,0.6224066390041494,7,6,2.4,21,0
u-0395,2025-12-01,182,4,4,6,6,23,23,3,4,4,1,29,890.72,356.96,222.68,Trousers,0.6593406593406593,10,2,2.5,60,0
u-0396,2025-12-01,78,2,2,4,4,16,16,2,0,1,0,74,344.08,0,344.08,Jackets,0.3846153846153846,7,2,4,38,0
u-0397,2025-12-01,284,1,1,3,3,7,7,3,2,6,1,22,1713.12,241.96,285.52,Outerwear,0.6338028169014085,5,4,2,23,0
u-0398,2025-12-01,142,3,3,3,3,10,10,2,0,4,0,48,922.32,0,230.58,Shirts,0.8450704225352113,6,3,2.75,25,0
u-0399,2025-12-01,293,4,4,2,2,6,6,1,0,4,0,31,666.04,0,166.51,Sweaters,0.40955631399317405,6,4,2,15,0
u-0400,2025-12-01,178,5,5,2,2,7,7,2,2,3,1,20,750.56,268.64,250.19,Shoes,0.5056179775280899,6,3,2.6666666666666665,21,1
u-0401,2025-12-01,231,88,88,0,0,0,0,0,0,4,0,165,1101.92,0,275.48,Shoes,0.5194805194805194,0,3,2.75,0,1
u-0402,2025-12-01,141,26,26,1,1,1,1,0,0,1,0,133,383.64,0,383.64,Jackets,0.2127659574468085,1,2,4,3,0
u-0403,2025-12-01,85,1,1,3,3,13,13,3,2,2,1,1,176,120,88,Accessories,0.7058823529411764,8,1,1,35,0
u-0404,2025-12-01,223,5,5,2,2,10,10,2,1,4,1,5,561,152,140.25,T-Shirts,0.5381165919282511,9,3,3.25,26,0
u-0405,2025-12-01,73,4,4,4,4,15,15,4,1,2,1,20,372.24,273.24,186.12,Jackets,0.8219178082191781,12,1,2,40,0
u-0407,2025-12-01,11,6,6,2,2,2,1,2,0,1,1,6,246.56,246.56,246.56,Sweaters,1,1,2,3,8,0
u-0408,2025-12-01,46,1,1,4,4,16,16,4,3,3,1,1,852,282.44,284,Dresses,1.9565217391304346,12,3,2.6666666666666665,44,0
u-0409,2025-12-01,297,84,84,0,0,0,0,0,0,4,0,148,262,0,65.5,T-Shirts,0.40404040404040403,0,1,1.75,0,1
u-0410,2025-12-01,229,66,66,0,0,0,0,0,0,4,0,111,662.24,0,165.56,Jackets,0.5240174672489083,0,2,1.75,0,1
u-0412,2025-12-01,222,2,2,4,4,18,18,2,1,6,1,29,1617.16,301.76,269.53,Outerwear,0.8108108108108107,11,6,2.3333333333333335,44,0
u-0413,2025-12-01,316,0,0,3,3,7,7,3,2,7,1,0,3413.8,42,487.69,Outerwear,0.6645569620253164,5,5,3.4285714285714284,23,0
u-0415,2025-12-01,294,94,94,0,0,0,0,0,0,6,0,109,1636.4,0,272.73,Jackets,0.6122448979591836,0,5,2.8333333333333335,0,1
u-0416,2025-12-01,187,13,13,1,1,1,1,0,0,3,0,131,625.12,0,208.37,Shoes,0.48128342245989303,1,2,2,3,0
u-0417,2025-12-01,278,1,1,10,10,32,32,9,4,10,1,24,2493.52,88,249.35,Shoes,1.079136690647482,15,5,2.3,88,0
u-0418,2025-12-01,164,6,6,3,3,12,12,3,2,4,1,23,453,42,113.25,T-Shirts,0.7317073170731707,6,3,2.5,33,0
u-0420,2025-12-01,30,5,5,3,5,9,8,2,0,1,1,24,441.6,441.6,441.6,Accessories,1,7,1,4,23,0
u-0421,2025-12-01,162,59,59,0,0,0,0,0,0,2,0,59,372.48,0,186.24,T-Shirts,0.37037037037037035,0,2,4,0,1
u-0422,2025-12-01,242,16,16,3,3,8,8,1,1,3,0,59,573.68,0,191.23,T-Shirts,0.37190082644628103,7,4,3,21,1
u-0425,2025-12-01,76,2,2,3,3,13,13,4,1,2,1,25,231,129,115.5,T-Shirts,0.7894736842105263,11,2,2.5,35,0
u-0426,2025-12-01,10,4,4,2,2,2,1,2,0,1,1,4,143,143,143,Accessories,1,1,2,2,8,0
u-0427,2025-12-01,258,4,4,3,3,10,10,2,0,5,1,4,1086.52,392.84,217.3,Sweaters,0.5813953488372093,8,3,2.2,26,0
u-0428,2025-12-01,117,0,0,5,5,17,17,3,3,4,1,11,659.76,393.76,164.94,Dresses,1.0256410256410258,12,5,2,46,1
u-0429,2025-12-01,130,8,8,3,3,11,11,3,0,3,0,43,579,0,193,Accessories,0.6923076923076924,8,2,1.6666666666666667,28,1
u-0431,2025-12-01,120,4,4,5,5,20,20,5,3,5,1,20,1358.56,224,271.71,Shoes,1.25,12,1,2.4,54,0
u-0432,2025-12-01,179,6,6,4,4,12,12,5,2,6,2,6,1258.56,304,209.76,Sweaters,1.005586592178771,7,1,2.3333333333333335,37,0
u-0433,2025-12-01,75,1,1,3,3,11,11,2,2,2,1,9,118,42,59,T-Shirts,0.8,11,2,1,30,0
u-0434,2025-12-01,147,0,0,3,3,12,12,3,2,3,0,30,706.6,0,235.53,Outerwear,0.6122448979591836,9,3,1.6666666666666667,32,0
u-0436,2025-12-01,231,3,3,6,6,19,19,4,3,9,0,58,1451.68,0,161.3,T-Shirts,1.1688311688311688,11,6,2.6666666666666665,51,1
u-0437,2025-12-01,173,1,1,8,8,37,37,7,3,4,2,7,604.84,400.84,151.21,Shirts,0.6936416184971098,15,3,1.75,94,0
u-0438,2025-12-01,42,1,1,5,5,21,21,4,3,2,1,24,851,510.6,425.5,Outerwear,1.4285714285714286,12,1,2.5,55,0
u-0439,2025-12-01,308,133,133,0,0,0,0,0,0,3,0,183,433.68,0,144.56,Trousers,0.2922077922077922,0,3,1.6666666666666667,0,1
u-0440,2025-12-01,257,10,10,2,2,9,9,2,1,5,1,10,1079,240,215.8,Accessories,0.5836575875486382,6,5,2,24,0
u-0441,2025-12-01,162,22,22,1,1,1,1,0,0,3,0,35,556.48,0,185.49,Accessories,0.5555555555555555,1,2,1.6666666666666667,3,0
u-0442,2025-12-01,270,92,92,0,0,0,0,0,0,8,0,115,1016,0,127,T-Shirts,0.8888888888888888,0,4,2.375,0,1
u-0443,2025-12-01,225,8,8,3,3,6,6,2,0,8,1,8,1889.44,220,236.18,Sweaters,1.0666666666666667,6,5,2.625,18,0
u-0444,2025-12-01,302,50,50,0,0,0,0,0,0,4,0,153,590,0,147.5,Sweaters,0.3973509933774835,0,2,1.75,0,0
u-0445,2025-12-01,275,0,0,7,7,27,27,7,1,6,1,5,1442.96,198,240.49,Jackets,0.6545454545454545,11,4,2.5,70,0
u-0446,2025-12-01,236,2,2,5,5,21,21,3,2,7,0,32,1747.84,0,249.69,Trousers,0.8898305084745763,12,6,2.7142857142857144,52,0
u-0447,2025-12-01,308,8,8,2,2,8,8,2,2,6,0,31,1406.04,0,234.34,Shoes,0.5844155844155844,7,5,2.1666666666666665,22,1
u-0448,2025-12-01,76,18,18,2,2,3,3,1,0,1,0,72,273.24,0,273.24,Jackets,0.39473684210526316,3,1,3,9,1
u-0449,2025-12-01,296,2,2,6,6,17,17,4,3,7,0,34,1230.12,0,175.73,Trousers,0.7094594594594594,11,2,2,47,0
u-0451,2025-12-01,201,143,143,0,0,0,0,0,0,2,0,153,545.2,0,272.6,Shirts,0.29850746268656714,0,2,3.5,0,0
u-0452,2025-12-01,142,2,2,4,4,12,12,0,1,4,0,35,525.84,0,131.46,Shoes,0.8450704225352113,8,2,1.25,29,0
u-0453,2025-12-01,131,5,5,3,3,8,8,2,1,4,1,13,382,42,95.5,T-Shirts,0.9160305343511451,5,3,1.75,23,0
u-0455,2025-12-01,279,110,110,0,0,0,0,0,0,1,0,270,104,0,104,Dresses,0.1075268817204301,0,1,1,0,1
u-0456,2025-12-01,8,5,5,2,2,2,1,2,0,1,1,5,102,102,102,T-Shirts,1,1,1,3,8,0
u-0457,2025-12-01,328,215,215,0,0,0,0,0,0,3,0,291,733.48,0,244.49,Jackets,0.27439024390243905,0,2,2.6666666666666665,0,1
u-0458,2025-12-01,176,0,0,4,4,13,13,2,1,4,1,0,768.96,96,192.24,Accessories,0.6818181818181819,9,1,2.25,34,0
u-0460,2025-12-01,13,0,0,5,5,16,15,5,1,2,2,3,316,316,158,Sweaters,2,8,2,1.5,44,0
u-0461,2025-12-01,78,5,5,1,1,1,1,1,0,1,0,76,84,0,84,Sweaters,0.3846153846153846,1,1,1,4,0
u-0462,2025-12-01,4,2,2,2,2,2,1,2,0,1,1,2,99,99,99,Jackets,1,1,1,1,8,0
u-0464,2025-12-01,114,16,16,1,1,1,1,0,0,1,0,106,386.4,0,386.4,Shoes,0.2631578947368421,1,1,3,3,1
u-0465,2025-12-01,188,3,3,8,8,36,36,5,3,7,1,3,1417.44,220,202.49,Shirts,1.1170212765957448,12,3,2.4285714285714284,89,1
u-0466,2025-12-01,122,7,7,2,2,8,8,3,1,3,1,7,416,180,138.67,Sweaters,0.7377049180327869,6,3,1.6666666666666667,23,0
u-0467,2025-12-01,189,19,19,1,1,1,1,0,0,2,0,132,441.88,0,220.94,Accessories,0.31746031746031744,1,3,3,3,0
u-0468,2025-12-01,23,10,10,3,3,4,3,2,1,1,1,20,309.12,309.12,309.12,Accessories,1,3,1,4,14,0
u-0469,2025-12-01,281,2,2,5,5,23,23,3,3,6,0,34,1204.32,0,200.72,Accessories,0.6405693950177935,14,3,2.3333333333333335,57,0
u-0470,2025-12-01,332,172,172,0,0,0,0,0,0,4,0,181,1555.44,0,388.86,Outerwear,0.3614457831325301,0,3,2.5,0,1
u-0471,2025-12-01,120,6,6,6,6,22,22,4,2,5,1,17,890.28,266.8,178.06,Jackets,1.25,10,4,2,57,0
u-0472,2025-12-01,306,80,80,0,0,0,0,0,0,3,0,154,304,0,101.33,Shirts,0.29411764705882354,0,1,1.3333333333333333,0,0
u-0473,2025-12-01,137,3,3,3,3,14,14,0,1,2,0,68,196,0,98,T-Shirts,0.43795620437956206,8,2,1.5,32,0
u-0474,2025-12-01,200,37,37,0,0,0,0,0,0,2,0,102,383,0,191.5,Trousers,0.3,0,3,2.5,0,1
u-0475,2025-12-01,179,0,0,3,3,12,12,2,1,6,1,26,1311.2,283.36,218.53,Jackets,1.005586592178771,7,2,2.3333333333333335,31,0
u-0476,2025-12-01,98,5,5,7,7,33,33,5,1,4,1,25,990.28,192,247.57,Trousers,1.2244897959183674,16,2,2.75,80,0
u-0477,2025-12-01,256,4,4,3,3,16,16,3,2,3,0,59,550.88,0,183.63,Accessories,0.3515625,9,3,2,40,0
u-0478,2025-12-01,276,121,121,0,0,0,0,0,0,4,0,131,862.96,0,215.74,Accessories,0.4347826086956522,0,4,2.75,0,1
u-0480,2025-12-01,109,1,1,4,4,19,19,5,2,4,3,1,2089.32,1490.4,522.33,Outerwear,1.1009174311926606,10,3,3.25,52,0
u-0481,2025-12-01,252,4,4,5,5,20,20,3,1,9,2,4,2014.64,454.4,223.85,Sweaters,1.0714285714285714,11,6,2.7777777777777777,51,0
u-0484,2025-12-01,21,13,13,2,2,2,1,2,0,1,1,13,136,136,136,T-Shirts,1,1,1,4,8,0
u-0485,2025-12-01,205,6,6,4,4,18,18,1,3,3,0,56,863.84,0,287.95,Jackets,0.43902439024390244,12,4,3,44,0
u-0487,2025-12-01,207,5,5,4,4,16,16,3,2,6,1,24,1693.12,582.36,282.19,Outerwear,0.8695652173913043,12,6,2.5,42,0
u-0488,2025-12-01,236,4,4,5,5,16,16,1,1,4,0,48,1598.12,0,399.53,Outerwear,0.5084745762711864,10,5,3,39,1
u-0489,2025-12-01,288,6,6,3,3,16,16,2,2,7,1,24,1944.32,437.92,277.76,Shoes,0.7291666666666667,10,2,2.4285714285714284,40,0
u-0490,2025-12-01,140,2,2,3,3,10,10,2,1,6,1,14,1478.68,112,246.45,Trousers,1.2857142857142856,9,4,2.3333333333333335,27,0
u-0491,2025-12-01,328,153,153,0,0,0,0,0,0,2,0,227,598,0,299,Sweaters,0.18292682926829268,0,2,3.5,0,0
u-0492,2025-12-01,303,9,9,2,2,9,9,2,1,7,1,23,1606.52,273.24,229.5,Jackets,0.6930693069306931,7,6,2.5714285714285716,24,0
u-0493,2025-12-01,216,3,3,4,4,19,19,2,1,4,1,28,632,76,158,Trousers,0.5555555555555556,12,4,2,46,0
u-0494,2025-12-01,253,105,105,0,0,0,0,0,0,3,0,152,325,0,108.33,T-Shirts,0.3557312252964427,0,3,2.3333333333333335,0,1
u-0495,2025-12-01,148,0,0,6,6,20,20,4,2,4,1,10,514,130,128.5,T-Shirts,0.8108108108108107,12,3,2.75,53,0
u-0496,2025-12-01,148,0,0,5,6,27,27,3,3,3,1,22,285,95,95,Trousers,0.6081081081081081,10,1,1,66,0
u-0497,2025-12-01,275,10,9,2,2,8,8,2,0,5,1,22,751,76,150.2,T-Shirts,0.5454545454545455,8,4,2.2,21,0
u-0498,2025-12-01,51,0,0,5,5,23,23,5,2,3,2,6,1151.84,835.36,383.95,Accessories,1.7647058823529411,13,3,3,60,0
u-0499,2025-12-01,251,0,0,1,1,3,3,1,1,2,0,202,360.32,0,180.16,T-Shirts,0.2390438247011952,3,3,2.5,9,0
u-0500,2025-12-01,133,1,1,8,8,37,37,7,0,6,1,5,1611.52,375.36,268.59,Accessories,1.3533834586466165,15,2,3.1666666666666665,90,0
u-0501,2025-12-01,254,2,2,6,6,23,23,5,4,7,1,26,1362.96,277.84,194.71,Shirts,0.8267716535433071,13,5,2.4285714285714284,62,0
u-0502,2025-12-01,77,0,0,8,8,24,24,5,2,2,1,12,381.2,285.2,190.6,Jackets,0.7792207792207791,12,3,2.5,64,0
u-0503,2025-12-01,331,6,6,1,1,1,0,0,0,7,0,203,3162.12,0,451.73,Outerwear,0.6344410876132931,0,6,3.142857142857143,2,1
u-0504,2025-12-01,22,3,3,3,3,5,4,3,0,1,1,19,257.6,257.6,257.6,Shoes,1,4,1,2,16,0
u-0505,2025-12-01,309,1,1,6,6,21,21,5,3,5,1,12,1317.16,373.52,263.43,Dresses,0.48543689320388345,12,4,2.8,57,0
u-0506,2025-12-01,62,21,21,1,1,1,1,0,0,1,0,58,185,0,185,Outerwear,0.48387096774193544,1,1,1,3,1
u-0507,2025-12-01,74,1,1,5,5,15,15,4,2,3,1,14,661.32,364.32,220.44,Jackets,1.2162162162162162,9,1,2.3333333333333335,42,0
u-0509,2025-12-01,27,9,9,3,4,3,2,2,0,1,1,22,95,95,95,Trousers,1,2,1,1,11,0
u-0510,2025-12-01,48,8,8,2,2,8,8,1,1,1,0,45,300.84,0,300.84,Shirts,0.625,6,3,4,20,0
u-0511,2025-12-01,184,0,0,3,3,14,14,4,1,3,1,13,572,299,190.67,Trousers,0.48913043478260865,9,4,2,37,0
u-0512,2025-12-01,98,2,2,5,5,21,21,5,3,4,2,7,732.12,498.12,183.03,Trousers,1.2244897959183674,12,4,2,57,0
u-0513,2025-12-01,210,1,1,6,6,26,26,2,3,9,1,26,1752.68,190,194.74,Trousers,1.2857142857142858,12,5,2,64,0
u-0515,2025-12-01,59,7,6,2,2,9,9,2,0,1,1,7,190,190,190,Trousers,0.5084745762711864,6,1,2,23,0
u-0516,2025-12-01,134,10,10,2,2,7,7,1,0,3,0,36,1433.36,0,477.79,Outerwear,0.6716417910447761,5,2,3,17,0
u-0517,2025-12-01,101,46,46,0,0,0,0,0,0,1,0,99,287.04,0,287.04,Dresses,0.297029702970297,0,1,3,0,1
u-0518,2025-12-01,289,8,8,3,3,14,14,2,1,5,0,49,862.48,0,172.5,Shirts,0.5190311418685122,13,4,2,34,0
u-0519,2025-12-01,290,11,11,1,1,1,1,0,0,11,0,43,2812.92,0,255.72,Jackets,1.1379310344827587,1,5,2.727272727272727,3,1
u-0520,2025-12-01,50,7,7,3,3,14,14,2,1,1,0,48,240,0,240,Accessories,0.6,8,1,2,34,1
u-0521,2025-12-01,87,6,6,3,3,10,10,3,1,4,1,25,390.04,42,97.51,T-Shirts,1.3793103448275863,6,2,1.75,28,1
u-0522,2025-12-01,286,4,4,3,3,10,10,4,1,11,2,15,2166.2,209,196.93,Jackets,1.153846153846154,7,2,2.090909090909091,30,0
u-0523,2025-12-01,88,0,0,3,3,16,16,1,1,3,0,34,418,0,139.33,Sweaters,1.0227272727272727,11,2,1.3333333333333333,37,0
u-0524,2025-12-01,128,3,3,3,3,13,13,2,2,3,2,3,563.68,343.68,187.89,Sweaters,0.703125,5,2,2,35,0
u-0525,2025-12-01,134,1,1,3,3,9,9,2,0,3,1,23,1496.84,510.6,498.95,Outerwear,0.6716417910447761,7,3,3.3333333333333335,24,0
u-0526,2025-12-01,117,0,0,2,2,2,2,0,0,3,0,58,727.44,0,242.48,Outerwear,0.7692307692307693,2,3,1.6666666666666667,6,1
u-0528,2025-12-01,131,0,0,4,4,15,15,2,1,3,1,29,355,84,118.33,Sweaters,0.6870229007633588,11,3,1.3333333333333333,38,0
u-0529,2025-12-01,124,11,11,2,2,11,11,4,1,4,2,11,1117.8,567.64,279.45,Trousers,0.9677419354838709,7,3,3,31,1
u-0530,2025-12-01,13,1,1,3,3,5,4,2,0,1,1,6,235.52,235.52,235.52,Dresses,1,4,2,3,15,0
u-0531,2025-12-01,297,1,1,4,4,20,20,4,2,6,1,1,1005.68,237.36,167.61,T-Shirts,0.6060606060606061,13,5,2.6666666666666665,51,0
u-0532,2025-12-01,139,39,39,0,0,0,0,0,0,1,0,133,371.68,0,371.68,Dresses,0.2158273381294964,0,2,4,0,1
u-0533,2025-12-01,85,3,3,3,3,10,10,4,1,3,2,3,607,331,202.33,Shirts,1.0588235294117647,6,4,2,30,1
u-0534,2025-12-01,288,55,55,0,0,0,0,0,0,6,0,123,1383.6,0,230.6,Shoes,0.625,0,3,2,0,1
u-0535,2025-12-01,115,13,13,1,1,1,1,0,0,1,0,110,435.16,0,435.16,Trousers,0.2608695652173913,1,2,4,3,1
u-0536,2025-12-01,90,4,4,3,3,12,12,3,1,2,1,4,579.6,287.04,289.8,Dresses,0.6666666666666666,11,2,3,32,0
u-0537,2025-12-01,227,8,8,2,2,2,2,1,0,5,0,77,1448.88,0,289.78,Sweaters,0.6607929515418502,2,1,3.4,7,0
u-0538,2025-12-01,238,7,7,2,2,2,2,0,0,6,0,59,1130.4,0,188.4,Accessories,0.7563025210084033,2,3,2.5,6,0
u-0539,2025-12-01,275,10,10,2,2,11,11,2,0,6,1,10,1217,244.72,202.83,Jackets,0.6545454545454545,10,3,2.1666666666666665,27,0
u-0540,2025-12-01,326,10,10,3,3,12,12,2,2,7,1,20,1624.08,231.84,232.01,Shoes,0.6441717791411042,9,4,2.142857142857143,32,0
u-0541,2025-12-01,96,3,3,3,3,12,12,5,1,4,2,12,387,209,96.75,T-Shirts,1.25,9,2,2.25,35,0
u-0542,2025-12-01,307,0,0,7,7,32,32,5,3,11,0,51,3814.6,0,346.78,Outerwear,1.0749185667752443,13,7,2.6363636363636362,79,0
u-0543,2025-12-01,72,0,0,8,8,35,35,4,1,2,1,23,525.4,340.4,262.7,Outerwear,0.8333333333333334,13,1,1.5,84,0
u-0544,2025-12-01,47,12,12,3,3,9,9,1,1,1,0,39,178,0,178,T-Shirts,0.6382978723404256,7,2,3,23,0
u-0545,2025-12-01,89,5,5,4,4,14,14,2,1,2,0,48,423.76,0,211.88,Sweaters,0.6741573033707865,10,1,2.5,35,0
u-0546,2025-12-01,228,4,4,4,4,16,16,2,1,5,0,36,1281.12,0,256.22,Shoes,0.6578947368421053,11,2,2.2,39,0
u-0547,2025-12-01,209,2,2,3,3,15,15,4,0,5,1,2,1148.84,208,229.77,Dresses,0.7177033492822966,10,4,2.2,38,0
u-0548,2025-12-01,87,3,3,3,3,10,10,3,0,3,2,11,539.12,230,179.71,Accessories,1.0344827586206897,9,3,2.6666666666666665,28,0
u-0549,2025-12-01,280,148,148,0,0,0,0,0,0,3,0,200,762.28,0,254.09,Outerwear,0.3214285714285714,0,4,2,0,0
u-0550,2025-12-01,107,9,9,2,2,11,11,3,1,3,1,23,687.04,287.04,229.01,Dresses,0.8411214953271028,8,2,2.3333333333333335,29,1
u-0551,2025-12-01,52,2,2,9,9,37,37,4,2,1,0,45,364.32,0,364.32,Sweaters,0.5769230769230769,14,2,4,89,0
u-0552,2025-12-01,173,115,115,0,0,0,0,0,0,1,0,162,390.08,0,390.08,Dresses,0.17341040462427745,0,3,4,0,0
u-0553,2025-12-01,77,6,6,3,3,13,13,0,0,2,0,43,339,0,169.5,Accessories,0.7792207792207791,9,2,1.5,29,0
u-0554,2025-12-01,166,8,8,3,3,11,11,1,2,3,0,65,857.44,0,285.81,Shoes,0.5421686746987951,9,2,2.6666666666666665,28,0
u-0555,2025-12-01,120,0,0,3,3,15,15,3,0,5,2,0,1370.48,558.48,274.1,Shoes,1.25,11,5,2.8,38,0
u-0556,2025-12-01,172,3,3,1,1,1,0,0,0,3,0,47,1026.8,0,342.27,Dresses,0.5232558139534884,0,2,3,2,1
u-0557,2025-12-01,208,104,104,0,0,0,0,0,0,2,0,164,304,0,152,Sweaters,0.28846153846153844,0,1,1.5,0,0
u-0558,2025-12-01,134,3,3,4,4,15,15,4,1,5,1,3,1597.2,340.4,319.44,Outerwear,1.1194029850746268,10,4,2.2,40,1
u-0559,2025-12-01,230,10,10,2,2,11,11,1,1,6,0,47,766,0,127.67,Sweaters,0.7826086956521738,7,3,1.3333333333333333,26,1
u-0560,2025-12-01,263,185,185,0,0,0,0,0,0,2,0,233,515.2,0,257.6,Shirts,0.22813688212927755,0,1,3.5,0,1
u-0561,2025-12-01,205,5,4,3,3,11,11,2,0,2,0,87,569,0,284.5,Shoes,0.29268292682926833,8,2,2.5,27,0
u-0562,2025-12-01,327,0,0,4,4,21,21,5,0,9,1,16,1402.24,95,155.8,Trousers,0.8256880733944953,12,3,1.6666666666666667,52,0
u-0563,2025-12-01,108,3,3,4,4,19,19,4,1,5,1,19,1197.72,273.24,239.54,Jackets,1.3888888888888888,11,4,2.8,48,0
u-0564,2025-12-01,245,37,37,0,0,0,0,0,0,5,0,37,575,0,115,T-Shirts,0.6122448979591837,0,3,1.6,0,1
u-0565,2025-12-01,300,10,10,2,2,7,7,2,0,6,1,23,1248.2,240,208.03,Accessories,0.6,6,5,2.1666666666666665,19,0
u-0566,2025-12-01,333,7,7,4,4,23,23,2,2,10,0,35,1759.6,0,175.96,Accessories,0.9009009009009009,13,5,2,54,0
u-0567,2025-12-01,73,0,0,8,8,28,28,5,1,2,0,41,541.44,0,270.72,Trousers,0.8219178082191781,13,2,2.5,70,1
u-0568,2025-12-01,113,5,5,6,6,28,28,6,2,5,2,5,2457.32,812.36,491.46,Outerwear,1.3274336283185841,11,4,3.4,72,0
u-0570,2025-12-01,172,14,14,1,1,1,1,0,0,4,0,36,797.04,0,199.26,Jackets,0.6976744186046512,1,3,2,3,1
u-0571,2025-12-01,50,1,1,5,5,22,22,2,3,1,0,42,120,0,120,Accessories,0.6,13,1,1,54,0
u-0573,2025-12-01,11,4,4,2,2,2,1,2,0,1,1,4,42,42,42,T-Shirts,1,1,1,1,8,0
u-0574,2025-12-01,125,33,33,0,0,0,0,0,0,1,0,123,147,0,147,Accessories,0.24,0,2,2,0,1
u-0575,2025-12-01,66,2,2,3,3,12,12,2,1,1,0,55,140,0,140,Shoes,0.45454545454545453,9,1,1,30,0
u-0576,2025-12-01,58,1,1,5,5,20,20,4,1,2,1,16,615.92,224,307.96,Shoes,1.0344827586206897,11,2,3,51,1
u-0577,2025-12-01,9,2,2,3,3,4,3,4,1,2,2,2,298,298,149,Sweaters,2,3,2,1.5,17,0
u-0578,2025-12-01,187,3,3,2,2,8,8,1,1,3,1,3,396,99,132,Jackets,0.48128342245989303,6,1,1.3333333333333333,21,0
u-0579,2025-12-01,253,5,5,3,3,10,10,2,0,8,1,23,1882.84,188,235.36,Jackets,0.9486166007905138,8,6,2.5,26,0
u-0580,2025-12-01,146,1,1,4,4,17,17,3,0,3,0,44,766.36,0,255.45,Jackets,0.6164383561643836,12,4,2.6666666666666665,41,0
u-0582,2025-12-01,58,5,5,5,5,17,17,2,1,1,0,48,120,0,120,Accessories,0.5172413793103449,13,1,1,42,0
u-0584,2025-12-01,172,2,2,3,3,9,9,1,2,4,0,49,1095.04,0,273.76,Dresses,0.6976744186046512,7,3,3.25,24,0
u-0585,2025-12-01,273,57,57,0,0,0,0,0,0,4,0,157,1301.2,0,325.3,Outerwear,0.43956043956043955,0,2,2,0,1
u-0586,2025-12-01,176,6,6,5,5,20,20,5,1,4,1,6,1256.8,276,314.2,Dresses,0.6818181818181819,12,3,3.25,52,0
u-0587,2025-12-01,29,1,1,9,9,33,32,5,2,3,3,1,684.48,684.48,228.16,Trousers,3,14,2,2.6666666666666665,84,0
u-0588,2025-12-01,152,9,9,3,3,11,11,1,1,3,0,60,864.8,0,288.27,Outerwear,0.5921052631578948,9,3,2,27,0
u-0589,2025-12-01,261,51,51,0,0,0,0,0,0,1,0,254,380.88,0,380.88,Sweaters,0.1149425287356322,0,1,4,0,0
u-0590,2025-12-01,213,1,1,7,7,23,23,7,4,8,2,20,869.68,152,108.71,T-Shirts,1.1267605633802817,10,3,1.875,66,0
u-0591,2025-12-01,101,80,80,0,0,0,0,0,0,3,0,80,617.6,0,205.87,Accessories,0.8910891089108911,0,2,2,0,1
u-0592,2025-12-01,279,1,1,7,7,30,30,4,0,10,1,24,2422.2,92,242.22,Sweaters,1.075268817204301,12,6,2.5,72,0
u-0593,2025-12-01,148,0,0,4,4,16,16,5,2,4,1,11,819.28,428.72,204.82,Outerwear,0.8108108108108107,11,5,2,44,0
u-0594,2025-12-01,286,3,3,3,3,10,10,3,2,5,1,16,921.52,168,184.3,Accessories,0.5244755244755245,10,3,2,29,0
u-0595,2025-12-01,248,10,10,2,2,4,4,0,1,6,0,38,1185.76,0,197.63,Trousers,0.7258064516129031,4,3,2.3333333333333335,11,1
u-0596,2025-12-01,234,0,0,4,4,19,19,2,1,7,1,23,1692.04,362.48,241.72,Shirts,0.8974358974358975,10,5,2.7142857142857144,46,0
u-0597,2025-12-01,152,8,8,2,2,7,7,2,1,3,1,8,583,163,194.33,T-Shirts,0.5921052631578948,6,4,3.3333333333333335,20,0
u-0598,2025-12-01,33,8,8,4,5,15,14,3,1,1,1,24,224,224,224,Shirts,0.9090909090909091,11,2,4,38,1
u-0599,2025-12-01,176,10,10,2,2,5,5,1,1,3,1,23,575.92,299.92,191.97,T-Shirts,0.5113636363636364,4,5,2.6666666666666665,15,0
u-0600,2025-12-01,73,0,0,7,7,23,23,2,4,2,0,64,249,0,124.5,Accessories,0.8219178082191781,13,3,1.5,59,0
u-0601,2025-12-01,126,4,4,7,7,33,33,4,1,6,1,22,1403.92,273.24,233.99,Jackets,1.4285714285714286,16,4,2.5,79,0
u-0602,2025-12-01,175,5,5,3,3,6,6,1,0,4,1,13,1023.16,104,255.79,Dresses,0.6857142857142857,5,3,2.5,17,0
u-0603,2025-12-01,55,10,10,2,2,8,8,3,0,2,1,10,314,136,157,Shirts,1.090909090909091,7,2,2,22,0
u-0604,2025-12-01,71,6,6,5,5,16,16,5,1,5,2,6,1691.88,437,338.38,Shoes,2.112676056338028,9,5,3,45,0
u-0605,2025-12-01,229,1,1,3,3,3,3,0,0,5,0,71,957.36,0,191.47,Shoes,0.6550218340611353,2,4,2,9,0
u-0606,2025-12-01,54,9,9,2,2,9,9,1,1,1,0,47,309.12,0,309.12,Shoes,0.5555555555555556,7,1,3,22,0
u-0607,2025-12-01,92,5,5,3,3,7,7,2,1,2,1,5,372,239,186,Jackets,0.6521739130434783,6,3,2,21,0
u-0608,2025-12-01,160,6,6,2,2,11,11,2,1,3,1,6,581.32,262.2,193.77,Trousers,0.5625,10,2,2.3333333333333335,28,1
u-0609,2025-12-01,256,1,1,4,4,15,15,2,1,5,0,83,1466.76,0,293.35,Trousers,0.5859375,10,3,3.4,37,0
u-0610,2025-12-01,61,6,6,5,5,21,21,1,2,2,1,6,446.12,263.12,223.06,Trousers,0.9836065573770493,11,1,2.5,51,0
u-0611,2025-12-01,277,261,261,0,0,0,0,0,0,1,0,270,510.6,0,510.6,Outerwear,0.10830324909747294,0,1,3,0,0
u-0612,2025-12-01,9,1,1,2,2,2,1,2,0,1,1,1,56,56,56,Accessories,1,1,1,1,8,0
u-0613,2025-12-01,149,3,3,6,6,17,17,2,3,3,1,28,1416.8,510.6,472.27,Outerwear,0.6040268456375839,12,4,3.3333333333333335,46,0
u-0614,2025-12-01,47,6,6,3,3,16,16,3,1,2,1,6,381,241,190.5,Shoes,1.2765957446808511,11,3,2,40,1
u-0615,2025-12-01,178,83,83,0,0,0,0,0,0,1,0,170,188,0,188,T-Shirts,0.16853932584269662,0,2,3,0,1
u-0616,2025-12-01,79,6,6,2,2,10,10,2,1,1,0,69,361.56,0,361.56,Dresses,0.379746835443038,7,2,3,25,0
u-0617,2025-12-01,245,1,1,5,5,16,16,0,2,7,0,46,1367.12,0,195.3,Sweaters,0.8571428571428572,10,4,2.142857142857143,39,0
u-0618,2025-12-01,73,9,9,3,3,15,15,1,0,2,0,60,317.28,0,158.64,Shoes,0.8219178082191781,8,4,2,34,0
u-0619,2025-12-01,215,2,2,3,3,12,12,1,1,5,0,58,2227.4,0,445.48,Outerwear,0.6976744186046512,8,1,2.6,29,0
u-0621,2025-12-01,56,1,1,4,4,18,18,3,4,3,2,1,720.92,621.92,240.31,Jackets,1.6071428571428572,12,2,2.3333333333333335,49,0
u-0622,2025-12-01,54,1,1,4,4,19,19,2,0,1,0,45,238,0,238,Shirts,0.5555555555555556,11,1,3,44,0
u-0624,2025-12-01,217,5,4,2,3,13,13,0,0,2,0,120,445.28,0,222.64,Shirts,0.2764976958525346,9,3,2.5,28,0
u-0625,2025-12-01,105,3,3,5,5,25,25,3,1,2,0,88,489.44,0,244.72,Shoes,0.5714285714285714,12,1,2,59,0
u-0626,2025-12-01,245,29,29,1,1,1,1,1,0,7,0,49,634,0,90.57,T-Shirts,0.8571428571428572,1,2,2.142857142857143,4,0
u-0627,2025-12-01,29,11,11,3,3,8,7,3,0,1,1,24,88,88,88,Trousers,1,6,1,1,22,1
u-0628,2025-12-01,202,1,1,3,3,13,13,3,1,3,1,1,994.6,185,331.53,Outerwear,0.44554455445544555,8,2,2,34,1
u-0629,2025-12-01,67,2,2,3,3,11,11,3,2,2,1,15,942.08,431.48,471.04,Outerwear,0.8955223880597015,9,2,3,31,0
u-0630,2025-12-01,283,9,9,3,3,11,11,2,1,6,1,18,1025.04,168,170.84,Sweaters,0.6360424028268551,8,4,2,29,0
u-0631,2025-12-01,31,7,7,2,3,5,4,2,0,1,1,20,99,99,99,Jackets,0.9677419354838709,4,1,1,14,0
u-0635,2025-12-01,49,4,4,3,3,11,11,1,2,1,0,43,102,0,102,T-Shirts,0.6122448979591837,9,1,3,28,0
u-0636,2025-12-01,20,5,5,4,4,8,7,4,1,1,1,17,198,198,198,Jackets,1,7,1,2,25,0
u-0637,2025-12-01,74,6,6,2,2,12,12,2,2,3,1,18,404,84,134.67,Sweaters,1.2162162162162162,10,2,1.6666666666666667,31,0
u-0638,2025-12-01,47,15,15,2,2,2,2,1,0,2,0,33,625.6,0,312.8,Sweaters,1.2765957446808511,2,3,3.5,7,0
u-0639,2025-12-01,4,1,1,2,2,2,1,2,0,1,1,1,140,140,140,Shoes,1,1,1,1,8,1
u-0640,2025-12-01,264,32,32,0,0,0,0,0,0,5,0,103,799.36,0,159.87,T-Shirts,0.5681818181818181,0,3,2.2,0,1
u-0641,2025-12-01,318,9,9,2,2,8,8,3,0,8,1,9,1820.48,99,227.56,Jackets,0.7547169811320755,7,5,2.5,22,1
u-0643,2025-12-01,116,10,10,2,2,2,2,0,0,2,0,77,321,0,160.5,Trousers,0.5172413793103449,2,2,2,6,1
u-0647,2025-12-01,175,12,12,1,1,2,2,2,0,3,1,12,610,156,203.33,Accessories,0.5142857142857143,2,3,2.6666666666666665,8,1
u-0648,2025-12-01,189,0,0,3,3,12,12,2,0,5,1,0,904.44,190,180.89,Trousers,0.7936507936507937,8,2,2,30,0
u-0649,2025-12-01,92,2,2,7,7,33,33,6,2,5,1,14,1107.2,231.84,221.44,Shoes,1.6304347826086956,12,2,2.2,82,0
u-0651,2025-12-01,19,3,3,4,4,12,11,3,1,1,1,16,294.4,294.4,294.4,Shirts,1,8,3,3,32,0
u-0652,2025-12-01,292,269,269,0,0,0,0,0,0,1,0,281,110,0,110,Sweaters,0.10273972602739727,0,1,1,0,1
u-0653,2025-12-01,220,1,1,5,5,18,18,4,1,6,1,15,709,78,118.17,Jackets,0.8181818181818182,12,4,1.3333333333333333,47,0
u-0654,2025-12-01,325,11,11,3,3,10,10,2,1,10,1,26,3205.44,242.88,320.54,Shoes,0.923076923076923,6,6,3.1,27,0
u-0656,2025-12-01,53,35,35,0,0,0,0,0,0,2,0,42,449.76,0,224.88,Sweaters,1.1320754716981132,0,1,2.5,0,1
u-0657,2025-12-01,289,5,5,3,3,8,8,2,0,6,1,24,1163.24,162,193.87,Sweaters,0.6228373702422145,7,3,2,22,1
u-0658,2025-12-01,324,32,32,0,0,0,0,0,0,6,0,155,868,0,144.67,Shirts,0.5555555555555555,0,2,1.8333333333333333,0,0
u-0659,2025-12-01,128,1,1,5,5,16,16,2,3,4,1,12,706.76,110,176.69,Accessories,0.9375,11,5,2,43,0
u-0660,2025-12-01,42,3,3,5,5,18,18,3,0,1,0,32,258.52,0,258.52,Dresses,0.7142857142857143,10,3,3,44,0
u-0661,2025-12-01,251,3,3,7,7,22,22,2,3,5,0,61,1046.48,0,209.3,Jackets,0.597609561752988,12,3,2.4,56,0
u-0663,2025-12-01,262,0,0,6,6,20,20,3,2,7,0,50,1084.24,0,154.89,Trousers,0.801526717557252,10,2,1.7142857142857142,51,0
u-0664,2025-12-01,18,4,4,3,3,4,3,3,1,1,1,9,238,238,238,Shirts,1,3,1,3,15,0
u-0665,2025-12-01,177,1,1,6,6,24,24,3,1,8,1,12,847,122,105.88,T-Shirts,1.3559322033898304,11,4,2,59,0
u-0666,2025-12-01,30,6,6,4,5,17,16,5,2,2,2,6,413.6,413.6,206.8,Sweaters,2,10,1,2,46,0
u-0667,2025-12-01,50,6,6,6,6,24,24,5,2,4,1,21,801.32,99,200.33,Jackets,2.4,10,2,2,62,0
u-0668,2025-12-01,21,5,5,3,3,5,4,2,1,1,1,16,184,184,184,Shirts,1,4,1,2,16,0
u-0671,2025-12-01,302,263,263,0,0,0,0,0,0,1,0,292,237.36,0,237.36,Shoes,0.09933774834437087,0,3,3,0,1
u-0673,2025-12-01,57,3,3,7,7,32,32,4,2,2,1,12,530.84,346.84,265.42,Trousers,1.0526315789473684,14,2,2.5,78,0
u-0674,2025-12-01,266,230,230,0,0,0,0,0,0,1,0,257,349.6,0,349.6,Shoes,0.11278195488721804,0,3,4,0,0
u-0675,2025-12-01,307,258,258,0,0,0,0,0,0,3,0,274,895.84,0,298.61,Shoes,0.2931596091205212,0,3,2.6666666666666665,0,1
u-0677,2025-12-01,278,0,0,7,7,25,25,6,4,9,1,19,1807.8,273.24,200.87,Jackets,0.9712230215827338,13,4,2.2222222222222223,68,0
u-0679,2025-12-01,173,30,30,0,0,0,0,0,0,3,0,70,617.6,0,205.87,Shirts,0.5202312138728323,0,3,2.3333333333333335,0,1
u-0680,2025-12-01,77,12,12,1,1,1,1,0,0,1,0,70,99,0,99,Jackets,0.3896103896103896,1,1,1,3,0
u-0681,2025-12-01,270,2,2,6,6,27,27,3,3,7,0,49,1130.48,0,161.5,Dresses,0.7777777777777778,14,4,1.7142857142857142,66,0
u-0682,2025-12-01,302,77,77,0,0,0,0,0,0,7,0,82,1495.52,0,213.65,Trousers,0.695364238410596,0,1,2.4285714285714284,0,1
u-0683,2025-12-01,46,13,13,2,2,9,9,1,0,1,0,41,42,0,42,T-Shirts,0.6521739130434783,7,1,1,21,0
u-0684,2025-12-01,211,151,151,0,0,0,0,0,0,1,0,209,156,0,156,T-Shirts,0.14218009478672985,0,2,3,0,1
u-0685,2025-12-01,51,7,7,4,4,14,14,5,4,2,1,26,491.28,231.84,245.64,Shirts,1.1764705882352942,9,2,3,42,1
u-0686,2025-12-01,151,8,8,2,2,8,8,2,1,4,0,31,963.44,0,240.86,Trousers,0.794701986754967,5,4,2.75,21,0
u-0687,2025-12-01,46,3,3,6,6,25,25,2,2,1,0,39,510.6,0,510.6,Outerwear,0.6521739130434783,12,1,3,60,0
u-0688,2025-12-01,148,1,1,3,3,11,11,1,1,4,0,36,766.64,0,191.66,Shirts,0.8108108108108107,9,3,2.25,27,0
u-0689,2025-12-01,155,80,80,0,0,0,0,0,0,1,0,149,185,0,185,Outerwear,0.1935483870967742,0,1,1,0,1
u-0690,2025-12-01,168,34,34,0,0,0,0,0,0,4,0,59,915.16,0,228.79,Trousers,0.7142857142857143,0,4,2.75,0,1
u-0691,2025-12-01,86,4,4,7,7,29,29,6,0,2,1,24,500.16,42,250.08,Dresses,0.6976744186046512,13,4,3,72,0
u-0692,2025-12-01,37,6,6,4,5,15,14,4,0,1,1,27,88,88,88,Trousers,0.8108108108108107,12,1,1,38,0
u-0693,2025-12-01,105,42,42,0,0,0,0,0,0,1,0,103,88,0,88,Trousers,0.2857142857142857,0,1,1,0,0
u-0694,2025-12-01,123,12,12,3,3,12,12,3,1,3,0,39,646.4,0,215.47,Trousers,0.7317073170731708,9,4,2.6666666666666665,31,0
u-0695,2025-12-01,34,3,3,3,3,8,8,0,1,1,0,31,208,0,208,Dresses,0.8823529411764706,7,1,2,20,0
u-0696,2025-12-01,146,2,2,4,4,14,14,3,1,5,1,12,1070.28,104,214.06,Shirts,1.0273972602739727,8,5,2.2,37,0
u-0697,2025-12-01,151,6,6,4,4,11,11,7,0,5,3,6,1780.4,1084.8,356.08,Outerwear,0.9933774834437087,7,2,2.2,36,0
u-0698,2025-12-01,276,94,94,0,0,0,0,0,0,2,0,197,416,0,208,Accessories,0.2173913043478261,0,3,3,0,1
u-0699,2025-12-01,122,1,1,2,2,5,5,3,1,5,1,1,1117.08,331.2,223.42,Accessories,1.2295081967213115,4,5,2.4,17,0
u-0700,2025-12-01,251,2,2,6,6,30,30,1,0,10,0,66,2515,0,251.5,Sweaters,1.195219123505976,15,4,2.5,67,0
u-0701,2025-12-01,215,11,11,2,2,10,10,1,1,6,0,52,1088.36,0,181.39,Jackets,0.8372093023255813,7,4,1.8333333333333333,24,0
u-0702,2025-12-01,105,8,8,2,2,2,2,1,0,3,0,45,777.44,0,259.15,Dresses,0.8571428571428571,2,3,2.6666666666666665,7,1
u-0703,2025-12-01,271,6,6,8,8,31,31,5,4,9,2,20,2299.48,541.88,255.5,Shirts,0.996309963099631,11,5,3,81,0
u-0705,2025-12-01,274,2,2,5,5,17,17,3,1,5,0,57,369,0,73.8,T-Shirts,0.5474452554744526,12,2,1.6,43,0
u-0706,2025-12-01,296,8,8,3,3,9,9,1,2,5,0,56,1205.52,0,241.1,Shoes,0.5067567567567567,6,4,2.2,24,0
u-0707,2025-12-01,103,9,9,2,2,7,7,1,1,2,0,52,463.32,0,231.66,Jackets,0.5825242718446603,7,1,2.5,18,1
u-0709,2025-12-01,311,211,211,0,0,0,0,0,0,3,0,262,596.2,0,198.73,Accessories,0.28938906752411575,0,4,2.3333333333333335,0,0
u-0710,2025-12-01,320,8,8,1,1,1,1,0,0,5,0,51,1184.84,0,236.97,Dresses,0.46875,1,6,2.6,3,1
u-0711,2025-12-01,261,157,157,0,0,0,0,0,0,1,0,251,271.4,0,271.4,Outerwear,0.1149425287356322,0,2,2,0,0
u-0712,2025-12-01,162,1,1,3,3,13,13,3,1,5,1,14,1128.4,198,225.68,Jackets,0.9259259259259258,11,4,2.2,34,0
u-0713,2025-12-01,245,12,12,2,2,12,12,2,1,6,1,24,2246.8,680.8,374.47,Outerwear,0.7346938775510204,9,2,2.3333333333333335,30,0
u-0714,2025-12-01,130,4,4,8,8,32,32,4,0,6,1,21,1434.76,428.72,239.13,Outerwear,1.3846153846153848,14,5,1.8333333333333333,77,0
u-0715,2025-12-01,52,3,3,6,6,16,16,5,4,2,1,3,313.36,76,156.68,T-Shirts,1.1538461538461537,10,3,2.5,48,1
u-0716,2025-12-01,37,6,6,3,3,10,9,3,1,2,2,6,459.24,459.24,229.62,Shoes,1.6216216216216215,7,2,2,28,0
u-0718,2025-12-01,308,1,1,8,8,27,27,6,2,10,1,20,1461.84,78,146.18,Shirts,0.9740259740259739,14,6,1.6,71,1
u-0720,2025-12-01,186,71,71,0,0,0,0,0,0,3,0,119,588.44,0,196.15,Jackets,0.48387096774193544,0,3,2.6666666666666665,0,1
u-0721,2025-12-01,278,4,4,3,3,10,10,1,1,4,1,29,966.8,340.4,241.7,Outerwear,0.4316546762589928,7,3,2,26,0
u-0722,2025-12-01,196,2,2,1,1,1,0,0,0,2,0,173,351.12,0,175.56,Trousers,0.30612244897959184,0,1,2,2,1
u-0723,2025-12-01,5,3,3,2,2,2,1,2,0,1,1,3,104,104,104,Dresses,1,1,1,1,8,0
u-0724,2025-12-01,113,7,7,3,3,13,13,4,2,3,1,18,1009.48,404.8,336.49,Outerwear,0.7964601769911505,8,5,3,36,0
u-0725,2025-12-01,103,17,17,1,1,1,1,0,0,2,0,61,442.84,0,221.42,Shoes,0.5825242718446603,1,2,2,3,1
u-0727,2025-12-01,32,11,11,2,2,5,4,3,1,1,1,25,353.28,353.28,353.28,Accessories,0.9375,4,1,5,16,0
u-0728,2025-12-01,281,54,54,0,0,0,0,0,0,4,0,100,1067.84,0,266.96,Accessories,0.4270462633451957,0,4,3,0,1
u-0729,2025-12-01,86,2,2,2,2,2,2,0,0,1,0,83,247.48,0,247.48,Outerwear,0.3488372093023256,2,2,2,6,1
u-0730,2025-12-01,299,9,9,4,4,17,17,2,0,6,0,44,1930.72,0,321.79,Shoes,0.6020066889632107,12,4,3.1666666666666665,40,1
u-0731,2025-12-01,67,0,0,3,3,15,15,4,0,2,1,20,538.72,248,269.36,Shirts,0.8955223880597015,11,2,3,38,0
u-0732,2025-12-01,168,4,4,4,4,14,14,2,0,4,1,4,594,198,148.5,Jackets,0.7142857142857143,10,1,1.5,35,1
u-0734,2025-12-01,122,1,1,3,3,12,12,2,1,3,1,1,694.64,224,231.55,Shoes,0.7377049180327869,8,4,2,31,1
u-0735,2025-12-01,164,86,86,0,0,0,0,0,0,1,0,162,110,0,110,Sweaters,0.18292682926829268,0,1,1,0,0
u-0736,2025-12-01,243,9,9,2,2,3,3,1,0,3,1,20,823.52,511.52,274.51,Dresses,0.3703703703703704,3,2,2.6666666666666665,10,0
u-0738,2025-12-01,316,6,6,3,3,10,10,2,0,6,0,65,949.12,0,158.19,Trousers,0.569620253164557,8,3,1.6666666666666667,25,0
u-0739,2025-12-01,324,102,102,0,0,0,0,0,0,4,0,246,708,0,177,Dresses,0.37037037037037035,0,2,1.75,0,1
u-0740,2025-12-01,173,130,130,0,0,0,0,0,0,1,0,169,232,0,232,Shirts,0.17341040462427745,0,2,2,0,1
u-0741,2025-12-01,20,0,0,4,4,9,8,4,1,1,1,15,272.32,272.32,272.32,Shirts,1,6,1,4,27,0
u-0744,2025-12-01,238,0,0,4,4,15,15,6,1,8,2,8,2076.64,670.24,259.58,Shoes,1.0084033613445378,12,6,2.5,43,0
u-0745,2025-12-01,273,3,3,1,1,3,3,0,0,8,0,73,2904.76,0,363.1,Outerwear,0.8791208791208791,2,3,2.25,7,0
u-0746,2025-12-01,203,9,9,3,3,11,11,2,0,4,1,17,570,220,142.5,Sweaters,0.5911330049261084,9,3,1.5,28,0
u-0747,2025-12-01,321,3,3,6,6,22,22,3,2,9,1,8,1231,170,136.78,T-Shirts,0.8411214953271029,13,4,2.3333333333333335,56,0
u-0748,2025-12-01,55,5,5,3,3,14,14,2,2,1,0,44,78,0,78,Shirts,0.5454545454545455,10,1,1,35,0
u-0749,2025-12-01,44,3,3,3,3,14,14,2,1,2,1,13,484.24,211,242.12,Jackets,1.3636363636363638,10,2,2.5,35,0
u-0750,2025-12-01,92,3,3,2,2,5,5,2,1,2,1,3,445.92,192,222.96,Dresses,0.6521739130434783,5,3,2.5,16,0
u-0751,2025-12-01,114,53,53,0,0,0,0,0,0,1,0,111,198,0,198,Jackets,0.2631578947368421,0,1,2,0,0
u-0752,2025-12-01,101,1,1,4,4,18,18,3,2,2,0,64,500.64,0,250.32,Shoes,0.594059405940594,9,1,2,45,0
u-0753,2025-12-01,127,6,6,5,5,19,19,4,2,3,0,43,440.52,0,146.84,Sweaters,0.7086614173228346,10,2,1.6666666666666667,49,0
u-0754,2025-12-01,96,6,6,2,2,8,8,1,2,1,0,88,140,0,140,Shoes,0.3125,6,1,1,21,0
u-0755,2025-12-01,157,42,42,0,0,0,0,0,0,5,0,49,1198.08,0,239.62,Sweaters,0.9554140127388535,0,5,2.8,0,1
u-0756,2025-12-01,238,0,0,9,9,31,31,5,3,9,0,34,1938.48,0,215.39,Shirts,1.134453781512605,14,3,2.5555555555555554,79,0
u-0757,2025-12-01,74,0,0,4,4,12,12,2,0,2,1,18,855.6,515.2,427.8,Outerwear,0.8108108108108107,8,2,3,31,0
u-0758,2025-12-01,24,6,6,3,3,7,6,2,0,1,1,18,140,140,140,Accessories,1,6,2,2,19,0
u-0759,2025-12-01,202,4,4,3,3,11,11,2,0,4,1,28,828.16,255.76,207.04,Sweaters,0.594059405940594,10,2,2.75,28,0
u-0760,2025-12-01,149,51,51,0,0,0,0,0,0,1,0,146,144,0,144,Sweaters,0.20134228187919462,0,2,2,0,0
u-0761,2025-12-01,265,5,5,5,5,19,19,3,0,10,1,22,2406.08,190,240.61,Trousers,1.1320754716981132,11,5,2.6,47,0
u-0762,2025-12-01,9,1,1,3,3,7,6,3,1,1,1,6,99,99,99,Jackets,1,6,1,1,21,0
u-0763,2025-12-01,196,12,12,2,2,9,9,2,0,5,1,12,1727,207,345.4,Outerwear,0.7653061224489796,6,3,2.2,23,0
u-0764,2025-12-01,57,6,6,3,3,13,13,1,2,1,0,50,190,0,190,Trousers,0.5263157894736842,10,1,2,32,0
u-0765,2025-12-01,158,47,47,0,0,0,0,0,0,2,0,121,240,0,120,T-Shirts,0.379746835443038,0,2,2.5,0,1
u-0766,2025-12-01,163,10,10,2,2,8,8,2,1,5,1,23,1658.76,287.04,331.75,Dresses,0.920245398773006,7,2,3,22,1
u-0767,2025-12-01,186,3,3,5,5,16,16,4,3,5,2,7,1307.52,497.6,261.5,Accessories,0.8064516129032258,8,2,2.8,46,0
u-0768,2025-12-01,242,7,7,3,3,10,10,3,2,7,1,7,1560.64,257.6,222.95,Trousers,0.8677685950413223,7,3,2.5714285714285716,29,0
u-0769,2025-12-01,71,2,2,4,4,17,17,2,1,2,1,19,282,183,141,Trousers,0.8450704225352113,12,2,1.5,42,0
u-0770,2025-12-01,129,4,4,4,4,18,18,2,3,3,1,28,856,375.36,285.33,Accessories,0.6976744186046512,12,2,3,46,0
u-0771,2025-12-01,173,18,18,3,3,9,8,2,1,4,0,43,1208.96,0,302.24,Outerwear,0.6936416184971098,7,3,2,23,1
u-0772,2025-12-01,238,164,164,0,0,0,0,0,0,1,0,234,216,0,216,Accessories,0.12605042016806722,0,1,3,0,1
u-0773,2025-12-01,253,10,10,2,2,9,9,2,1,7,1,25,2343.72,455.4,334.82,Jackets,0.8300395256916996,9,7,3.7142857142857144,24,0
u-0774,2025-12-01,82,3,3,5,5,16,16,3,1,2,1,19,360,240,180,Accessories,0.7317073170731707,9,1,1.5,42,0
u-0775,2025-12-01,141,5,5,1,1,2,2,1,0,3,1,5,745,402.96,248.33,Outerwear,0.6382978723404255,2,3,2.3333333333333335,7,0
u-0776,2025-12-01,193,2,2,7,7,28,28,1,2,4,1,26,951.92,294.4,237.98,Shirts,0.6217616580310881,13,2,3,67,0
u-0777,2025-12-01,201,79,79,0,0,0,0,0,0,3,0,142,403,0,134.33,Jackets,0.44776119402985076,0,3,1.3333333333333333,0,1
u-0778,2025-12-01,227,14,14,2,2,8,8,2,0,6,1,26,1362.88,92,227.15,Shirts,0.7929515418502203,7,3,2.5,21,1
u-0779,2025-12-01,105,4,4,4,4,17,17,1,2,2,0,68,748.88,0,374.44,Shoes,0.5714285714285714,11,2,3.5,41,0
u-0780,2025-12-01,68,15,15,2,2,4,4,1,0,1,0,58,224,0,224,Shirts,0.4411764705882353,4,2,4,11,1
u-0782,2025-12-01,71,3,3,3,3,10,10,2,0,2,1,13,264,88,132,Trousers,0.8450704225352113,8,1,1.5,26,0
u-0783,2025-12-01,267,34,34,0,0,0,0,0,0,5,0,108,1265.36,0,253.07,Shoes,0.5617977528089887,0,2,2.2,0,1
u-0785,2025-12-01,126,5,5,4,4,14,14,2,2,2,0,56,349.92,0,174.96,Accessories,0.47619047619047616,8,2,2.5,36,0
u-0786,2025-12-01,24,6,6,3,3,4,3,2,0,1,1,14,353.28,353.28,353.28,Shoes,1,3,2,3,13,1
u-0788,2025-12-01,262,0,0,7,7,22,22,4,3,9,1,3,2093.28,456.32,232.59,Sweaters,1.0305343511450382,13,3,2.5555555555555554,59,0
u-0789,2025-12-01,142,0,0,5,5,20,20,2,3,4,1,18,569,99,142.25,Shirts,0.8450704225352113,11,2,1.75,51,0
u-0790,2025-12-01,117,6,6,3,3,10,10,2,1,2,0,56,495.04,0,247.52,Dresses,0.5128205128205129,7,1,2.5,26,1
u-0791,2025-12-01,313,92,92,0,0,0,0,0,0,4,0,243,784.8,0,196.2,Sweaters,0.38338658146964855,0,2,2.25,0,0
u-0792,2025-12-01,220,163,163,0,0,0,0,0,0,2,0,199,198,0,99,Jackets,0.27272727272727276,0,1,1,0,0
u-0793,2025-12-01,226,65,65,0,0,0,0,0,0,4,0,122,1163.52,0,290.88,Shoes,0.5309734513274337,0,4,2.75,0,0
u-0794,2025-12-01,72,9,9,2,2,6,6,1,0,2,0,43,543.64,0,271.82,Trousers,0.8333333333333334,5,2,3,15,0
u-0795,2025-12-01,76,1,1,10,10,38,38,5,1,3,2,5,1189.56,598,396.52,Outerwear,1.1842105263157896,15,3,2.6666666666666665,94,0
u-0796,2025-12-01,90,27,27,1,1,1,1,0,0,1,0,86,441.6,0,441.6,Shirts,0.3333333333333333,1,3,5,3,1
u-0797,2025-12-01,20,4,4,5,5,15,14,4,2,1,1,16,224,224,224,Shoes,1,9,1,2,41,0
u-0798,2025-12-01,169,33,33,0,0,0,0,0,0,2,0,108,188,0,94,Shirts,0.35502958579881655,0,2,1,0,1
u-0799,2025-12-01,210,20,20,1,1,1,0,0,0,1,0,201,263.12,0,263.12,Trousers,0.14285714285714285,0,1,3,2,0
u-0800,2025-12-01,149,4,4,5,5,20,20,4,1,5,1,16,1619.52,382.72,323.9,Shoes,1.006711409395973,11,5,3,51,0
u-0801,2025-12-01,186,46,46,0,0,0,0,0,0,4,0,59,940.92,0,235.23,Dresses,0.6451612903225806,0,4,2.75,0,1
u-0802,2025-12-01,132,103,103,0,0,0,0,0,0,1,0,130,242.88,0,242.88,Accessories,0.22727272727272727,0,1,4,0,1
u-0805,2025-12-01,257,5,5,3,3,11,11,5,0,7,2,5,1501.6,385,214.51,Jackets,0.8171206225680934,9,6,2.142857142857143,32,0
u-0806,2025-12-01,45,0,0,6,6,24,24,3,3,2,1,7,328,208,164,Dresses,1.3333333333333333,12,2,1.5,61,0
u-0809,2025-12-01,22,7,7,3,3,5,4,2,0,1,1,17,208,208,208,Dresses,1,4,1,2,15,1
u-0810,2025-12-01,142,12,11,2,2,12,12,1,1,1,0,65,194,0,194,Sweaters,0.2112676056338028,9,1,2,28,0
u-0811,2025-12-01,114,6,6,6,6,15,15,5,2,6,1,12,1266.08,78,211.01,Shirts,1.5789473684210527,11,1,2.6666666666666665,44,0
u-0812,2025-12-01,162,5,5,4,4,19,19,2,2,5,1,18,520,104,104,Dresses,0.9259259259259258,12,1,1,47,0
u-0814,2025-12-01,134,0,0,3,3,3,3,0,0,6,0,67,1356.04,0,226.01,Jackets,1.3432835820895521,3,5,2.6666666666666665,9,1
u-0815,2025-12-01,189,2,2,7,7,27,27,3,3,6,0,53,2980.8,0,496.8,Outerwear,0.9523809523809524,13,2,3,67,0
u-0816,2025-12-01,133,1,1,4,4,17,17,4,1,4,1,1,655.4,168,163.85,Accessories,0.9022556390977443,11,4,2,44,0
u-0817,2025-12-01,84,6,6,6,6,23,23,3,1,2,0,48,429.28,0,214.64,Jackets,0.7142857142857143,12,3,2,56,0
u-0818,2025-12-01,309,198,198,0,0,0,0,0,0,4,0,250,982.28,0,245.57,Trousers,0.3883495145631068,0,3,2.5,0,1
u-0819,2025-12-01,317,2,2,5,5,24,24,4,2,10,1,12,1805,273.24,180.5,Jackets,0.9463722397476341,12,5,1.9,60,0
u-0820,2025-12-01,218,46,46,0,0,0,0,0,0,3,0,46,460.96,0,153.65,Accessories,0.41284403669724773,0,2,1.6666666666666667,0,1
u-0821,2025-12-01,271,0,0,6,6,20,20,5,4,8,1,4,2359.36,245.64,294.92,Outerwear,0.8856088560885609,11,5,2.125,56,0
u-0822,2025-12-01,166,9,9,2,2,2,2,0,0,2,0,121,390,0,195,Sweaters,0.3614457831325301,2,2,2,6,1
u-0824,2025-12-01,234,9,9,2,2,8,8,2,1,6,0,50,757.52,0,126.25,T-Shirts,0.7692307692307693,6,4,2.1666666666666665,21,0
u-0825,2025-12-01,287,2,2,4,4,24,24,4,2,10,1,12,2105.12,238,210.51,Shirts,1.0452961672473868,13,5,2.4,59,0
u-0826,2025-12-01,38,4,4,4,4,14,14,1,1,1,0,36,194,0,194,Sweaters,0.7894736842105263,10,1,2,34,0
u-0827,2025-12-01,65,6,6,3,3,8,8,1,1,2,0,39,343,0,171.5,Dresses,0.9230769230769231,5,3,1.5,21,0
u-0828,2025-12-01,62,14,14,1,1,1,1,0,0,1,0,51,84,0,84,Sweaters,0.48387096774193544,1,1,1,3,0
u-0830,2025-12-01,47,1,1,7,7,25,25,5,1,3,2,14,540.68,325.68,180.23,Trousers,1.9148936170212767,13,3,2,65,0
u-0831,2025-12-01,227,88,88,0,0,0,0,0,0,4,0,160,1325.72,0,331.43,Outerwear,0.5286343612334802,0,4,2.5,0,1
u-0833,2025-12-01,207,6,6,2,2,11,11,1,1,3,0,60,903.84,0,301.28,Dresses,0.43478260869565216,9,3,3.3333333333333335,26,0
u-0834,2025-12-01,208,17,17,1,1,1,1,1,0,5,0,44,1436.68,0,287.34,Accessories,0.7211538461538461,1,3,3,4,1
u-0835,2025-12-01,86,6,6,3,3,18,18,3,1,2,0,64,290,0,145,Shirts,0.6976744186046512,12,1,2,43,0
u-0836,2025-12-01,264,9,9,2,2,8,8,0,1,2,0,36,309,0,154.5,Shirts,0.22727272727272727,7,2,2,19,0
u-0837,2025-12-01,169,123,123,0,0,0,0,0,0,1,0,167,208,0,208,Dresses,0.17751479289940827,0,1,2,0,1
u-0838,2025-12-01,269,59,59,0,0,0,0,0,0,4,0,112,577,0,144.25,Shirts,0.44609665427509293,0,4,1.75,0,1
u-0839,2025-12-01,112,4,4,5,5,17,17,5,3,3,1,26,592,246,197.33,Sweaters,0.8035714285714286,10,2,2.3333333333333335,48,0
u-0840,2025-12-01,32,0,0,6,6,18,17,6,0,1,1,28,216,216,216,Accessories,0.9375,11,1,3,48,0
u-0841,2025-12-01,260,2,2,3,3,7,7,1,1,5,0,42,1123.24,0,224.65,Jackets,0.576923076923077,5,5,2.2,19,0
u-0843,2025-12-01,138,8,8,4,4,19,19,2,1,4,0,35,842.52,0,210.63,Jackets,0.8695652173913044,9,4,2.25,45,0
u-0844,2025-12-01,206,1,1,4,4,17,17,4,1,6,1,1,874,238,145.67,Accessories,0.8737864077669903,12,3,1.8333333333333333,44,1
u-0845,2025-12-01,130,25,25,1,1,1,1,0,0,2,0,95,441.6,0,220.8,Shirts,0.46153846153846156,1,1,3,3,1
u-0847,2025-12-01,287,15,15,2,2,6,6,2,1,7,1,15,2745.36,427.8,392.19,Outerwear,0.7317073170731707,4,4,2.7142857142857144,18,1
u-0848,2025-12-01,113,1,1,7,7,28,28,5,4,7,1,8,1518.16,236,216.88,Shirts,1.8584070796460177,13,4,2.4285714285714284,73,0
u-0849,2025-12-01,126,1,1,4,4,15,15,2,0,3,1,16,531,242,177,Dresses,0.7142857142857143,10,3,1.6666666666666667,37,0
u-0850,2025-12-01,224,158,158,0,0,0,0,0,0,1,0,213,257.6,0,257.6,Shoes,0.13392857142857142,0,1,2,0,0
u-0851,2025-12-01,326,13,13,2,2,8,8,2,0,5,1,27,902.16,180,180.43,T-Shirts,0.460122699386503,6,4,2.6,21,1
u-0852,2025-12-01,173,2,2,7,7,25,25,2,3,6,1,19,1241.16,287.04,206.86,Dresses,1.0404624277456647,11,3,2.1666666666666665,63,0
u-0853,2025-12-01,269,20,20,3,3,11,11,3,1,9,1,20,1987.08,110,220.79,Sweaters,1.003717472118959,9,6,2.2222222222222223,30,1
u-0854,2025-12-01,295,4,4,4,4,15,15,4,1,10,1,27,2166.84,279.68,216.68,Sweaters,1.0169491525423728,9,4,2,40,0
u-0855,2025-12-01,103,12,12,2,2,12,12,1,2,3,1,22,210,92,70,T-Shirts,0.8737864077669903,9,2,1.3333333333333333,30,1
u-0856,2025-12-01,329,161,161,0,0,0,0,0,0,3,0,269,563,0,187.67,Jackets,0.2735562310030395,0,2,2,0,1
u-0857,2025-12-01,257,106,105,0,0,0,0,0,0,1,0,176,185,0,185,Outerwear,0.11673151750972763,0,1,1,0,1
u-0858,2025-12-01,252,132,132,0,0,0,0,0,0,1,0,245,224,0,224,Shoes,0.11904761904761904,0,1,2,0,1
u-0859,2025-12-01,207,9,9,3,3,14,14,2,2,5,0,63,1042.68,0,208.54,Shirts,0.7246376811594203,9,5,2.4,35,0
u-0860,2025-12-01,22,0,0,7,7,19,18,7,1,3,3,9,573.88,573.88,191.29,Shoes,3,11,2,1.6666666666666667,55,0
u-0862,2025-12-01,104,2,1,1,2,2,2,1,0,2,1,2,334,187,167,Jackets,0.5769230769230769,2,3,2,7,0
u-0863,2025-12-01,120,32,32,0,0,0,0,0,0,3,0,88,594.2,0,198.07,Trousers,0.75,0,2,2.3333333333333335,0,1
u-0865,2025-12-01,162,9,9,3,3,3,3,0,0,4,0,72,868.08,0,217.02,Sweaters,0.7407407407407407,3,2,2.5,9,0
u-0866,2025-12-01,282,1,1,7,7,28,28,5,5,10,2,10,2222.8,297,222.28,Jackets,1.0638297872340425,12,3,2.4,75,0
u-0867,2025-12-01,207,23,23,1,1,1,1,0,0,3,0,105,363,0,121,T-Shirts,0.43478260869565216,1,2,2,3,1
u-0869,2025-12-01,94,0,0,6,6,22,22,2,0,3,1,15,704.48,231.84,234.83,Shoes,0.9574468085106383,13,1,2,53,0
u-0870,2025-12-01,41,12,12,2,2,9,9,0,1,1,0,37,270.48,0,270.48,Trousers,0.7317073170731707,7,2,3,21,0
u-0871,2025-12-01,46,1,1,4,4,17,17,2,4,1,0,36,255.76,0,255.76,Sweaters,0.6521739130434783,12,1,3,44,0
u-0872,2025-12-01,98,0,0,6,6,31,31,4,2,3,1,6,776.2,195,258.73,Accessories,0.9183673469387755,14,3,3.3333333333333335,75,0
u-0873,2025-12-01,7,3,2,2,3,2,1,2,0,1,1,2,452.64,452.64,452.64,Accessories,1,1,2,4,8,0
u-0874,2025-12-01,239,0,0,2,2,7,7,2,1,3,0,45,208,0,69.33,T-Shirts,0.37656903765690375,7,2,1.6666666666666667,19,0
u-0875,2025-12-01,27,3,3,5,5,13,12,3,2,1,1,25,250.24,250.24,250.24,Trousers,1,7,1,3,36,1
u-0877,2025-12-01,161,2,2,6,6,25,25,4,2,6,1,20,1141.08,146,190.18,Shirts,1.1180124223602486,11,5,2.3333333333333335,63,0
u-0878,2025-12-01,188,2,2,4,4,17,17,4,3,7,1,7,1141.72,130,163.1,T-Shirts,1.1170212765957448,11,5,2.5714285714285716,46,0
u-0879,2025-12-01,20,3,3,3,3,7,6,3,1,1,1,12,140,140,140,Shoes,1,4,1,1,21,0
u-0880,2025-12-01,237,1,1,1,1,1,1,0,0,2,0,45,720.36,0,360.18,Outerwear,0.2531645569620253,1,2,3,3,1
u-0881,2025-12-01,222,2,2,3,3,3,3,1,0,9,0,39,1727.04,0,191.89,Shirts,1.2162162162162162,3,3,2.3333333333333335,10,1
u-0882,2025-12-01,224,0,0,4,4,19,19,3,2,6,1,29,1458.72,273.24,243.12,Jackets,0.8035714285714286,9,3,2.6666666666666665,48,0
u-0883,2025-12-01,315,7,7,2,2,12,12,2,1,5,0,31,1055.44,0,211.09,Sweaters,0.47619047619047616,9,3,2,29,0
u-0884,2025-12-01,101,2,2,3,3,9,9,3,1,2,0,35,494.04,0,247.02,Trousers,0.594059405940594,6,2,3,25,0
u-0885,2025-12-01,284,126,126,0,0,0,0,0,0,4,0,126,802,0,200.5,Sweaters,0.4225352112676056,0,3,2.25,0,1
u-0886,2025-12-01,83,19,19,1,1,1,1,0,0,2,0,62,579.6,0,289.8,Shirts,0.7228915662650602,1,1,3.5,3,0
u-0888,2025-12-01,118,31,31,0,0,0,0,0,0,4,0,45,1024.8,0,256.2,Dresses,1.0169491525423728,0,5,2.75,0,0
u-0889,2025-12-01,237,1,1,2,2,4,4,2,0,5,1,1,1440.76,268.64,288.15,Dresses,0.6329113924050632,3,6,2.8,13,0
u-0890,2025-12-01,278,3,3,6,6,23,23,4,1,9,2,3,996.68,309.68,110.74,T-Shirts,0.9712230215827338,12,5,2.111111111111111,59,0
u-0891,2025-12-01,41,2,2,7,7,32,32,3,5,1,0,39,311.88,0,311.88,Accessories,0.7317073170731707,13,2,3,79,0
u-0892,2025-12-01,275,76,76,0,0,0,0,0,0,3,0,106,1005.44,0,335.15,Dresses,0.32727272727272727,0,2,3.3333333333333335,0,1
u-0893,2025-12-01,283,25,25,1,1,1,0,0,0,1,0,281,110,0,110,Sweaters,0.10600706713780919,0,1,1,2,1
u-0894,2025-12-01,53,6,6,3,3,15,15,3,1,2,1,27,529.04,425.04,264.52,Trousers,1.1320754716981132,11,2,3,38,0
u-0895,2025-12-01,271,195,195,0,0,0,0,0,0,1,0,268,364.32,0,364.32,Jackets,0.11070110701107011,0,1,4,0,1
u-0897,2025-12-01,107,1,1,4,4,20,20,3,0,3,2,1,341,194,113.67,Jackets,0.8411214953271028,11,3,1.3333333333333333,49,0
u-0899,2025-12-01,256,6,6,2,2,6,6,0,1,6,0,61,1878.72,0,313.12,Dresses,0.703125,5,4,3.1666666666666665,15,1
u-0900,2025-12-01,210,4,4,4,4,17,17,4,0,6,1,4,1230.6,255.76,205.1,Sweaters,0.8571428571428571,10,2,2.3333333333333335,43,0
u-0901,2025-12-01,55,4,4,4,4,17,17,3,1,4,1,4,695.04,238,173.76,Shirts,2.181818181818182,11,3,2.5,43,0
u-0904,2025-12-01,325,7,7,2,2,12,12,2,2,2,0,31,384.2,0,192.1,Jackets,0.1846153846153846,10,2,2,30,0
u-0905,2025-12-01,102,2,2,3,3,15,15,3,2,4,2,13,596,140,149,Accessories,1.1764705882352942,10,2,1.75,40,0
u-0906,2025-12-01,104,6,6,4,4,15,15,2,3,2,1,28,695.6,185,347.8,Outerwear,0.5769230769230769,11,1,2,40,0
u-0907,2025-12-01,70,0,0,6,6,24,24,5,3,3,1,0,282,42,94,T-Shirts,1.2857142857142856,12,2,2,63,0
u-0908,2025-12-01,186,3,3,6,6,22,22,3,1,6,1,29,815,95,135.83,Accessories,0.9677419354838709,12,3,1.5,55,0
u-0909,2025-12-01,165,7,7,3,3,12,12,3,1,4,1,7,1061.68,309.12,265.42,Shoes,0.7272727272727273,10,3,2.5,32,0
u-0910,2025-12-01,185,17,17,1,1,1,1,1,0,3,0,94,1055.96,0,351.99,Dresses,0.48648648648648646,1,3,3.3333333333333335,4,1
u-0911,2025-12-01,110,50,50,0,0,0,0,0,0,1,0,102,224,0,224,Shoes,0.27272727272727276,0,1,2,0,1
u-0912,2025-12-01,224,17,17,2,2,3,3,0,0,5,0,46,1111.12,0,222.22,Dresses,0.6696428571428571,3,2,2.4,8,0
u-0913,2025-12-01,79,9,9,2,2,6,6,3,0,2,1,21,437.52,327.52,218.76,Sweaters,0.759493670886076,6,2,2.5,18,0
u-0914,2025-12-01,101,55,55,0,0,0,0,0,0,1,0,93,293.48,0,293.48,Accessories,0.297029702970297,0,3,3,0,1
u-0915,2025-12-01,164,7,7,2,2,11,11,2,1,3,1,7,684.76,324.76,228.25,Trousers,0.5487804878048781,10,2,3,28,0
u-0916,2025-12-01,65,0,0,5,5,22,22,4,2,3,1,0,594.08,298.08,198.03,Sweaters,1.3846153846153848,12,3,2.6666666666666665,56,1
u-0917,2025-12-01,301,129,129,0,0,0,0,0,0,2,0,238,649.52,0,324.76,Accessories,0.19933554817275748,0,2,3.5,0,0
u-0918,2025-12-01,240,155,155,0,0,0,0,0,0,5,0,168,1055.68,0,211.14,Trousers,0.625,0,2,2.4,0,1
u-0919,2025-12-01,137,5,5,5,5,22,22,3,2,5,1,29,1458.4,494.96,291.68,Sweaters,1.094890510948905,11,4,3.2,55,0
u-0920,2025-12-01,35,5,5,3,4,13,12,4,2,1,1,24,208,208,208,Dresses,0.8571428571428571,10,1,2,35,0
u-0921,2025-12-01,201,0,0,6,6,29,29,3,3,3,0,76,769.32,0,256.44,Jackets,0.44776119402985076,15,3,3,70,0
u-0922,2025-12-01,14,5,5,2,2,2,1,2,0,1,1,5,340.4,340.4,340.4,Outerwear,1,1,1,2,8,0
u-0925,2025-12-01,45,5,5,4,4,18,18,1,1,1,0,37,356.96,0,356.96,Sweaters,0.6666666666666666,11,1,4,42,0
u-0926,2025-12-01,78,2,2,3,3,10,10,4,1,2,1,9,388.12,102,194.06,Shirts,0.7692307692307692,7,3,2.5,29,0
u-0929,2025-12-01,263,8,8,3,3,12,12,3,1,8,1,29,2104.52,209,263.06,Jackets,0.9125475285171102,7,6,2.5,32,1
u-0930,2025-12-01,120,32,31,0,0,0,0,0,0,1,0,109,84,0,84,Sweaters,0.25,0,1,1,0,1
u-0931,2025-12-01,203,0,0,3,3,6,6,2,1,6,0,89,1365.8,0,227.63,Shirts,0.8866995073891626,5,5,2.3333333333333335,18,0
u-0932,2025-12-01,291,6,6,5,5,20,20,6,3,9,2,6,1806.4,562.32,200.71,Jackets,0.9278350515463918,11,7,2.111111111111111,56,0
u-0933,2025-12-01,96,3,3,5,5,16,16,2,2,3,0,41,803.92,0,267.97,Shoes,0.9375,10,4,2.6666666666666665,41,0
u-0935,2025-12-01,284,4,4,3,3,9,9,2,0,4,0,54,957.44,0,239.36,Sweaters,0.4225352112676056,8,3,2.5,23,0
u-0936,2025-12-01,114,4,4,8,8,34,34,4,4,4,1,4,703,248,175.75,Shirts,1.0526315789473684,14,2,2.25,85,0
u-0937,2025-12-01,240,13,13,4,4,11,11,2,0,6,0,72,1592.84,0,265.47,Sweaters,0.75,9,6,2.8333333333333335,28,0
u-0938,2025-12-01,198,124,124,0,0,0,0,0,0,1,0,191,412.16,0,412.16,Accessories,0.15151515151515152,0,2,4,0,1
u-0939,2025-12-01,86,1,1,4,4,13,13,3,2,3,2,1,839.16,735.16,279.72,Dresses,1.0465116279069768,9,3,2.3333333333333335,37,0
u-0940,2025-12-01,84,2,2,6,6,23,23,5,2,5,3,7,1142.96,704.44,228.59,Trousers,1.7857142857142858,13,1,2.6,62,1
u-0941,2025-12-01,136,22,22,2,2,9,9,1,1,4,0,45,1191.32,0,297.83,Shoes,0.8823529411764706,7,5,2.75,22,0
u-0942,2025-12-01,300,13,13,2,2,2,2,0,0,7,0,66,2727.44,0,389.63,Outerwear,0.7,1,5,2.5714285714285716,6,0
u-0943,2025-12-01,27,5,5,3,3,6,5,3,0,1,1,16,95,95,95,Trousers,1,4,1,1,18,0
u-0944,2025-12-01,317,107,107,0,0,0,0,0,0,7,0,134,1221.8,0,174.54,Shirts,0.6624605678233438,0,4,2,0,0
u-0945,2025-12-01,35,3,3,6,6,19,19,2,1,3,2,6,461.96,325.96,153.99,Shirts,2.571428571428571,10,3,1.6666666666666667,49,0
u-0946,2025-12-01,125,41,41,0,0,0,0,0,0,1,0,121,56,0,56,Accessories,0.24,0,1,1,0,1
u-0947,2025-12-01,230,3,3,3,3,11,11,3,0,8,1,3,1465.76,239,183.22,Trousers,1.0434782608695652,9,5,2,29,0
u-0948,2025-12-01,96,4,4,4,4,16,16,3,0,3,1,4,420.64,245.64,140.21,Jackets,0.9375,10,3,1.6666666666666667,40,0
u-0949,2025-12-01,43,7,7,2,2,4,4,1,1,1,0,32,443.44,0,443.44,Outerwear,0.6976744186046512,4,2,3,12,0
u-0950,2025-12-01,83,20,20,1,1,1,1,0,0,1,0,79,246,0,246,Shirts,0.3614457831325301,1,2,3,3,1
u-0951,2025-12-01,101,0,0,3,3,6,6,3,1,3,1,11,970.6,267.72,323.53,Trousers,0.8910891089108911,6,6,3.6666666666666665,20,0
u-0952,2025-12-01,43,3,3,6,6,29,29,2,2,1,0,40,96,0,96,Trousers,0.6976744186046512,14,1,1,68,0
u-0953,2025-12-01,313,0,0,1,1,4,4,0,0,2,0,285,368.56,0,184.28,Jackets,0.19169329073482427,4,2,2,9,0
u-0954,2025-12-01,257,212,212,0,0,0,0,0,0,1,0,251,264.04,0,264.04,Trousers,0.11673151750972763,0,1,3,0,0
u-0955,2025-12-01,131,1,1,5,5,16,16,2,1,2,0,57,280,0,140,Trousers,0.45801526717557256,9,1,1.5,40,0
u-0958,2025-12-01,330,4,4,2,2,7,7,2,0,7,2,4,1207.44,160,172.49,Trousers,0.6363636363636364,6,4,1.8571428571428572,20,0
u-0959,2025-12-01,194,80,80,0,0,0,0,0,0,2,0,152,708.4,0,354.2,Sweaters,0.30927835051546393,0,1,3.5,0,1
u-0960,2025-12-01,100,4,4,8,8,25,25,5,1,3,1,11,591.52,188,197.17,Accessories,0.8999999999999999,13,3,2.3333333333333335,65,0
u-0961,2025-12-01,257,81,81,0,0,0,0,0,0,2,0,179,1077.32,0,538.66,Outerwear,0.23346303501945526,0,4,4,0,1
u-0962,2025-12-01,301,9,9,3,3,13,13,1,1,8,0,38,1638.92,0,204.86,Jackets,0.7973421926910299,9,4,2.375,31,0
u-0963,2025-12-01,157,154,154,0,0,0,0,0,0,1,0,154,56,0,56,Accessories,0.19108280254777069,0,1,1,0,1
u-0964,2025-12-01,331,89,89,0,0,0,0,0,0,3,0,167,464,0,154.67,T-Shirts,0.2719033232628399,0,2,3.3333333333333335,0,1
u-0965,2025-12-01,202,54,54,0,0,0,0,0,0,2,0,156,381.52,0,190.76,Shirts,0.297029702970297,0,2,3,0,1
u-0966,2025-12-01,18,5,5,4,4,8,7,3,1,1,1,10,293.48,293.48,293.48,Shoes,1,6,2,3,24,1
u-0967,2025-12-01,146,27,27,1,1,1,0,0,0,1,0,141,303.6,0,303.6,Trousers,0.20547945205479454,0,2,3,2,1
u-0970,2025-12-01,333,101,101,0,0,0,0,0,0,3,0,233,761.84,0,253.95,Shirts,0.2702702702702703,0,3,3,0,1
u-0971,2025-12-01,305,136,136,0,0,0,0,0,0,3,0,208,710.24,0,236.75,Jackets,0.29508196721311475,0,2,2.3333333333333335,0,1
u-0972,2025-12-01,332,112,112,0,0,0,0,0,0,5,0,185,969.64,0,193.93,Trousers,0.45180722891566266,0,3,2.4,0,1
u-0973,2025-12-01,333,1,1,4,4,16,16,3,0,6,1,28,2970.76,402.96,495.13,Outerwear,0.5405405405405406,10,2,3.1666666666666665,40,1
u-0974,2025-12-01,164,7,7,3,3,14,14,3,3,6,2,18,1361.12,391.04,226.85,Dresses,1.0975609756097562,10,3,2.3333333333333335,39,0
u-0976,2025-12-01,319,5,5,3,3,15,15,3,2,6,1,5,1351.76,120,225.29,Accessories,0.5642633228840126,8,5,2.6666666666666665,39,0
u-0979,2025-12-01,284,10,10,2,2,9,9,0,1,3,0,31,670.76,0,223.59,Accessories,0.31690140845070425,8,5,2.3333333333333335,21,0
u-0980,2025-12-01,262,5,5,1,1,1,1,0,0,5,0,64,715,0,143,T-Shirts,0.5725190839694657,1,4,2.8,3,0
u-0981,2025-12-01,260,0,0,2,2,7,7,2,1,6,1,0,1158.2,377.2,193.03,Accessories,0.6923076923076924,6,5,1.8333333333333333,20,0
u-0983,2025-12-01,267,17,17,1,1,1,0,0,0,6,0,94,1369.6,0,228.27,Shirts,0.6741573033707865,0,3,2.6666666666666665,2,1
u-0984,2025-12-01,218,6,6,3,3,13,13,1,2,4,0,45,1093.8,0,273.45,Jackets,0.5504587155963303,8,2,3,32,0
u-0985,2025-12-01,320,5,5,2,2,2,2,0,0,5,0,48,1113.88,0,222.78,Accessories,0.46875,2,3,2.6,6,1
u-0986,2025-12-01,53,10,10,3,3,9,9,1,1,1,0,46,230.92,0,230.92,Trousers,0.5660377358490566,8,2,3,23,1
u-0987,2025-12-01,158,33,32,0,0,0,0,0,0,3,0,69,593.92,0,197.97,Shirts,0.569620253164557,0,2,2.3333333333333335,0,0
u-0988,2025-12-01,15,5,5,2,2,2,1,2,0,1,1,5,510.6,510.6,510.6,Outerwear,1,1,1,3,8,0
u-0989,2025-12-01,10,8,8,2,2,2,1,2,0,1,1,8,352.36,352.36,352.36,Trousers,1,1,1,4,8,0
u-0990,2025-12-01,73,40,40,0,0,0,0,0,0,2,0,40,356.6,0,178.3,Shoes,0.8219178082191781,0,2,1.5,0,1
u-0991,2025-12-01,17,2,2,3,4,6,5,3,1,2,2,2,503.32,503.32,251.66,Dresses,2,5,4,2.5,20,0
u-0992,2025-12-01,267,157,157,0,0,0,0,0,0,2,0,249,520.8,0,260.4,Shoes,0.2247191011235955,0,3,3,0,1
u-0993,2025-12-01,96,12,12,3,3,3,3,0,0,1,0,86,156,0,156,Shirts,0.3125,3,2,2,9,1
u-0994,2025-12-01,65,8,8,3,3,15,15,0,0,1,0,60,42,0,42,T-Shirts,0.46153846153846156,10,1,1,33,1
u-0996,2025-12-01,22,8,8,3,3,6,5,3,0,1,1,19,208,208,208,Dresses,1,4,1,2,18,0
u-0997,2025-12-01,109,11,11,1,1,1,1,0,0,1,0,104,198,0,198,Sweaters,0.27522935779816515,1,2,2,3,1
u-0998,2025-12-01,248,7,7,3,3,13,13,2,0,8,1,7,1278.76,163,159.84,T-Shirts,0.9677419354838709,10,5,2.625,32,0
u-0999,2025-12-01,239,95,95,0,0,0,0,0,0,5,0,117,1421.56,0,284.31,Outerwear,0.6276150627615062,0,5,2.6,0,0
u-1000,2025-12-01,151,11,11,2,2,2,2,0,0,3,0,86,478,0,159.33,Shirts,0.5960264900662252,2,3,2,6,1
u-1001,2025-12-01,313,80,80,0,0,0,0,0,0,3,0,236,321,0,107,Accessories,0.28753993610223644,0,3,1.3333333333333333,0,1
u-1002,2025-12-01,223,5,5,3,3,7,7,2,0,7,1,17,655,102,93.57,T-Shirts,0.9417040358744394,7,4,2,20,1
u-1004,2025-12-01,115,1,1,3,3,6,6,3,0,5,1,25,1072.72,185,214.54,Sweaters,1.3043478260869565,4,4,2.2,19,1
u-1005,2025-12-01,211,144,144,0,0,0,0,0,0,2,0,144,179,0,89.5,Sweaters,0.2843601895734597,0,2,1,0,1
u-1006,2025-12-01,22,7,7,3,4,4,3,2,0,1,1,16,185,185,185,Outerwear,1,3,1,1,13,0
u-1007,2025-12-01,313,252,252,0,0,0,0,0,0,2,0,277,486.28,0,243.14,Shirts,0.19169329073482427,0,4,2.5,0,0
u-1008,2025-12-01,77,5,5,3,3,9,9,1,1,2,0,45,224,0,112,Accessories,0.7792207792207791,6,1,1.5,23,0
u-1010,2025-12-01,323,4,4,3,3,10,10,2,1,7,0,46,1118.28,0,159.75,Accessories,0.6501547987616099,7,3,2.142857142857143,26,1
u-1011,2025-12-01,204,1,1,7,7,38,38,6,2,8,3,1,1837.2,794.88,229.65,Sweaters,1.1764705882352942,15,3,2.375,94,0
u-1012,2025-12-01,316,6,6,2,2,8,8,2,2,2,0,60,336,0,168,Shoes,0.189873417721519,7,3,2,22,0
u-1013,2025-12-01,22,7,7,3,4,6,5,4,0,2,2,7,396.16,396.16,198.08,Jackets,2,5,2,2,20,1
u-1014,2025-12-01,255,46,46,0,0,0,0,0,0,4,0,139,630.52,0,157.63,Shirts,0.47058823529411764,0,4,1.5,0,0
u-1015,2025-12-01,202,3,3,4,4,13,13,2,1,4,0,69,957.04,0,239.26,Trousers,0.594059405940594,9,3,2.5,33,1
u-1016,2025-12-01,124,2,2,3,3,11,10,0,1,3,0,56,343,0,114.33,Accessories,0.7258064516129031,5,3,1.6666666666666667,25,1
u-1017,2025-12-01,294,1,1,2,2,7,7,2,0,7,1,15,1334.88,120,190.7,Accessories,0.7142857142857142,7,4,2.142857142857143,19,0
u-1018,2025-12-01,39,2,2,7,7,19,18,5,2,2,2,12,762.68,762.68,381.34,Shoes,1.5384615384615383,11,2,3,53,0
u-1019,2025-12-01,108,0,0,10,10,38,38,6,6,5,2,7,1355.68,432,271.14,Dresses,1.3888888888888888,16,3,2.8,100,0
u-1020,2025-12-01,69,2,2,3,3,6,6,1,0,1,0,64,178,0,178,T-Shirts,0.4347826086956522,4,2,3,16,0
u-1021,2025-12-01,259,18,18,1,1,1,1,0,0,3,0,139,840.88,0,280.29,Sweaters,0.3474903474903475,1,4,3,3,0
u-1022,2025-12-01,333,80,80,0,0,0,0,0,0,9,0,132,2300.36,0,255.6,Sweaters,0.8108108108108109,0,6,3.111111111111111,0,0
u-1023,2025-12-01,147,8,8,2,2,2,2,2,0,2,0,131,553.6,0,276.8,Outerwear,0.4081632653061224,2,3,2,8,0
u-1024,2025-12-01,293,98,98,0,0,0,0,0,0,4,0,126,1142.28,0,285.57,Jackets,0.40955631399317405,0,6,3.25,0,0
u-1026,2025-12-01,239,4,4,5,5,21,21,4,0,7,2,4,3161.24,976.12,451.61,Outerwear,0.8786610878661087,14,5,3.142857142857143,53,0
u-1027,2025-12-01,175,2,2,5,5,28,28,5,3,5,2,10,1556.44,680.8,311.29,Jackets,0.8571428571428572,13,3,3.4,71,1
u-1028,2025-12-01,107,10,10,2,2,9,9,0,0,2,0,56,526.48,0,263.24,Trousers,0.5607476635514018,6,2,3,20,0
u-1029,2025-12-01,121,14,14,3,3,9,9,0,0,2,0,53,252,0,126,T-Shirts,0.49586776859504134,7,2,3.5,21,1
u-1030,2025-12-01,216,0,0,7,7,26,26,4,1,6,1,21,2648.68,340.4,441.45,Outerwear,0.8333333333333333,13,2,2.6666666666666665,65,0
u-1031,2025-12-01,131,3,3,6,6,20,20,2,1,3,0,41,1319.28,0,439.76,Outerwear,0.6870229007633588,13,3,3,49,0
u-1032,2025-12-01,333,68,68,0,0,0,0,0,0,2,0,300,370,0,185,Outerwear,0.1801801801801802,0,1,1,0,1
u-1033,2025-12-01,213,11,11,2,2,9,9,2,0,5,1,20,932.48,120,186.5,Accessories,0.7042253521126761,7,3,2,23,0
u-1034,2025-12-01,103,3,3,3,3,7,7,4,1,2,1,26,178,76,89,T-Shirts,0.5825242718446603,6,1,2.5,23,0
u-1035,2025-12-01,246,196,196,0,0,0,0,0,0,1,0,243,242,0,242,Accessories,0.12195121951219513,0,3,5,0,1
u-1036,2025-12-01,332,1,1,3,3,13,13,2,1,10,2,12,1877.56,372.24,187.76,Jackets,0.9036144578313253,8,4,2.1,34,0
u-1037,2025-12-01,279,9,9,1,1,1,1,0,0,5,0,54,916.24,0,183.25,Shirts,0.5376344086021505,1,2,2.6,3,1
u-1038,2025-12-01,169,4,4,5,5,19,19,5,2,7,2,16,2121.92,418,303.13,Outerwear,1.242603550295858,12,4,2.2857142857142856,52,0
u-1039,2025-12-01,27,5,5,3,3,6,5,3,0,1,1,20,309.12,309.12,309.12,Shoes,1,4,1,3,18,1
u-1040,2025-12-01,268,1,1,3,3,15,15,3,1,3,1,9,561.68,84,187.23,Sweaters,0.33582089552238803,11,2,2,38,0
u-1041,2025-12-01,102,5,5,2,2,2,2,0,0,1,0,96,102,0,102,T-Shirts,0.29411764705882354,2,1,3,6,0
u-1043,2025-12-01,37,2,2,6,6,19,18,4,3,1,1,29,84,84,84,Sweaters,0.8108108108108107,13,1,1,51,0
u-1044,2025-12-01,264,0,0,8,8,23,23,4,4,9,2,2,2105.28,636.64,233.92,Accessories,1.0227272727272727,10,2,2.4444444444444446,64,0
u-1045,2025-12-01,248,7,7,1,1,1,0,0,0,4,0,125,531,0,132.75,Shirts,0.48387096774193544,0,2,1.75,2,1
u-1046,2025-12-01,282,19,19,1,1,1,0,0,0,4,0,189,894.04,0,223.51,Accessories,0.425531914893617,0,4,2.75,2,1
u-1047,2025-12-01,264,12,12,2,2,2,2,1,0,5,0,122,1967.88,0,393.58,Outerwear,0.5681818181818181,1,4,2.8,7,1
u-1048,2025-12-01,34,7,7,2,2,10,10,2,1,1,0,31,279.68,0,279.68,Sweaters,0.8823529411764706,7,1,3,25,0
u-1049,2025-12-01,125,11,11,3,3,10,10,2,1,4,0,80,1061.8,0,265.45,Outerwear,0.96,8,3,1.75,26,0
u-1050,2025-12-01,193,3,2,2,2,2,2,0,0,5,0,90,1256.8,0,251.36,Shoes,0.7772020725388601,2,4,2.4,6,0
u-1051,2025-12-01,107,38,38,0,0,0,0,0,0,2,0,60,714.84,0,357.42,Trousers,0.5607476635514018,0,3,4,0,1
u-1052,2025-12-01,150,5,5,3,3,10,10,2,2,3,0,40,682.04,0,227.35,Dresses,0.6,9,3,2.3333333333333335,27,0
u-1053,2025-12-01,75,6,6,2,2,9,9,2,1,2,1,6,413.68,325.68,206.84,Shirts,0.8,8,2,2.5,24,0
u-1054,2025-12-01,255,4,4,4,4,16,16,4,3,6,1,12,1599,356.96,266.5,Trousers,0.7058823529411765,11,3,3,44,0
u-1055,2025-12-01,124,24,24,1,1,1,1,0,0,3,0,37,570.24,0,190.08,Jackets,0.7258064516129031,1,1,2,3,0
u-1057,2025-12-01,304,5,5,3,3,5,5,0,0,9,0,36,1702.48,0,189.16,Sweaters,0.8881578947368421,5,2,2,13,1
u-1058,2025-12-01,71,11,11,2,2,2,2,2,0,3,0,48,246,0,82,T-Shirts,1.267605633802817,2,1,2.3333333333333335,8,1
u-1059,2025-12-01,124,6,6,2,2,9,9,1,0,3,0,44,715.48,0,238.49,Trousers,0.7258064516129031,8,2,2.6666666666666665,21,1
u-1060,2025-12-01,140,53,53,0,0,0,0,0,0,1,0,138,99,0,99,Jackets,0.21428571428571427,0,1,1,0,1
u-1061,2025-12-01,79,9,9,3,3,15,15,3,1,1,0,76,384.56,0,384.56,Sweaters,0.379746835443038,10,2,4,37,0
u-1062,2025-12-01,278,174,174,0,0,0,0,0,0,2,0,217,405.76,0,202.88,Dresses,0.2158273381294964,0,2,2,0,1
u-1063,2025-12-01,261,44,44,0,0,0,0,0,0,5,0,124,1808.88,0,361.78,Outerwear,0.574712643678161,0,2,2.2,0,0
u-1064,2025-12-01,312,138,138,0,0,0,0,0,0,3,0,193,471.24,0,157.08,Jackets,0.28846153846153844,0,1,1.6666666666666667,0,1
u-1065,2025-12-01,209,115,115,0,0,0,0,0,0,1,0,207,313.72,0,313.72,Shirts,0.14354066985645933,0,2,3,0,1
u-1066,2025-12-01,85,5,5,3,3,15,15,2,1,2,1,16,416.4,76,208.2,T-Shirts,0.7058823529411764,9,2,2,37,0
u-1067,2025-12-01,122,4,4,2,2,5,5,1,0,3,0,42,1020.36,0,340.12,Outerwear,0.7377049180327869,5,2,2.3333333333333335,13,0
u-1068,2025-12-01,87,35,35,0,0,0,0,0,0,1,0,77,129,0,129,T-Shirts,0.3448275862068966,0,2,2,0,1
u-1070,2025-12-01,288,85,85,0,0,0,0,0,0,4,0,149,854.8,0,213.7,Outerwear,0.4166666666666667,0,3,1.75,0,1
u-1071,2025-12-01,189,13,13,2,2,10,10,2,0,3,1,13,617.92,176,205.97,Trousers,0.4761904761904762,8,2,2,25,0
u-1073,2025-12-01,97,1,1,6,6,25,25,4,1,6,1,25,796,236,132.67,T-Shirts,1.8556701030927836,14,4,2.5,62,0
u-1074,2025-12-01,180,121,121,0,0,0,0,0,0,1,0,176,178,0,178,T-Shirts,0.16666666666666666,0,2,3,0,1
u-1076,2025-12-01,181,8,8,2,2,9,9,1,0,4,0,36,753.36,0,188.34,Shoes,0.6629834254143646,7,3,1.75,21,1
u-1078,2025-12-01,164,6,6,2,2,10,10,0,0,5,0,30,1214.8,0,242.96,Dresses,0.9146341463414634,8,5,2.6,22,0
u-1082,2025-12-01,209,1,1,8,8,26,26,5,2,8,1,26,1790.96,218,223.87,Trousers,1.1483253588516746,13,4,2.625,68,0
u-1083,2025-12-01,150,20,20,1,1,1,1,0,0,1,0,140,232,0,232,Accessories,0.2,1,2,4,3,1
u-1085,2025-12-01,167,0,0,4,4,17,17,2,1,6,1,7,1426.84,255.76,237.81,Trousers,1.0778443113772456,10,4,2.5,42,1
u-1086,2025-12-01,237,17,17,1,1,1,0,0,0,4,0,143,933.04,0,233.26,Trousers,0.5063291139240506,0,3,2.5,2,1
u-1087,2025-12-01,76,2,2,7,7,25,25,2,3,3,0,41,531.04,0,177.01,Shirts,1.1842105263157896,13,1,2.3333333333333335,62,0
u-1088,2025-12-01,202,5,5,3,3,13,13,3,0,5,1,17,1304.68,294.4,260.94,Trousers,0.7425742574257426,9,4,2.8,33,0
u-1090,2025-12-01,110,23,23,1,1,1,1,0,0,2,0,73,865.8,0,432.9,Outerwear,0.5454545454545455,1,1,2.5,3,0
u-1091,2025-12-01,185,97,97,0,0,0,0,0,0,3,0,102,416,0,138.67,Accessories,0.48648648648648646,0,2,2,0,1
u-1092,2025-12-01,248,0,0,2,2,8,8,2,1,5,1,7,1663.24,194,332.65,Sweaters,0.6048387096774193,7,3,3.6,22,0
u-1093,2025-12-01,140,7,7,3,3,8,8,0,1,3,0,49,1716.8,0,572.27,Outerwear,0.6428571428571428,8,1,3.3333333333333335,20,0
u-1094,2025-12-01,251,7,7,4,4,23,23,4,0,8,0,43,1960.76,0,245.09,Dresses,0.9561752988047808,12,4,2.375,54,0
u-1095,2025-12-01,73,7,7,2,2,5,5,2,2,3,1,7,545.92,78,181.97,Shirts,1.2328767123287672,4,1,2.3333333333333335,17,1
u-1096,2025-12-01,99,1,1,3,3,17,17,2,1,2,1,24,352,167,176,Jackets,0.6060606060606061,11,3,1.5,41,1
u-1097,2025-12-01,45,1,1,4,4,16,16,2,0,2,1,26,461.12,263.12,230.56,Jackets,1.3333333333333333,13,2,2.5,39,0
u-1099,2025-12-01,214,57,57,0,0,0,0,0,0,2,0,162,526.48,0,263.24,Trousers,0.2803738317757009,0,3,2.5,0,1
u-1100,2025-12-01,323,131,131,0,0,0,0,0,0,3,0,252,360,0,120,Dresses,0.2786377708978328,0,3,1.3333333333333333,0,1
u-0001,2026-01-01,137,3,3,3,3,13,13,1,0,3,1,3,489,183,163,Sweaters,0.6569343065693432,8,3,1.6666666666666667,31,1
u-0002,2026-01-01,19,5,5,3,3,6,5,3,1,1,1,9,185,185,185,Outerwear,1,3,1,1,19,0
u-0003,2026-01-01,205,7,7,1,1,5,5,1,0,4,1,7,719.04,104,179.76,Dresses,0.5853658536585367,5,2,1.75,13,0
u-0004,2026-01-01,171,7,7,4,4,10,10,2,0,6,1,7,1237.32,287.04,206.22,Dresses,1.0526315789473684,8,5,2.3333333333333335,27,0
u-0005,2026-01-01,85,0,0,3,3,10,10,2,1,2,1,11,353,168,176.5,Accessories,0.7058823529411764,6,2,1.5,27,0
u-0006,2026-01-01,48,6,6,3,3,13,13,1,0,2,1,16,857.44,415.84,428.72,Accessories,1.25,10,2,4,31,0
u-0007,2026-01-01,217,27,27,1,1,1,1,0,0,4,0,51,399,0,99.75,T-Shirts,0.5529953917050692,1,4,1.75,3,0
u-0009,2026-01-01,151,2,2,5,5,20,20,2,0,5,0,44,1238.48,0,247.7,Shirts,0.9933774834437087,14,4,2.4,47,0
u-0010,2026-01-01,263,31,31,0,0,0,0,0,0,4,0,75,1518,0,379.5,Outerwear,0.4562737642585551,0,5,3,0,0
u-0011,2026-01-01,344,10,10,2,2,9,9,2,1,4,0,42,1000.88,0,250.22,Sweaters,0.3488372093023256,8,4,2.5,23,0
u-0012,2026-01-01,294,4,4,3,3,12,12,2,2,6,1,18,1402.88,172,233.81,Shoes,0.6122448979591836,7,3,2.3333333333333335,32,0
u-0013,2026-01-01,347,11,11,1,1,1,0,0,0,3,0,249,1206.2,0,402.07,Outerwear,0.25936599423631124,0,1,2.3333333333333335,2,1
u-0014,2026-01-01,289,142,142,0,0,0,0,0,0,1,0,283,246,0,246,Jackets,0.10380622837370243,0,2,3,0,0
u-0015,2026-01-01,41,1,1,3,3,14,14,2,1,1,0,31,168,0,168,Sweaters,0.7317073170731707,10,1,2,34,0
u-0016,2026-01-01,330,102,102,0,0,0,0,0,0,4,0,111,646.32,0,161.58,Jackets,0.36363636363636365,0,2,1.75,0,1
u-0017,2026-01-01,107,35,35,0,0,0,0,0,0,1,0,99,293.48,0,293.48,Shoes,0.2803738317757009,0,2,3,0,1
u-0018,2026-01-01,132,5,5,2,2,8,8,2,0,4,0,32,556,0,139,Jackets,0.9090909090909091,5,2,1.5,20,0
u-0020,2026-01-01,310,85,85,0,0,0,0,0,0,4,0,229,1008.48,0,252.12,Jackets,0.3870967741935484,0,4,2.5,0,0
u-0022,2026-01-01,210,63,63,0,0,0,0,0,0,2,0,107,214,0,107,Dresses,0.2857142857142857,0,2,1,0,1
u-0023,2026-01-01,190,2,2,7,7,33,33,6,1,6,1,28,2453.76,220,408.96,Shoes,0.9473684210526316,16,3,3.6666666666666665,81,0
u-0024,2026-01-01,154,5,5,3,3,12,12,2,1,4,0,59,1075.6,0,268.9,Dresses,0.7792207792207791,9,3,2.75,30,0
u-0025,2026-01-01,229,1,1,4,4,16,16,3,1,5,1,28,1239.08,273.24,247.82,Jackets,0.6550218340611353,12,3,2.6,41,0
u-0026,2026-01-01,349,1,1,7,7,24,24,4,3,10,0,39,2124.72,0,212.47,Trousers,0.8595988538681949,11,5,2.4,62,0
u-0027,2026-01-01,84,15,15,1,1,1,1,0,0,1,0,82,180,0,180,T-Shirts,0.35714285714285715,1,2,3,3,0
u-0028,2026-01-01,355,318,318,0,0,0,0,0,0,2,0,318,444.96,0,222.48,T-Shirts,0.16901408450704225,0,2,2.5,0,1
u-0029,2026-01-01,52,2,2,3,3,10,10,2,3,1,0,41,146,0,146,Shirts,0.5769230769230769,8,1,2,28,0
u-0030,2026-01-01,9,1,1,3,3,4,3,3,0,2,2,1,650.52,650.52,325.26,Dresses,2,3,3,3,15,0
u-0031,2026-01-01,283,2,2,3,3,14,14,2,0,7,0,36,3295.52,0,470.79,Outerwear,0.7420494699646643,9,3,2.857142857142857,33,0
u-0032,2026-01-01,296,6,5,2,2,8,8,0,1,2,0,104,252,0,126,Shoes,0.2027027027027027,7,1,1,19,0
u-0033,2026-01-01,260,0,0,5,5,23,23,1,0,6,1,20,1188.44,84,198.07,Sweaters,0.6923076923076924,12,4,2.1666666666666665,53,0
u-0034,2026-01-01,310,33,33,0,0,0,0,0,0,2,0,262,370,0,185,Accessories,0.1935483870967742,0,3,1.5,0,0
u-0035,2026-01-01,354,4,4,2,2,2,2,0,0,8,0,57,2208.44,0,276.06,Sweaters,0.6779661016949152,2,3,3,6,0
u-0036,2026-01-01,248,1,1,3,3,13,13,4,1,4,1,1,697.12,263.12,174.28,Shirts,0.48387096774193544,8,2,1.75,35,0
u-0037,2026-01-01,188,16,16,2,2,6,6,2,1,4,0,41,1050.88,0,262.72,Trousers,0.6382978723404256,4,1,3,17,1
u-0038,2026-01-01,143,0,0,4,4,21,21,4,2,2,1,11,697.36,257.6,348.68,Shoes,0.4195804195804196,12,2,3,53,0
u-0039,2026-01-01,174,7,7,2,2,10,10,1,2,4,1,7,1053.44,112,263.36,Shoes,0.6896551724137931,10,2,2.25,26,0
u-0040,2026-01-01,245,7,7,1,1,1,0,0,0,3,0,173,500,0,166.67,Accessories,0.3673469387755102,0,2,2.3333333333333335,2,0
u-0041,2026-01-01,254,2,2,5,5,22,22,3,2,6,0,51,2258.36,0,376.39,Outerwear,0.7086614173228346,11,5,2.6666666666666665,54,0
u-0042,2026-01-01,5,3,3,2,2,2,1,2,0,1,1,3,208,208,208,Accessories,1,1,2,3,8,0
u-0043,2026-01-01,88,3,3,5,5,18,18,3,2,3,0,46,649.48,0,216.49,Shirts,1.0227272727272727,12,3,2.3333333333333335,46,0
u-0044,2026-01-01,110,11,11,2,2,4,4,1,0,3,0,35,694.52,0,231.51,Trousers,0.8181818181818182,3,4,2.3333333333333335,11,1
u-0045,2026-01-01,227,9,9,4,4,9,9,4,0,10,1,26,1947.6,56,194.76,Accessories,1.3215859030837005,7,4,2.1,27,1
u-0046,2026-01-01,101,1,1,9,9,36,36,8,5,3,1,17,558.32,190,186.11,Trousers,0.8910891089108911,14,2,2,95,0
u-0047,2026-01-01,36,4,4,3,4,13,12,4,1,2,2,4,546.56,546.56,273.28,Outerwear,1.6666666666666667,10,3,2,35,0
u-0048,2026-01-01,23,2,2,3,4,7,6,2,0,1,1,12,303.6,303.6,303.6,Sweaters,1,5,1,3,19,0
u-0049,2026-01-01,307,54,54,0,0,0,0,0,0,4,0,159,719.52,0,179.88,Shoes,0.39087947882736157,0,3,2,0,1
u-0050,2026-01-01,284,7,7,3,3,10,10,1,0,3,0,54,570,0,190,Accessories,0.31690140845070425,9,2,2.6666666666666665,24,0
u-0051,2026-01-01,64,1,1,3,3,12,12,2,0,2,0,46,216,0,108,Dresses,0.9375,9,2,1,29,1
u-0053,2026-01-01,122,2,2,5,5,19,19,2,1,3,0,34,632.08,0,210.69,Shirts,0.7377049180327869,12,3,2.3333333333333335,46,0
u-0054,2026-01-01,120,2,2,5,5,25,25,4,2,6,2,2,514,192,85.67,T-Shirts,1.5,11,2,2.3333333333333335,63,0
u-0055,2026-01-01,188,86,86,0,0,0,0,0,0,2,0,152,396,0,198,Jackets,0.3191489361702128,0,1,2,0,1
u-0056,2026-01-01,216,1,1,4,4,19,19,4,3,8,1,1,923,76,115.38,T-Shirts,1.1111111111111112,11,5,1.875,50,0
u-0057,2026-01-01,145,12,12,2,2,9,9,3,1,3,1,12,381.36,102,127.12,T-Shirts,0.6206896551724138,6,3,2.3333333333333335,25,0
u-0058,2026-01-01,243,10,10,2,2,6,6,2,0,6,1,21,1699.36,309.12,283.23,Shoes,0.7407407407407408,6,2,2.6666666666666665,17,1
u-0059,2026-01-01,19,0,0,4,5,14,13,4,1,1,1,8,156,156,156,Shirts,1,9,1,2,37,0
u-0060,2026-01-01,151,19,19,2,2,4,4,1,0,3,0,47,376,0,125.33,T-Shirts,0.5960264900662252,4,3,2.6666666666666665,11,1
u-0061,2026-01-01,150,37,37,0,0,0,0,0,0,1,0,141,56,0,56,Accessories,0.2,0,1,1,0,1
u-0062,2026-01-01,334,6,6,2,2,7,7,2,0,6,1,20,1196.16,412.16,199.36,Accessories,0.5389221556886228,6,2,2.1666666666666665,19,0
u-0063,2026-01-01,73,8,8,2,2,10,10,1,1,1,0,65,264.96,0,264.96,Shirts,0.4109589041095891,7,2,3,24,0
u-0064,2026-01-01,106,29,29,1,1,1,1,0,0,1,0,101,99,0,99,Jackets,0.2830188679245283,1,1,1,3,1
u-0065,2026-01-01,38,6,6,3,3,11,11,1,0,1,0,35,140,0,140,Shoes,0.7894736842105263,10,1,1,26,0
u-0066,2026-01-01,215,19,19,2,2,8,8,1,1,3,0,36,373.28,0,124.43,Accessories,0.41860465116279066,6,2,2,20,0
u-0067,2026-01-01,213,0,0,2,2,2,2,1,0,5,0,68,802.4,0,160.48,Trousers,0.7042253521126761,2,3,1.8,7,0
u-0068,2026-01-01,328,253,253,0,0,0,0,0,0,1,0,322,99,0,99,Jackets,0.09146341463414634,0,1,1,0,1
u-0069,2026-01-01,45,11,11,1,1,1,1,1,0,1,0,42,294.4,0,294.4,Shoes,0.6666666666666666,1,2,3,4,1
u-0070,2026-01-01,81,2,2,2,2,2,2,0,0,1,0,74,170,0,170,Shirts,0.37037037037037035,2,1,2,6,0
u-0071,2026-01-01,63,0,0,3,3,13,13,3,1,2,1,10,409,224,204.5,Shirts,0.9523809523809523,10,2,2,34,0
u-0072,2026-01-01,364,336,336,0,0,0,0,0,0,1,0,357,276,0,276,Shoes,0.08241758241758242,0,2,3,0,1
u-0073,2026-01-01,176,5,5,4,4,17,17,4,2,5,2,22,683,317,136.6,T-Shirts,0.8522727272727273,12,6,2,46,0
u-0074,2026-01-01,174,6,6,2,2,9,9,1,1,3,1,6,850.88,375.36,283.63,Accessories,0.5172413793103449,7,2,3,23,1
u-0075,2026-01-01,295,6,6,4,4,13,13,1,2,5,1,20,1035.12,224,207.02,Shoes,0.5084745762711864,10,4,1.8,34,0
u-0076,2026-01-01,253,0,0,8,8,35,35,4,2,9,0,31,1422.24,0,158.03,T-Shirts,1.0671936758893281,16,5,3.111111111111111,84,0
u-0077,2026-01-01,252,5,5,3,3,8,8,2,1,5,1,29,1539.36,331.2,307.87,Accessories,0.5952380952380952,7,3,3.4,23,0
u-0078,2026-01-01,196,7,7,3,3,10,10,2,1,4,1,26,346,92,86.5,T-Shirts,0.6122448979591837,8,2,2,27,0
u-0079,2026-01-01,54,1,1,4,4,17,17,2,1,2,0,30,622.72,0,311.36,Accessories,1.1111111111111112,10,3,3,41,0
u-0080,2026-01-01,362,5,5,3,3,13,13,4,0,8,1,22,1832.44,199,229.06,Dresses,0.6629834254143646,10,4,2.375,34,0
u-0081,2026-01-01,114,1,1,6,6,20,20,2,2,4,1,23,1710.28,261.28,427.57,Outerwear,1.0526315789473684,12,3,2.75,51,0
u-0082,2026-01-01,333,174,174,0,0,0,0,0,0,2,0,292,349.36,0,174.68,Shoes,0.1801801801801802,0,2,2,0,1
u-0083,2026-01-01,101,36,36,0,0,0,0,0,0,1,0,98,299.92,0,299.92,Shirts,0.297029702970297,0,1,4,0,0
u-0084,2026-01-01,226,86,86,0,0,0,0,0,0,2,0,105,294,0,147,Shirts,0.26548672566371684,0,2,1.5,0,1
u-0085,2026-01-01,316,10,10,2,2,6,6,0,2,8,0,35,1441.64,0,180.21,Shirts,0.759493670886076,6,4,2.25,16,0
u-0086,2026-01-01,53,1,1,8,8,33,33,4,2,1,0,43,156,0,156,Shirts,0.5660377358490566,15,1,2,80,0
u-0087,2026-01-01,131,1,1,8,8,24,24,4,4,5,2,1,1129.04,198,225.81,Jackets,1.1450381679389314,11,4,2,66,0
u-0088,2026-01-01,121,2,2,3,3,14,14,2,2,2,0,53,297,0,148.5,Jackets,0.49586776859504134,11,1,1.5,35,0
u-0089,2026-01-01,140,8,8,2,2,9,9,2,0,3,0,49,701.4,0,233.8,Outerwear,0.6428571428571428,7,2,1.6666666666666667,22,0
u-0090,2026-01-01,233,0,0,3,3,13,13,2,2,5,0,34,1416.96,0,283.39,Dresses,0.6437768240343348,9,5,2.8,33,0
u-0091,2026-01-01,231,4,3,6,6,23,23,8,4,9,2,16,1728.68,808.68,192.08,Shirts,1.1688311688311688,13,7,2.111111111111111,66,0
u-0092,2026-01-01,10,2,1,2,3,2,1,2,0,1,1,1,340.4,340.4,340.4,Outerwear,1,1,1,2,8,1
u-0093,2026-01-01,300,18,18,2,2,5,5,1,1,8,0,53,1023,0,127.88,T-Shirts,0.8,5,4,2.25,14,0
u-0094,2026-01-01,259,3,3,7,7,23,23,2,2,10,1,26,3039.2,303.6,303.92,Sweaters,1.1583011583011584,12,5,3.6,58,0
u-0096,2026-01-01,181,4,4,4,4,16,16,2,2,6,1,10,1102.52,258.52,183.75,Outerwear,0.994475138121547,10,4,1.5,41,0
u-0097,2026-01-01,117,14,14,3,3,8,8,4,0,5,1,22,1187.24,345.92,237.45,Sweaters,1.2820512820512822,7,3,2.6,24,0
u-0098,2026-01-01,122,0,0,5,5,24,24,2,0,3,0,33,804.64,0,268.21,Shoes,0.7377049180327869,13,2,2.3333333333333335,55,0
u-0099,2026-01-01,49,0,0,4,4,12,12,2,1,2,1,0,152,76,76,T-Shirts,1.2244897959183674,9,1,2,32,0
u-0100,2026-01-01,60,2,2,3,3,16,16,1,2,1,0,51,192,0,192,Dresses,0.5,8,2,2,38,0
u-0102,2026-01-01,227,194,194,0,0,0,0,0,0,1,0,225,241.04,0,241.04,Sweaters,0.13215859030837004,0,2,3,0,1
u-0103,2026-01-01,201,7,7,1,1,1,1,0,0,6,0,74,1077.92,0,179.65,Sweaters,0.8955223880597015,1,3,2,3,0
u-0104,2026-01-01,95,0,0,8,8,31,31,5,5,4,1,13,612,122,153,T-Shirts,1.2631578947368423,15,5,3,81,0
u-0105,2026-01-01,320,2,2,3,3,13,13,1,1,6,0,35,1682.2,0,280.37,Dresses,0.5625,9,3,2.8333333333333335,31,0
u-0106,2026-01-01,159,76,76,0,0,0,0,0,0,2,0,130,408,0,204,Accessories,0.37735849056603776,0,1,3.5,0,1
u-0107,2026-01-01,233,18,18,1,1,1,1,0,0,4,0,61,946.56,0,236.64,Dresses,0.5150214592274678,1,4,2.5,3,0
u-0108,2026-01-01,276,6,6,7,7,31,31,6,2,14,1,6,3311.76,214,236.55,Sweaters,1.5217391304347827,15,8,2.5,78,0
u-0109,2026-01-01,300,6,6,3,3,10,10,3,1,2,1,13,636.64,250.24,318.32,Shoes,0.2,7,3,3,28,1
u-0110,2026-01-01,222,0,0,7,7,27,27,6,3,9,1,14,1575.8,78,175.09,Shirts,1.2162162162162162,13,5,1.8888888888888888,71,0
u-0111,2026-01-01,245,2,2,1,1,1,1,0,0,4,0,68,932.08,0,233.02,Accessories,0.489795918367347,1,3,2.75,3,1
u-0112,2026-01-01,286,2,2,7,7,28,28,5,4,11,1,9,2440.84,294.4,221.89,Shirts,1.153846153846154,11,5,2.8181818181818183,73,0
u-0113,2026-01-01,158,1,1,4,4,11,11,2,0,3,0,34,710.4,0,236.8,Outerwear,0.569620253164557,8,1,1.3333333333333333,28,0
u-0115,2026-01-01,361,0,0,5,5,21,21,4,2,9,0,36,1652.72,0,183.64,Jackets,0.7479224376731302,11,6,2,53,0
u-0116,2026-01-01,318,2,2,1,1,1,0,0,0,3,0,169,545,0,181.67,Trousers,0.2830188679245283,0,3,1.6666666666666667,2,1
u-0117,2026-01-01,21,14,14,2,2,2,1,2,0,1,1,14,554.76,554.76,554.76,Outerwear,1,1,2,4,8,1
u-0118,2026-01-01,209,8,8,2,2,9,9,2,1,3,0,60,600,0,200,Dresses,0.43062200956937796,6,2,2,23,0
u-0119,2026-01-01,233,27,27,1,1,1,0,0,0,2,0,175,1021.2,0,510.6,Outerwear,0.2575107296137339,0,1,3,2,1
u-0120,2026-01-01,307,34,34,0,0,0,0,0,0,6,0,126,2257,0,376.17,Outerwear,0.5863192182410424,0,1,2.1666666666666665,0,0
u-0121,2026-01-01,70,4,4,3,3,12,12,4,1,2,1,16,738.76,455.4,369.38,Jackets,0.8571428571428571,6,2,4,33,0
u-0122,2026-01-01,336,198,198,0,0,0,0,0,0,5,0,267,914.8,0,182.96,Shirts,0.44642857142857145,0,3,2.2,0,1
u-0123,2026-01-01,334,86,86,0,0,0,0,0,0,4,0,262,1260.64,0,315.16,Outerwear,0.3592814371257485,0,3,2,0,1
u-0124,2026-01-01,311,2,2,5,5,22,22,2,2,10,0,33,2216.84,0,221.68,Trousers,0.9646302250803858,11,5,2.7,53,0
u-0125,2026-01-01,156,40,40,0,0,0,0,0,0,3,0,58,470,0,156.67,Trousers,0.5769230769230769,0,2,1.6666666666666667,0,1
u-0126,2026-01-01,195,10,10,2,2,2,2,0,0,4,0,99,624.68,0,156.17,Trousers,0.6153846153846154,2,3,1.5,6,0
u-0127,2026-01-01,154,9,9,2,2,7,7,1,2,3,1,21,783.68,112,261.23,Shoes,0.5844155844155844,7,3,2,20,0
u-0128,2026-01-01,145,2,2,3,3,14,14,3,0,2,0,74,528.16,0,264.08,Dresses,0.4137931034482759,9,2,2.5,34,0
u-0129,2026-01-01,274,208,208,0,0,0,0,0,0,1,0,264,176,0,176,Trousers,0.10948905109489052,0,1,2,0,1
u-0130,2026-01-01,172,0,0,5,5,21,21,2,0,6,1,17,1214.08,104,202.35,Dresses,1.0465116279069768,11,4,2.1666666666666665,50,1
u-0131,2026-01-01,340,5,5,3,3,17,17,2,1,5,1,5,672.76,136,134.55,T-Shirts,0.4411764705882353,8,4,2.4,41,0
u-0132,2026-01-01,266,3,3,3,3,11,11,3,1,6,1,15,1083.4,253.92,180.57,T-Shirts,0.6766917293233082,9,6,3,30,1
u-0133,2026-01-01,160,48,48,0,0,0,0,0,0,3,0,48,867.32,0,289.11,Outerwear,0.5625,0,4,2.3333333333333335,0,1
u-0134,2026-01-01,27,6,6,5,5,12,11,3,2,1,1,19,242.88,242.88,242.88,Accessories,1,8,1,4,34,0
u-0135,2026-01-01,52,22,22,1,1,1,1,0,0,1,0,41,112,0,112,Shoes,0.5769230769230769,1,1,1,3,1
u-0136,2026-01-01,168,0,0,5,5,22,22,2,3,4,0,37,790.4,0,197.6,Trousers,0.7142857142857143,13,4,2.5,54,0
u-0138,2026-01-01,215,3,3,7,7,24,24,5,0,7,1,12,1566.2,246,223.74,Jackets,0.9767441860465116,13,5,2.4285714285714284,61,0
u-0139,2026-01-01,239,25,25,1,1,5,5,1,1,3,0,70,622.56,0,207.52,Sweaters,0.37656903765690375,5,3,2,13,1
u-0140,2026-01-01,142,134,134,0,0,0,0,0,0,1,0,134,168,0,168,Sweaters,0.2112676056338028,0,1,2,0,1
u-0141,2026-01-01,296,3,3,4,4,11,11,0,1,4,0,39,1071.04,0,267.76,Shirts,0.4054054054054054,8,2,3.25,27,0
u-0142,2026-01-01,23,1,1,6,6,19,18,3,1,2,2,10,809.6,809.6,404.8,Outerwear,2,10,2,2.5,49,0
u-0143,2026-01-01,266,3,3,3,3,3,3,1,0,8,0,62,1560.64,0,195.08,Trousers,0.9022556390977443,3,6,2.25,10,1
u-0144,2026-01-01,365,13,13,2,2,6,6,1,0,7,0,71,1235.04,0,176.43,T-Shirts,0.5753424657534247,5,6,2.5714285714285716,15,1
u-0147,2026-01-01,149,9,9,3,3,13,13,2,0,4,1,18,443,95,110.75,Sweaters,0.8053691275167785,11,3,1.5,32,0
u-0148,2026-01-01,212,105,105,0,0,0,0,0,0,4,0,151,1406.68,0,351.67,Shoes,0.5660377358490566,0,2,3,0,1
u-0149,2026-01-01,364,1,1,7,7,27,27,4,2,8,1,16,1904.32,120,238.04,Accessories,0.6593406593406593,13,5,2.625,68,0
u-0150,2026-01-01,204,0,0,4,4,12,12,1,1,4,0,72,712,0,178,Sweaters,0.5882352941176471,8,3,1.75,30,0
u-0151,2026-01-01,106,0,0,4,4,17,17,4,0,4,2,0,826.88,446.88,206.72,Shoes,1.1320754716981132,11,3,2,44,0
u-0152,2026-01-01,104,9,9,2,2,5,5,1,1,3,0,31,819.72,0,273.24,Jackets,0.8653846153846153,5,1,3,14,0
u-0153,2026-01-01,294,0,0,5,5,16,16,2,2,6,0,60,901.28,0,150.21,T-Shirts,0.6122448979591836,11,5,2.3333333333333335,41,0
u-0154,2026-01-01,360,91,91,0,0,0,0,0,0,4,0,99,813,0,203.25,Sweaters,0.3333333333333333,0,3,2.25,0,0
u-0156,2026-01-01,115,26,26,1,1,1,1,1,0,5,0,37,1104.4,0,220.88,Sweaters,1.3043478260869565,1,2,2.4,4,1
u-0157,2026-01-01,279,6,6,1,1,6,6,2,0,3,1,6,704.4,432.4,234.8,Trousers,0.3225806451612903,6,2,2.3333333333333335,16,0
u-0158,2026-01-01,230,31,31,0,0,0,0,0,0,5,0,105,951.44,0,190.29,Dresses,0.6521739130434783,0,4,2.2,0,1
u-0159,2026-01-01,48,5,5,3,3,12,12,4,1,3,2,5,709.2,524.2,236.4,Accessories,1.875,8,3,2.3333333333333335,34,0
u-0160,2026-01-01,193,1,1,6,6,26,26,4,2,7,1,27,2867.36,680.8,409.62,Outerwear,1.088082901554404,13,4,2.5714285714285716,65,0
u-0161,2026-01-01,201,2,2,5,5,20,20,5,1,6,1,16,1085.6,78,180.93,Accessories,0.8955223880597015,12,2,2.1666666666666665,52,0
u-0163,2026-01-01,60,5,5,3,3,9,9,1,0,1,0,55,210,0,210,Trousers,0.5,6,2,3,22,0
u-0164,2026-01-01,160,0,0,6,6,26,26,4,1,5,1,0,1411.68,261.28,282.34,Jackets,0.9375,14,6,3,64,0
u-0165,2026-01-01,313,3,3,7,7,28,28,3,2,8,0,40,1652.88,0,206.61,Jackets,0.7667731629392971,13,5,2.25,68,0
u-0166,2026-01-01,126,3,3,5,5,19,19,3,3,2,0,49,517.96,0,258.98,Jackets,0.47619047619047616,9,2,3,49,0
u-0167,2026-01-01,201,1,1,4,4,16,16,2,2,4,0,37,930.56,0,232.64,Trousers,0.5970149253731343,11,3,2.75,40,0
u-0168,2026-01-01,5,0,0,2,2,2,1,2,0,1,1,0,88,88,88,Trousers,1,1,1,1,8,0
u-0169,2026-01-01,216,20,20,1,1,1,1,0,0,2,0,73,442.72,0,221.36,Jackets,0.2777777777777778,1,2,2.5,3,1
u-0170,2026-01-01,218,6,6,5,5,23,23,0,3,7,0,42,1242.48,0,177.5,Trousers,0.963302752293578,13,3,2.142857142857143,54,0
u-0172,2026-01-01,142,2,2,5,5,19,19,5,3,2,1,19,370,185,185,Outerwear,0.4225352112676056,11,1,1,52,0
u-0173,2026-01-01,126,3,3,6,6,19,19,3,1,2,0,88,515.2,0,257.6,Shoes,0.47619047619047616,14,1,2,48,1
u-0174,2026-01-01,200,1,1,2,2,7,7,0,1,3,0,128,394,0,131.33,Shirts,0.44999999999999996,7,1,1.6666666666666667,17,0
u-0175,2026-01-01,48,0,0,9,9,36,36,10,3,4,3,17,642.48,554.48,160.62,Trousers,2.5,15,4,2,97,0
u-0176,2026-01-01,8,7,6,2,2,2,1,2,0,1,1,6,99,99,99,Jackets,1,1,1,1,8,1
u-0177,2026-01-01,11,4,4,2,2,2,1,2,0,1,1,4,140,140,140,Shoes,1,1,1,1,8,0
u-0178,2026-01-01,305,149,149,0,0,0,0,0,0,3,0,194,1456.36,0,485.45,Outerwear,0.29508196721311475,0,3,3.3333333333333335,0,1
u-0179,2026-01-01,147,27,27,1,1,1,1,0,0,2,0,141,370,0,185,Outerwear,0.4081632653061224,1,1,1,3,1
u-0180,2026-01-01,75,2,2,4,4,12,12,2,1,3,1,19,194,42,64.67,T-Shirts,1.2,9,1,1.6666666666666667,32,0
u-0181,2026-01-01,84,1,1,3,3,14,14,1,2,2,0,36,581.44,0,290.72,Sweaters,0.7142857142857143,9,3,3.5,34,0
u-0182,2026-01-01,249,18,18,1,1,1,0,0,0,1,0,240,96,0,96,Accessories,0.12048192771084336,0,1,2,2,1
u-0183,2026-01-01,102,2,2,3,3,12,12,4,1,2,1,23,278,95,139,Trousers,0.5882352941176471,8,1,1.5,33,0
u-0184,2026-01-01,87,35,35,0,0,0,0,0,0,1,0,79,42,0,42,T-Shirts,0.3448275862068966,0,1,1,0,0
u-0185,2026-01-01,19,8,8,2,2,2,1,2,0,1,1,8,185,185,185,Outerwear,1,1,1,1,8,0
u-0186,2026-01-01,121,5,5,5,5,22,22,5,3,5,2,5,993.68,575.68,198.74,Shoes,1.2396694214876034,11,3,1.8,59,1
u-0187,2026-01-01,39,4,4,5,5,19,19,4,3,2,1,11,633.16,435.16,316.58,Jackets,1.5384615384615383,13,2,3.5,51,0
u-0188,2026-01-01,26,6,6,3,4,7,6,2,0,1,1,15,99,99,99,Jackets,1,6,1,1,19,1
u-0189,2026-01-01,250,0,0,3,3,9,9,0,0,7,1,12,1729.84,88,247.12,Trousers,0.84,7,3,2.7142857142857144,22,0
u-0190,2026-01-01,315,244,244,0,0,0,0,0,0,1,0,306,242.88,0,242.88,Accessories,0.09523809523809523,0,1,4,0,1
u-0191,2026-01-01,104,42,42,0,0,0,0,0,0,1,0,102,110,0,110,Sweaters,0.28846153846153844,0,1,1,0,1
u-0192,2026-01-01,286,0,0,5,5,19,19,5,0,3,1,11,738.04,379.04,246.01,Trousers,0.3146853146853147,12,3,2.6666666666666665,49,0
u-0193,2026-01-01,51,3,3,6,6,26,26,4,0,2,1,8,427.04,287.04,213.52,Dresses,1.1764705882352942,14,2,2,63,0
u-0194,2026-01-01,122,44,44,0,0,0,0,0,0,1,0,120,42,0,42,T-Shirts,0.24590163934426232,0,1,1,0,1
u-0195,2026-01-01,73,27,27,1,1,1,1,0,0,1,0,66,268.64,0,268.64,Shirts,0.4109589041095891,1,1,4,3,1
u-0196,2026-01-01,28,9,9,3,3,8,7,3,0,1,1,19,203,203,203,Dresses,1,7,2,2,22,0
u-0197,2026-01-01,259,14,14,1,1,1,1,1,0,1,0,250,301.76,0,301.76,Shoes,0.11583011583011583,1,2,3,4,1
u-0198,2026-01-01,187,77,77,0,0,0,0,0,0,2,0,175,445,0,222.5,Trousers,0.32085561497326204,0,2,2.5,0,1
u-0199,2026-01-01,142,3,3,8,8,27,27,4,0,5,1,20,1495.56,351.44,299.11,Trousers,1.056338028169014,14,1,3.4,67,0
u-0200,2026-01-01,33,1,1,3,3,5,4,5,1,2,2,11,360.96,360.96,180.48,Accessories,1.8181818181818181,4,1,2.5,20,0
u-0201,2026-01-01,63,7,7,4,4,17,17,3,1,2,1,11,268,190,134,Shirts,0.9523809523809523,10,2,1.5,43,0
u-0202,2026-01-01,79,1,1,5,5,19,19,4,0,3,1,15,342,42,114,Shoes,1.139240506329114,11,3,1.3333333333333333,48,0
u-0203,2026-01-01,108,12,12,2,2,2,2,0,0,2,0,85,317.68,0,158.84,Sweaters,0.5555555555555556,2,2,2,6,0
u-0204,2026-01-01,352,2,2,8,8,36,36,6,2,15,1,25,2026,174,135.07,T-Shirts,1.278409090909091,13,7,2.7333333333333334,89,0
u-0206,2026-01-01,287,19,19,1,1,1,0,0,0,3,0,117,603.24,0,201.08,Jackets,0.31358885017421606,0,3,2.3333333333333335,2,0
u-0207,2026-01-01,349,2,2,4,4,18,18,3,2,8,0,51,1650.16,0,206.27,Accessories,0.6876790830945559,12,5,2.375,45,0
u-0208,2026-01-01,100,1,1,7,7,28,28,3,1,4,1,23,953.84,208,238.46,Dresses,1.2,15,6,2.75,68,0
u-0209,2026-01-01,292,3,3,3,3,6,6,0,1,9,0,30,1528.32,0,169.81,Jackets,0.9246575342465754,4,3,1.8888888888888888,16,1
u-0211,2026-01-01,328,1,1,3,3,10,10,3,1,8,1,17,2820.12,185,352.51,Outerwear,0.7317073170731707,7,4,2.25,28,0
u-0212,2026-01-01,66,22,22,1,1,1,1,0,0,1,0,63,285.2,0,285.2,Shirts,0.45454545454545453,1,2,4,3,0
u-0213,2026-01-01,204,3,3,2,2,7,7,2,0,6,1,3,1330.28,110,221.71,Trousers,0.8823529411764706,5,5,2.3333333333333335,19,0
u-0215,2026-01-01,84,3,2,7,7,30,30,3,1,5,2,3,1018.04,503.44,203.61,Shirts,1.7857142857142858,12,5,2.2,73,0
u-0216,2026-01-01,284,7,7,3,3,9,9,2,1,8,0,42,1896.12,0,237.01,Shirts,0.8450704225352113,8,5,2.75,24,0
u-0217,2026-01-01,201,62,62,0,0,0,0,0,0,1,0,192,42,0,42,T-Shirts,0.14925373134328357,0,1,1,0,1
u-0218,2026-01-01,219,2,2,8,8,29,29,3,2,5,0,57,1067.88,0,213.58,Trousers,0.684931506849315,13,3,2.4,71,0
u-0219,2026-01-01,208,7,7,2,2,5,5,1,1,4,0,57,530,0,132.5,Dresses,0.5769230769230769,5,3,1.25,14,0
u-0220,2026-01-01,80,4,4,3,3,13,13,1,2,3,1,4,853.56,245.64,284.52,Shirts,1.125,10,4,3,33,0
u-0221,2026-01-01,194,11,11,2,2,7,7,0,0,4,0,43,1117.76,0,279.44,Jackets,0.6185567010309279,6,3,3,16,0
u-0222,2026-01-01,188,2,2,8,8,37,37,4,3,7,1,17,2067.04,360.64,295.29,Shoes,1.1170212765957448,16,3,2.857142857142857,90,0
u-0223,2026-01-01,28,4,4,3,3,8,7,4,1,2,2,4,677.2,677.2,338.6,Shoes,2,7,3,2.5,25,1
u-0224,2026-01-01,157,7,7,3,3,11,11,1,1,3,0,58,800.48,0,266.83,Shoes,0.5732484076433121,9,2,2.3333333333333335,27,0
u-0225,2026-01-01,313,12,12,2,2,9,9,2,1,4,1,20,1086.28,396.52,271.57,Trousers,0.38338658146964855,5,5,2.75,24,0
u-0226,2026-01-01,217,86,86,0,0,0,0,0,0,2,0,170,1164.72,0,582.36,Outerwear,0.2764976958525346,0,2,4,0,1
u-0227,2026-01-01,294,170,170,0,0,0,0,0,0,1,0,290,110,0,110,Sweaters,0.1020408163265306,0,1,1,0,1
u-0228,2026-01-01,100,4,4,5,5,20,20,4,1,3,1,23,475.36,162,158.45,Shirts,0.8999999999999999,11,5,2,51,1
u-0229,2026-01-01,356,237,237,0,0,0,0,0,0,2,0,311,454.32,0,227.16,Shirts,0.16853932584269662,0,2,3,0,1
u-0230,2026-01-01,211,1,1,6,6,21,21,5,3,8,2,10,2448.36,701.12,306.05,Outerwear,1.1374407582938388,12,4,2,58,0
u-0231,2026-01-01,231,5,4,4,4,15,15,2,0,8,1,5,1456.64,433.32,182.08,T-Shirts,1.0389610389610389,9,6,3,37,0
u-0232,2026-01-01,287,2,2,7,7,32,32,2,1,11,0,38,2144.56,0,194.96,Sweaters,1.1498257839721255,15,6,2.090909090909091,74,1
u-0233,2026-01-01,143,11,11,2,2,7,7,2,0,2,0,61,693.68,0,346.84,Outerwear,0.4195804195804196,5,3,2.5,18,0
u-0234,2026-01-01,36,3,3,7,7,20,19,8,3,2,2,15,680.8,680.8,340.4,Outerwear,1.6666666666666667,11,1,2,59,0
u-0235,2026-01-01,157,45,45,0,0,0,0,0,0,3,0,128,950.44,0,316.81,Outerwear,0.5732484076433121,0,2,2,0,1
u-0236,2026-01-01,226,6,6,3,3,3,3,0,0,8,0,35,2548.96,0,318.62,Shoes,1.0619469026548674,2,6,2.875,9,1
u-0237,2026-01-01,87,20,20,1,1,1,1,0,0,1,0,77,261.28,0,261.28,Jackets,0.3448275862068966,1,2,2,3,1
u-0238,2026-01-01,261,3,3,5,5,23,23,5,1,7,2,17,1427.88,562,203.98,Accessories,0.8045977011494253,12,4,2,59,1
u-0239,2026-01-01,199,1,1,5,5,23,23,4,2,5,0,59,757.76,0,151.55,Sweaters,0.7537688442211055,12,2,1.8,57,0
u-0240,2026-01-01,262,1,1,8,8,27,27,7,1,14,2,8,3568.32,495.04,254.88,Dresses,1.603053435114504,13,7,2.642857142857143,72,0
u-0241,2026-01-01,244,36,36,0,0,0,0,0,0,4,0,103,431,0,107.75,T-Shirts,0.49180327868852464,0,4,1.75,0,1
u-0242,2026-01-01,29,1,1,4,4,8,7,2,1,1,1,23,231.84,231.84,231.84,Trousers,1,5,2,3,23,1
u-0243,2026-01-01,365,2,2,3,3,10,10,3,2,5,0,70,817.12,0,163.42,Dresses,0.4109589041095891,7,3,1.8,28,0
u-0244,2026-01-01,205,87,87,0,0,0,0,0,0,1,0,198,84,0,84,Sweaters,0.14634146341463417,0,1,1,0,1
u-0245,2026-01-01,305,12,12,3,3,13,13,1,1,8,0,42,2414.8,0,301.85,Dresses,0.7868852459016394,9,5,3.25,31,1
u-0246,2026-01-01,309,97,97,0,0,0,0,0,0,2,0,268,186,0,93,Accessories,0.1941747572815534,0,2,2,0,0
u-0247,2026-01-01,246,20,20,1,1,1,1,0,0,2,0,57,280,0,140,Trousers,0.24390243902439027,1,1,1.5,3,0
u-0248,2026-01-01,196,6,6,2,2,7,7,3,0,4,1,6,1059.92,279.68,264.98,Dresses,0.6122448979591837,5,4,2.75,20,0
u-0249,2026-01-01,281,119,119,0,0,0,0,0,0,6,0,138,3017.68,0,502.95,Outerwear,0.6405693950177935,0,4,3.3333333333333335,0,1
u-0250,2026-01-01,286,28,27,1,1,6,6,1,0,11,0,55,3046.08,0,276.92,Shoes,1.153846153846154,6,6,2.5454545454545454,14,1
u-0252,2026-01-01,278,11,11,2,2,10,10,0,0,5,0,67,1125.92,0,225.18,Dresses,0.539568345323741,7,4,2.2,22,0
u-0253,2026-01-01,177,14,14,1,1,1,1,0,0,3,0,67,314,0,104.67,Accessories,0.5084745762711864,1,3,1.3333333333333333,3,0
u-0254,2026-01-01,251,1,1,4,4,17,17,4,1,7,1,5,1782.4,283.36,254.63,Shoes,0.8366533864541832,12,4,2.4285714285714284,44,0
u-0255,2026-01-01,179,114,114,0,0,0,0,0,0,1,0,172,176,0,176,Shirts,0.16759776536312848,0,2,2,0,1
u-0256,2026-01-01,101,3,3,3,3,3,3,0,0,3,0,63,599.68,0,199.89,Dresses,0.8910891089108911,3,3,2,9,1
u-0257,2026-01-01,304,78,77,0,0,0,0,0,0,4,0,78,1174.08,0,293.52,Shoes,0.39473684210526316,0,3,2.75,0,1
u-0258,2026-01-01,38,0,0,3,3,13,13,3,2,2,1,10,407,222,203.5,Dresses,1.5789473684210527,8,4,2,35,0
u-0259,2026-01-01,254,2,2,6,6,22,22,4,0,8,1,21,917,222,114.63,T-Shirts,0.9448818897637795,11,4,2.125,55,0
u-0260,2026-01-01,198,77,77,0,0,0,0,0,0,2,0,136,533.8,0,266.9,Jackets,0.30303030303030304,0,2,3,0,1
u-0261,2026-01-01,328,252,252,0,0,0,0,0,0,3,0,267,815.68,0,271.89,Jackets,0.27439024390243905,0,2,2.6666666666666665,0,0
u-0262,2026-01-01,255,16,16,1,1,1,1,0,0,4,0,83,879.96,0,219.99,Accessories,0.47058823529411764,1,3,2,3,1
u-0263,2026-01-01,98,3,3,5,5,10,10,4,0,4,1,27,755.24,167,188.81,T-Shirts,1.2244897959183674,9,4,2.5,30,0
u-0264,2026-01-01,275,5,5,5,5,22,22,3,2,8,1,10,1984.4,368,248.05,Shirts,0.8727272727272728,15,5,3,55,0
u-0265,2026-01-01,240,4,4,2,2,2,2,0,0,4,0,102,356,0,89,T-Shirts,0.5,2,2,2.25,6,1
u-0267,2026-01-01,103,17,17,1,1,1,1,0,0,3,0,61,662.16,0,220.72,T-Shirts,0.8737864077669903,1,5,3,3,1
u-0268,2026-01-01,219,30,29,0,1,1,1,0,0,3,0,64,816.04,0,272.01,Trousers,0.4109589041095891,1,2,3,2,0
u-0269,2026-01-01,273,102,102,0,0,0,0,0,0,3,0,232,634,0,211.33,Shoes,0.32967032967032966,0,3,2.3333333333333335,0,0
u-0270,2026-01-01,299,104,104,0,0,0,0,0,0,2,0,245,381.96,0,190.98,Shoes,0.20066889632107024,0,3,1.5,0,1
u-0271,2026-01-01,338,56,56,0,0,0,0,0,0,5,0,122,486,0,97.2,T-Shirts,0.4437869822485207,0,2,2.6,0,1
u-0272,2026-01-01,36,10,10,2,2,7,6,3,0,1,1,26,216,216,216,Accessories,0.8333333333333334,5,2,2,19,0
u-0273,2026-01-01,189,5,5,2,2,12,12,1,1,3,1,20,863.88,273.24,287.96,Jackets,0.4761904761904762,8,2,3.3333333333333335,29,0
u-0274,2026-01-01,17,10,10,2,2,2,1,2,0,1,1,10,402.96,402.96,402.96,Outerwear,1,1,2,3,8,0
u-0275,2026-01-01,355,7,7,3,3,16,16,4,2,13,2,7,4054.44,922.76,311.88,Outerwear,1.0985915492957745,11,8,2.230769230769231,43,0
u-0276,2026-01-01,70,5,5,2,2,8,8,2,0,1,0,64,455.4,0,455.4,Jackets,0.42857142857142855,7,1,5,20,1
u-0277,2026-01-01,127,8,8,2,2,8,8,2,1,5,0,33,1098.28,0,219.66,Shoes,1.1811023622047243,6,3,1.8,21,0
u-0278,2026-01-01,14,8,8,2,2,2,1,2,0,1,1,8,194,194,194,Sweaters,1,1,1,2,8,0
u-0279,2026-01-01,14,0,0,4,4,10,9,2,1,1,1,10,520.72,520.72,520.72,Outerwear,1,6,3,4,27,0
u-0280,2026-01-01,108,1,1,4,4,21,21,1,0,5,1,25,774.04,264.04,154.81,T-Shirts,1.3888888888888888,12,4,2.6,48,0
u-0281,2026-01-01,155,6,6,3,3,9,9,4,0,5,2,6,1702.36,922.76,340.47,Outerwear,0.9677419354838709,9,3,2.2,27,0
u-0282,2026-01-01,105,9,9,3,3,11,11,3,1,2,1,26,360,208,180,Dresses,0.5714285714285714,9,2,2,30,0
u-0283,2026-01-01,231,41,41,0,0,0,0,0,0,4,0,132,1737.96,0,434.49,Outerwear,0.5194805194805194,0,2,2.75,0,1
u-0284,2026-01-01,114,5,5,3,3,13,13,4,2,3,1,22,916.32,340.4,305.44,Outerwear,0.7894736842105263,12,3,2.3333333333333335,36,0
u-0285,2026-01-01,338,69,68,0,0,0,0,0,0,4,0,130,844.88,0,211.22,Shirts,0.35502958579881655,0,1,2.75,0,1
u-0286,2026-01-01,241,2,2,7,7,27,27,5,0,10,0,39,2426.48,0,242.65,Trousers,1.2448132780082988,13,6,2.8,66,0
u-0287,2026-01-01,104,6,6,5,5,21,21,3,2,5,1,16,986.24,228,197.25,Shirts,1.4423076923076923,12,2,2.6,53,0
u-0288,2026-01-01,21,7,7,4,4,8,7,3,0,1,1,16,331.2,331.2,331.2,Accessories,1,4,1,3,23,0
u-0289,2026-01-01,329,43,43,0,0,0,0,0,0,5,0,101,918,0,183.6,Jackets,0.45592705167173253,0,3,1.8,0,1
u-0290,2026-01-01,178,1,1,7,7,34,34,5,3,8,3,10,1457.2,451,182.15,Trousers,1.348314606741573,16,5,2.125,86,0
u-0292,2026-01-01,83,3,3,5,5,16,16,4,3,5,2,14,1182.2,391,236.44,Trousers,1.8072289156626506,9,3,2.4,46,0
u-0293,2026-01-01,116,21,21,1,1,1,1,1,0,4,0,59,1035.24,0,258.81,Sweaters,1.0344827586206897,1,5,2.75,4,1
u-0294,2026-01-01,44,6,6,3,3,8,8,1,0,1,0,41,216,0,216,Accessories,0.6818181818181819,7,1,3,20,0
u-0295,2026-01-01,362,4,4,4,4,14,14,1,1,9,0,64,1950.36,0,216.71,Trousers,0.7458563535911602,10,6,2.4444444444444446,34,0
u-0296,2026-01-01,127,7,6,1,1,1,1,0,0,1,0,106,239.2,0,239.2,Trousers,0.23622047244094488,1,2,3,3,1
u-0297,2026-01-01,285,82,82,0,0,0,0,0,0,6,0,118,1372.16,0,228.69,Jackets,0.631578947368421,0,4,2.5,0,1
u-0298,2026-01-01,284,4,4,6,6,22,22,5,1,7,1,14,2026.96,297.16,289.57,Jackets,0.7394366197183099,14,7,2.857142857142857,57,0
u-0299,2026-01-01,56,3,2,4,4,13,13,3,0,1,1,3,253.92,253.92,253.92,Jackets,0.5357142857142857,8,2,3,34,0
u-0300,2026-01-01,259,2,2,6,6,14,14,2,2,9,1,12,2911.6,219,323.51,Outerwear,1.0424710424710426,12,5,2.5555555555555554,39,0
u-0301,2026-01-01,142,0,0,4,4,15,15,4,3,3,1,0,447.56,99,149.19,Accessories,0.6338028169014085,10,3,1.6666666666666667,42,0
u-0304,2026-01-01,284,7,7,2,2,3,3,0,1,10,0,41,2506.72,0,250.67,Accessories,1.056338028169014,3,7,2.5,9,0
u-0305,2026-01-01,182,6,6,4,4,15,15,2,0,3,0,42,290,0,96.67,Shirts,0.4945054945054945,9,3,1.3333333333333333,36,0
u-0306,2026-01-01,124,10,10,2,2,11,11,2,1,4,1,10,578,120,144.5,Accessories,0.9677419354838709,6,3,1.5,28,0
u-0307,2026-01-01,111,58,58,0,0,0,0,0,0,1,0,102,250,0,250,Shoes,0.27027027027027023,0,2,2,0,0
u-0308,2026-01-01,181,3,3,3,3,9,9,2,1,3,0,92,756.64,0,252.21,Dresses,0.4972375690607735,6,4,2.6666666666666665,24,0
u-0309,2026-01-01,292,7,7,2,2,2,2,0,0,8,0,90,1820,0,227.5,Shoes,0.8219178082191781,2,2,2.125,6,1
u-0310,2026-01-01,27,8,8,6,6,15,13,3,1,2,2,14,1191.4,1191.4,595.7,Outerwear,2,8,1,3.5,40,0
u-0312,2026-01-01,66,3,2,4,5,20,20,3,1,1,1,10,240,240,240,Accessories,0.45454545454545453,11,1,2,49,0
u-0313,2026-01-01,35,10,10,3,3,9,8,3,0,2,2,10,358.12,358.12,179.06,Trousers,1.7142857142857142,6,1,2,25,0
u-0314,2026-01-01,81,4,4,7,7,24,24,4,4,2,1,23,597.32,164,298.66,Trousers,0.7407407407407407,12,3,3,64,0
u-0315,2026-01-01,234,2,2,4,4,16,16,1,1,5,0,41,1604.72,0,320.94,Outerwear,0.6410256410256411,11,3,2,38,0
u-0316,2026-01-01,130,10,10,2,2,8,8,2,1,3,0,30,434,0,144.67,T-Shirts,0.6923076923076924,6,3,2.6666666666666665,21,0
u-0317,2026-01-01,32,1,1,4,4,12,11,4,0,1,1,26,408.48,408.48,408.48,Accessories,0.9375,9,2,4,32,1
u-0318,2026-01-01,306,0,0,5,5,20,20,2,0,9,1,29,1809.72,224,201.08,Dresses,0.8823529411764707,12,7,2.111111111111111,48,0
u-0319,2026-01-01,319,179,179,0,0,0,0,0,0,3,0,188,678.08,0,226.03,Dresses,0.2821316614420063,0,1,2.3333333333333335,0,1
u-0320,2026-01-01,102,5,5,4,4,7,7,1,1,4,0,48,1204.16,0,301.04,Dresses,1.1764705882352942,6,2,3.25,20,1
u-0321,2026-01-01,336,3,3,3,3,13,13,2,3,12,1,19,4551.32,261.28,379.28,Outerwear,1.0714285714285714,11,6,2.5,35,0
u-0322,2026-01-01,127,4,4,3,3,9,9,4,0,4,2,18,958.4,479.36,239.6,Dresses,0.9448818897637795,7,3,2.5,27,0
u-0323,2026-01-01,97,1,1,3,3,13,13,1,0,2,0,46,579.6,0,289.8,Sweaters,0.6185567010309279,10,3,3,30,1
u-0324,2026-01-01,253,3,3,3,3,6,6,1,0,6,0,43,1032.88,0,172.15,Dresses,0.7114624505928854,6,4,1.8333333333333333,16,0
u-0325,2026-01-01,343,9,9,3,3,10,10,3,1,8,1,28,1909.88,99,238.73,Jackets,0.6997084548104956,8,5,2.375,28,0
u-0326,2026-01-01,154,20,20,2,2,12,12,3,0,4,1,20,626.16,42,156.54,T-Shirts,0.7792207792207791,7,4,2.5,30,1
u-0327,2026-01-01,281,0,0,6,6,32,32,1,4,7,0,35,1177.76,0,168.25,Accessories,0.7473309608540925,15,3,2.142857142857143,75,0
u-0328,2026-01-01,39,1,1,8,8,34,34,5,4,1,0,31,112,0,112,Shoes,0.7692307692307692,14,1,1,85,0
u-0329,2026-01-01,235,2,2,7,7,23,23,7,4,7,1,21,1114.8,126,159.26,Shirts,0.8936170212765958,12,5,1.8571428571428572,65,0
u-0330,2026-01-01,75,9,9,2,2,2,2,0,0,1,0,71,288.88,0,288.88,Shoes,0.4,2,2,3,6,1
u-0331,2026-01-01,49,0,0,4,4,16,16,2,2,1,0,44,84,0,84,Sweaters,0.6122448979591837,10,1,1,40,0
u-0332,2026-01-01,198,31,31,0,0,0,0,0,0,3,0,110,758.16,0,252.72,Outerwear,0.4545454545454546,0,2,1.6666666666666667,0,1
u-0333,2026-01-01,105,4,4,3,3,15,15,1,0,1,0,103,240,0,240,Accessories,0.2857142857142857,10,1,2,34,0
u-0334,2026-01-01,218,68,67,0,0,0,0,0,0,1,0,197,415.84,0,415.84,Accessories,0.13761467889908258,0,2,4,0,0
u-0336,2026-01-01,10,3,3,2,2,2,1,2,0,1,1,3,405.72,405.72,405.72,Dresses,1,1,3,4,8,0
u-0337,2026-01-01,204,127,127,0,0,0,0,0,0,2,0,183,204,0,102,Shoes,0.29411764705882354,0,2,1,0,1
u-0339,2026-01-01,249,95,95,0,0,0,0,0,0,5,0,157,1373.6,0,274.72,Sweaters,0.6024096385542168,0,4,3.2,0,1
u-0340,2026-01-01,154,1,1,5,5,19,19,4,1,4,1,1,1065.68,96,266.42,Trousers,0.7792207792207791,11,2,3,49,0
u-0341,2026-01-01,256,1,1,4,4,17,17,4,2,8,2,4,1508.32,206,188.54,Trousers,0.9375,11,3,2.125,46,0
u-0342,2026-01-01,87,0,0,5,5,21,21,2,1,5,1,21,913.6,334.88,182.72,T-Shirts,1.7241379310344829,11,4,2.6,51,0
u-0343,2026-01-01,121,1,1,2,2,2,2,1,0,3,0,45,861.28,0,287.09,Shoes,0.7438016528925621,2,1,2.3333333333333335,7,1
u-0344,2026-01-01,184,3,3,4,4,17,17,2,1,6,1,11,1097.6,303.6,182.93,Shirts,0.9782608695652173,11,4,2.3333333333333335,42,0
u-0345,2026-01-01,25,6,6,5,6,19,18,5,2,2,2,11,298,298,149,Accessories,2,11,2,2.5,51,0
u-0346,2026-01-01,350,4,4,3,3,12,12,1,0,8,0,43,2089.32,0,261.16,Sweaters,0.6857142857142857,7,6,2.75,28,0
u-0347,2026-01-01,10,4,4,2,2,2,1,2,0,1,1,4,316.48,316.48,316.48,Shoes,1,1,2,3,8,0
u-0348,2026-01-01,283,6,6,3,3,8,8,2,3,3,0,43,1214.48,0,404.83,Outerwear,0.31802120141342755,5,2,2.6666666666666665,24,0
u-0349,2026-01-01,17,8,8,2,2,2,1,2,0,1,1,8,208,208,208,Dresses,1,1,1,2,8,1
u-0350,2026-01-01,80,8,8,3,3,11,11,3,2,2,1,15,408,204,204,Shirts,0.75,10,2,3,31,0
u-0351,2026-01-01,83,1,1,4,4,16,16,4,1,3,2,6,228,126,76,T-Shirts,1.0843373493975903,10,2,1.6666666666666667,43,0
u-0352,2026-01-01,61,1,1,2,2,6,6,2,1,2,1,11,280,84,140,Sweaters,0.9836065573770493,4,3,1.5,18,0
u-0353,2026-01-01,215,1,1,5,5,18,18,3,0,5,1,24,815.04,42,163.01,T-Shirts,0.6976744186046512,10,5,2.4,45,1
u-0354,2026-01-01,166,5,5,3,3,12,12,2,2,3,1,14,414,110,138,Sweaters,0.5421686746987951,9,1,1.3333333333333333,32,0
u-0355,2026-01-01,196,129,129,0,0,0,0,0,0,2,0,177,404,0,202,Dresses,0.30612244897959184,0,2,2,0,1
u-0356,2026-01-01,324,6,6,4,4,14,14,1,1,11,0,64,4562.16,0,414.74,Outerwear,1.0185185185185184,10,6,2.8181818181818183,34,0
u-0357,2026-01-01,356,70,70,0,0,0,0,0,0,6,0,81,684,0,114,T-Shirts,0.5056179775280899,0,4,2,0,0
u-0358,2026-01-01,273,7,7,3,3,3,3,1,0,5,0,49,1409.16,0,281.83,Dresses,0.5494505494505495,3,6,3,10,1
u-0359,2026-01-01,141,27,27,1,1,1,0,0,0,1,0,135,102,0,102,T-Shirts,0.2127659574468085,0,1,3,2,1
u-0360,2026-01-01,35,11,11,2,2,7,6,3,1,2,2,11,596.32,596.32,298.16,Jackets,1.7142857142857142,4,2,3.5,21,0
u-0361,2026-01-01,343,229,229,0,0,0,0,0,0,2,0,310,521.64,0,260.82,Sweaters,0.1749271137026239,0,2,3,0,1
u-0362,2026-01-01,24,1,1,4,4,13,12,4,2,1,1,14,84,84,84,Sweaters,1,10,1,1,36,0
u-0363,2026-01-01,153,0,0,4,4,10,10,2,2,3,1,10,551.96,95,183.99,Trousers,0.5882352941176471,9,2,2,29,1
u-0364,2026-01-01,118,9,9,3,3,18,18,0,1,4,0,33,794.76,0,198.69,Trousers,1.0169491525423728,10,6,2,40,0
u-0365,2026-01-01,154,4,4,2,2,2,2,0,0,2,0,106,640.32,0,320.16,Trousers,0.3896103896103896,1,3,3.5,6,0
u-0366,2026-01-01,329,13,13,2,2,2,2,1,0,14,0,66,4647.36,0,331.95,Outerwear,1.2765957446808511,2,6,2.2857142857142856,7,1
u-0367,2026-01-01,66,8,8,1,1,1,1,0,0,1,0,56,188,0,188,Dresses,0.45454545454545453,1,2,2,3,1
u-0368,2026-01-01,170,4,4,4,4,15,15,2,0,6,1,16,1297.4,99,216.23,Jackets,1.0588235294117647,12,5,2.1666666666666665,37,0
u-0369,2026-01-01,236,1,1,3,3,7,7,3,0,8,1,29,1632.72,78,204.09,Sweaters,1.0169491525423728,5,4,2.375,21,0
u-0370,2026-01-01,166,10,10,1,1,1,1,1,0,3,0,57,949.44,0,316.48,Sweaters,0.5421686746987951,1,2,3.6666666666666665,4,1
u-0372,2026-01-01,261,2,2,2,2,2,2,1,0,7,0,52,1542.4,0,220.34,Trousers,0.8045977011494253,2,4,2.5714285714285716,7,1
u-0373,2026-01-01,182,7,7,3,3,11,11,2,1,4,1,26,864.4,236,216.1,Shoes,0.6593406593406593,8,4,2.25,29,0
u-0374,2026-01-01,79,4,4,3,3,17,17,0,1,2,0,48,436.56,0,218.28,Trousers,0.759493670886076,10,2,2.5,38,0
u-0375,2026-01-01,291,10,10,2,2,4,4,2,1,5,0,77,764.2,0,152.84,T-Shirts,0.5154639175257733,4,4,2.8,13,0
u-0376,2026-01-01,60,8,8,2,2,9,9,2,0,2,1,19,553.56,361.56,276.78,Trousers,1,6,3,2.5,23,0
u-0377,2026-01-01,71,0,0,4,4,17,17,1,1,2,1,6,240,184,120,Accessories,0.8450704225352113,10,2,2,41,0
u-0378,2026-01-01,341,0,0,5,5,17,17,4,2,8,1,24,1430.48,78,178.81,Shirts,0.7038123167155425,10,4,2.25,46,0
u-0379,2026-01-01,331,156,155,0,0,0,0,0,0,6,0,169,1124.76,0,187.46,Dresses,0.5438066465256798,0,3,1.8333333333333333,0,1
u-0380,2026-01-01,236,0,0,4,4,15,15,4,1,6,1,24,1433.32,257.6,238.89,Dresses,0.7627118644067797,11,4,2.8333333333333335,40,0
u-0381,2026-01-01,199,102,102,0,0,0,0,0,0,2,0,157,531.84,0,265.92,Outerwear,0.3015075376884422,0,2,2,0,1
u-0382,2026-01-01,103,9,9,1,1,1,1,0,0,1,0,94,428.72,0,428.72,Sweaters,0.29126213592233013,1,2,5,3,0
u-0383,2026-01-01,224,77,77,0,0,0,0,0,0,4,0,112,1058.08,0,264.52,Dresses,0.5357142857142857,0,2,2.75,0,1
u-0384,2026-01-01,310,10,10,2,2,2,2,1,0,9,0,112,1088.24,0,120.92,T-Shirts,0.8709677419354839,2,6,2.111111111111111,7,0
u-0385,2026-01-01,229,162,162,0,0,0,0,0,0,1,0,225,613.64,0,613.64,Jackets,0.13100436681222707,0,2,5,0,1
u-0388,2026-01-01,202,131,131,0,0,0,0,0,0,1,0,192,184,0,184,Shirts,0.1485148514851485,0,1,2,0,1
u-0389,2026-01-01,57,1,1,8,8,31,31,4,3,2,1,10,351.12,88,175.56,Trousers,1.0526315789473684,13,1,2,78,0
u-0390,2026-01-01,22,17,17,2,2,2,1,2,0,1,1,17,56,56,56,Accessories,1,1,1,1,8,0
u-0391,2026-01-01,40,7,7,3,3,15,15,3,1,2,1,27,701.36,605.36,350.68,Accessories,1.5,11,2,3.5,38,1
u-0392,2026-01-01,329,171,171,0,0,0,0,0,0,4,0,195,478,0,119.5,Dresses,0.364741641337386,0,3,1.25,0,1
u-0393,2026-01-01,197,6,6,2,2,9,9,1,0,3,0,46,578.56,0,192.85,Sweaters,0.4568527918781726,5,3,2,21,0
u-0394,2026-01-01,272,1,1,5,5,23,23,3,1,6,1,13,1743.48,185,290.58,Outerwear,0.6617647058823529,12,6,2.1666666666666665,56,0
u-0395,2026-01-01,213,2,2,7,7,28,28,6,2,7,3,2,1495.4,604.68,213.63,Trousers,0.9859154929577465,13,3,2.4285714285714284,74,0
u-0396,2026-01-01,109,6,6,4,4,16,16,4,1,2,1,24,542.08,198,271.04,Jackets,0.5504587155963303,10,2,3,42,0
u-0397,2026-01-01,315,5,5,2,2,8,8,1,1,6,0,53,1713.12,0,285.52,Outerwear,0.5714285714285714,8,4,2,20,0
u-0398,2026-01-01,173,9,9,2,2,9,9,3,1,6,2,9,1206.32,284,201.05,Shirts,1.0404624277456647,7,3,2.3333333333333335,26,0
u-0399,2026-01-01,324,0,0,3,3,8,8,2,1,5,1,12,872.04,206,174.41,Sweaters,0.4629629629629629,6,5,2.2,23,1
u-0400,2026-01-01,209,9,9,2,2,10,10,1,0,3,0,51,750.56,0,250.19,Shoes,0.43062200956937796,8,3,2.6666666666666665,23,1
u-0401,2026-01-01,262,119,119,0,0,0,0,0,0,4,0,196,1101.92,0,275.48,Shoes,0.45801526717557256,0,3,2.75,0,1
u-0402,2026-01-01,172,57,57,0,0,0,0,0,0,1,0,164,383.64,0,383.64,Jackets,0.1744186046511628,0,2,4,0,0
u-0403,2026-01-01,116,6,6,2,2,5,5,2,0,3,1,6,418.88,242.88,139.63,Accessories,0.7758620689655172,5,1,2,15,0
u-0404,2026-01-01,254,12,12,2,2,8,8,1,1,5,1,23,839.76,278.76,167.95,T-Shirts,0.5905511811023622,7,5,3.6,21,0
u-0405,2026-01-01,104,4,4,4,4,17,17,3,3,3,1,29,555.24,183,185.08,Jackets,0.8653846153846153,9,2,2,45,1
u-0407,2026-01-01,42,12,12,2,2,6,6,1,0,2,1,22,440.56,194,220.28,Sweaters,1.4285714285714286,5,2,2.5,16,0
u-0408,2026-01-01,77,2,2,4,4,11,11,2,1,4,1,23,1139.04,287.04,284.76,Dresses,1.5584415584415583,7,3,2.75,30,0
u-0409,2026-01-01,328,115,115,0,0,0,0,0,0,4,0,179,262,0,65.5,T-Shirts,0.36585365853658536,0,1,1.75,0,1
u-0410,2026-01-01,260,97,97,0,0,0,0,0,0,4,0,142,662.24,0,165.56,Jackets,0.46153846153846156,0,2,1.75,0,1
u-0411,2026-01-01,16,9,8,2,3,2,1,2,0,1,1,8,183,183,183,Trousers,1,1,1,2,8,0
u-0412,2026-01-01,253,0,0,3,3,11,11,2,1,7,1,22,2297.96,680.8,328.28,Outerwear,0.8300395256916996,8,6,2.5714285714285716,29,0
u-0413,2026-01-01,347,4,4,2,2,7,7,1,1,7,0,31,3413.8,0,487.69,Outerwear,0.6051873198847262,7,5,3.4285714285714284,18,0
u-0414,2026-01-01,14,3,3,3,3,4,3,2,1,1,1,11,76,76,76,Shirts,1,3,1,1,14,0
u-0415,2026-01-01,325,125,125,0,0,0,0,0,0,6,0,140,1636.4,0,272.73,Jackets,0.5538461538461538,0,5,2.8333333333333335,0,1
u-0416,2026-01-01,218,0,0,2,2,3,3,1,0,4,1,0,945.28,320.16,236.32,Shoes,0.5504587155963303,3,3,2.25,10,0
u-0417,2026-01-01,309,0,0,7,7,34,34,5,2,11,1,28,2790.68,297.16,253.7,Shoes,1.0679611650485437,15,5,2.3636363636363638,83,0
u-0418,2026-01-01,195,2,2,4,4,18,18,1,1,5,1,18,661,208,132.2,T-Shirts,0.7692307692307693,13,4,2.6,43,0
u-0419,2026-01-01,16,1,1,3,3,8,7,3,0,1,1,5,244.72,244.72,244.72,Shirts,1,6,2,3,22,0
u-0420,2026-01-01,61,1,1,4,4,15,15,3,3,2,1,10,657.6,216,328.8,Accessories,0.9836065573770493,11,1,3.5,41,0
u-0421,2026-01-01,193,90,90,0,0,0,0,0,0,2,0,90,372.48,0,186.24,T-Shirts,0.31088082901554404,0,2,4,0,1
u-0422,2026-01-01,273,28,28,1,1,1,1,0,0,3,0,90,573.68,0,191.23,T-Shirts,0.32967032967032966,1,4,3,3,1
u-0424,2026-01-01,19,4,4,3,3,6,5,3,0,1,1,8,391,391,391,Accessories,1,5,2,3,18,0
u-0425,2026-01-01,107,7,7,2,2,12,12,2,2,3,1,19,273,42,91,T-Shirts,0.8411214953271028,10,2,2,31,0
u-0426,2026-01-01,41,35,35,0,0,0,0,0,0,1,0,35,143,0,143,Accessories,0.7317073170731707,0,2,2,0,0
u-0427,2026-01-01,289,7,7,3,3,9,9,2,0,5,0,35,1086.52,0,217.3,Sweaters,0.5190311418685122,6,3,2.2,23,0
u-0428,2026-01-01,148,5,5,2,2,2,2,0,0,4,0,42,659.76,0,164.94,Dresses,0.8108108108108107,2,5,2,6,1
u-0429,2026-01-01,161,30,30,0,0,0,0,0,0,3,0,74,579,0,193,Accessories,0.5590062111801243,0,2,1.6666666666666667,0,1
u-0431,2026-01-01,151,11,11,3,3,5,5,3,0,5,0,51,1358.56,0,271.71,Shoes,0.9933774834437087,4,1,2.4,16,0
u-0432,2026-01-01,210,3,3,4,4,12,12,1,2,6,0,37,1258.56,0,209.76,Sweaters,0.8571428571428571,9,1,2.3333333333333335,31,0
u-0433,2026-01-01,106,12,12,3,3,10,10,2,0,3,1,24,160,42,53.33,T-Shirts,0.8490566037735849,8,2,1,26,0
u-0434,2026-01-01,178,5,5,2,2,8,8,1,1,4,1,5,1221.8,515.2,305.45,Outerwear,0.6741573033707865,8,4,2.25,21,0
u-0435,2026-01-01,20,6,6,3,3,3,2,2,0,2,2,6,429.2,429.2,214.6,Sweaters,2,2,4,2.5,12,0
u-0436,2026-01-01,262,34,34,0,0,0,0,0,0,9,0,89,1451.68,0,161.3,T-Shirts,1.0305343511450382,0,6,2.6666666666666665,0,0
u-0437,2026-01-01,204,5,5,5,5,10,10,4,2,4,0,38,604.84,0,151.21,Shirts,0.5882352941176471,9,3,1.75,31,0
u-0438,2026-01-01,73,0,0,9,9,38,38,5,3,3,1,14,971,120,323.67,Outerwear,1.2328767123287672,16,2,2,94,0
u-0439,2026-01-01,339,164,164,0,0,0,0,0,0,3,0,214,433.68,0,144.56,Trousers,0.2654867256637168,0,3,1.6666666666666667,0,1
u-0440,2026-01-01,288,4,4,3,3,10,10,2,1,6,1,4,1135,56,189.17,Accessories,0.625,6,5,1.8333333333333333,27,0
u-0441,2026-01-01,193,6,6,2,2,6,6,3,0,4,1,17,676.48,120,169.12,Accessories,0.6217616580310881,5,2,1.5,18,0
u-0442,2026-01-01,301,123,123,0,0,0,0,0,0,8,0,146,1016,0,127,T-Shirts,0.7973421926910299,0,4,2.375,0,1
u-0443,2026-01-01,256,3,3,2,2,5,5,3,0,9,1,3,1988.44,99,220.94,Sweaters,1.0546875,4,5,2.4444444444444446,16,0
u-0444,2026-01-01,333,81,81,0,0,0,0,0,0,4,0,184,590,0,147.5,Sweaters,0.3603603603603604,0,2,1.75,0,0
u-0445,2026-01-01,306,6,6,5,5,18,17,1,3,7,1,25,1609.96,167,229.99,Jackets,0.6862745098039216,10,4,2.4285714285714284,45,1
u-0446,2026-01-01,267,0,0,5,5,20,20,4,2,8,1,22,2068,320.16,258.5,Trousers,0.898876404494382,11,7,2.875,52,0
u-0447,2026-01-01,339,14,14,2,2,6,6,0,0,6,0,62,1406.04,0,234.34,Shoes,0.5309734513274336,4,5,2.1666666666666665,14,1
u-0448,2026-01-01,107,21,21,1,1,1,1,1,0,1,0,103,273.24,0,273.24,Jackets,0.2803738317757009,1,1,3,4,1
u-0449,2026-01-01,327,4,4,5,5,16,16,2,3,8,1,11,1414.12,184,176.77,Trousers,0.7339449541284403,11,2,2,43,0
u-0450,2026-01-01,32,3,3,4,5,16,15,4,1,1,1,24,278.76,278.76,278.76,Dresses,0.9375,10,2,3,41,0
u-0451,2026-01-01,232,174,174,0,0,0,0,0,0,2,0,184,545.2,0,272.6,Shirts,0.25862068965517243,0,2,3.5,0,0
u-0452,2026-01-01,173,0,0,2,2,7,7,3,0,5,1,0,567.84,42,113.57,Shoes,0.8670520231213873,5,2,1.2,20,0
u-0453,2026-01-01,162,7,7,3,3,16,16,1,2,4,0,44,382,0,95.5,T-Shirts,0.7407407407407407,10,3,1.75,38,0
u-0455,2026-01-01,310,141,141,0,0,0,0,0,0,1,0,301,104,0,104,Dresses,0.0967741935483871,0,1,1,0,1
u-0456,2026-01-01,39,0,0,4,4,15,15,2,1,1,0,36,102,0,102,T-Shirts,0.7692307692307692,12,1,3,37,0
u-0457,2026-01-01,359,246,246,0,0,0,0,0,0,3,0,322,733.48,0,244.49,Jackets,0.25069637883008355,0,2,2.6666666666666665,0,1
u-0458,2026-01-01,207,2,2,4,4,13,13,1,2,4,0,31,768.96,0,192.24,Accessories,0.5797101449275363,9,1,2.25,33,0
u-0460,2026-01-01,44,1,1,6,6,28,28,4,1,3,1,16,571.76,255.76,190.59,Sweaters,2.0454545454545454,14,2,2,68,0
u-0461,2026-01-01,109,16,16,1,1,1,1,0,0,1,0,107,84,0,84,Sweaters,0.27522935779816515,1,1,1,3,0
u-0462,2026-01-01,35,1,1,4,4,18,18,3,2,3,2,8,396,297,132,Jackets,2.571428571428571,10,1,1.3333333333333333,47,0
u-0464,2026-01-01,145,47,47,0,0,0,0,0,0,1,0,137,386.4,0,386.4,Shoes,0.20689655172413796,0,1,3,0,1
u-0465,2026-01-01,219,10,10,2,2,2,2,0,0,7,0,34,1417.44,0,202.49,Shirts,0.9589041095890412,2,3,2.4285714285714284,6,0
u-0466,2026-01-01,153,1,1,3,3,13,13,3,1,4,1,25,620,204,155,Shirts,0.7843137254901962,10,4,2,34,0
u-0467,2026-01-01,220,2,2,3,3,13,13,5,1,4,2,12,741.88,300,185.47,Accessories,0.5454545454545455,9,4,2.5,37,0
u-0468,2026-01-01,54,3,3,2,2,11,11,1,2,1,0,51,309.12,0,309.12,Accessories,0.5555555555555556,8,1,4,27,0
u-0469,2026-01-01,312,4,4,5,5,16,16,1,1,7,1,4,1447.2,242.88,206.74,Accessories,0.673076923076923,9,3,2.4285714285714284,40,0
u-0470,2026-01-01,363,203,203,0,0,0,0,0,0,4,0,212,1555.44,0,388.86,Outerwear,0.3305785123966942,0,3,2.5,0,0
u-0471,2026-01-01,151,2,2,8,8,34,34,6,3,6,1,19,1088.28,198,181.38,Jackets,1.1920529801324504,14,4,2,86,0
u-0472,2026-01-01,337,111,111,0,0,0,0,0,0,3,0,185,304,0,101.33,Shirts,0.26706231454005935,0,1,1.3333333333333333,0,0
u-0473,2026-01-01,168,5,5,3,3,12,12,3,1,3,1,26,431.52,235.52,143.84,Accessories,0.5357142857142857,6,3,2,32,0
u-0474,2026-01-01,231,68,68,0,0,0,0,0,0,2,0,133,383,0,191.5,Trousers,0.2597402597402597,0,3,2.5,0,1
u-0475,2026-01-01,210,8,8,2,2,7,7,4,0,8,2,8,1590.2,279,198.78,Jackets,1.1428571428571428,6,4,2.125,22,0
u-0476,2026-01-01,129,0,0,8,8,37,37,4,2,4,0,56,990.28,0,247.57,Trousers,0.9302325581395349,14,2,2.75,88,0
u-0477,2026-01-01,287,8,8,3,3,14,14,2,0,4,1,28,790.88,240,197.72,Accessories,0.4181184668989547,10,3,2,34,1
u-0478,2026-01-01,307,152,152,0,0,0,0,0,0,4,0,162,862.96,0,215.74,Accessories,0.39087947882736157,0,4,2.75,0,1
u-0480,2026-01-01,140,13,13,2,2,7,7,1,0,4,0,32,2089.32,0,522.33,Outerwear,0.8571428571428571,7,3,3.25,17,0
u-0481,2026-01-01,283,1,1,4,4,18,18,1,2,10,1,23,2056.64,42,205.66,Sweaters,1.0600706713780919,9,6,2.6,44,0
u-0483,2026-01-01,13,3,3,2,2,2,1,2,0,1,1,3,56,56,56,Accessories,1,1,1,1,8,0
u-0484,2026-01-01,52,3,3,3,3,15,15,1,2,1,0,44,136,0,136,T-Shirts,0.5769230769230769,10,1,4,36,0
u-0485,2026-01-01,236,5,5,5,5,18,18,3,3,3,0,87,863.84,0,287.95,Jackets,0.38135593220338987,11,4,3,47,0
u-0486,2026-01-01,19,3,3,4,4,10,9,3,1,1,1,11,369.84,369.84,369.84,Dresses,1,7,3,4,28,0
u-0487,2026-01-01,238,1,1,5,5,21,21,4,2,7,1,29,2203.72,510.6,314.82,Outerwear,0.8823529411764706,13,6,2.5714285714285716,54,0
u-0488,2026-01-01,267,14,14,2,2,4,3,1,0,4,0,79,1598.12,0,399.53,Outerwear,0.449438202247191,3,5,3,10,1
u-0489,2026-01-01,319,0,0,4,4,17,17,1,2,7,0,55,1944.32,0,277.76,Shoes,0.658307210031348,9,2,2.4285714285714284,41,0
u-0490,2026-01-01,171,5,5,3,3,11,11,2,1,6,0,45,1478.68,0,246.45,Trousers,1.0526315789473684,8,4,2.3333333333333335,28,0
u-0491,2026-01-01,359,184,184,0,0,0,0,0,0,2,0,258,598,0,299,Sweaters,0.1671309192200557,0,2,3.5,0,0
u-0492,2026-01-01,334,2,2,3,3,12,12,1,0,8,1,2,1946.92,340.4,243.37,Jackets,0.718562874251497,9,7,2.5,29,0
u-0493,2026-01-01,247,4,4,4,4,14,14,3,1,5,1,20,882.24,250.24,176.45,Trousers,0.6072874493927126,10,4,2.2,37,1
u-0494,2026-01-01,284,136,136,0,0,0,0,0,0,3,0,183,325,0,108.33,T-Shirts,0.31690140845070425,0,3,2.3333333333333335,0,1
u-0495,2026-01-01,179,2,2,5,5,19,19,3,2,5,1,9,556,42,111.2,T-Shirts,0.8379888268156425,10,3,2.4,49,0
u-0496,2026-01-01,179,1,0,8,8,33,33,6,3,4,1,14,361,76,90.25,Trousers,0.6703910614525139,14,2,1,84,0
u-0497,2026-01-01,306,0,0,2,2,1,1,0,0,5,0,53,751,0,150.2,T-Shirts,0.4901960784313726,1,4,2.2,4,0
u-0498,2026-01-01,82,0,0,7,7,33,33,3,1,3,0,37,1151.84,0,383.95,Accessories,1.0975609756097562,15,3,3,77,0
u-0499,2026-01-01,282,1,1,4,4,16,16,3,1,3,1,7,402.32,42,134.11,T-Shirts,0.3191489361702127,11,3,2,41,0
u-0500,2026-01-01,164,4,4,5,5,15,15,6,1,8,2,13,1871.52,260,233.94,Accessories,1.4634146341463414,9,3,2.625,44,0
u-0501,2026-01-01,285,4,4,6,6,28,28,3,1,8,1,8,1681.28,318.32,210.16,Shirts,0.8421052631578947,13,5,2.625,67,0
u-0502,2026-01-01,108,1,1,8,8,33,33,7,1,2,0,43,381.2,0,190.6,Jackets,0.5555555555555556,14,3,2.5,82,0
u-0503,2026-01-01,362,37,37,0,0,0,0,0,0,7,0,234,3162.12,0,451.73,Outerwear,0.580110497237569,0,6,3.142857142857143,0,1
u-0504,2026-01-01,53,4,4,2,2,7,7,1,0,1,0,50,257.6,0,257.6,Shoes,0.5660377358490566,5,1,2,17,0
u-0505,2026-01-01,340,0,0,5,5,19,19,1,4,5,0,43,1317.16,0,263.43,Dresses,0.4411764705882353,11,4,2.8,48,0
u-0506,2026-01-01,93,29,29,1,1,1,1,0,0,1,0,89,185,0,185,Outerwear,0.3225806451612903,1,1,1,3,1
u-0507,2026-01-01,105,18,18,2,2,8,8,2,0,3,0,45,661.32,0,220.44,Jackets,0.8571428571428571,6,1,2.3333333333333335,20,0
u-0508,2026-01-01,23,2,2,3,3,6,5,2,0,1,1,14,76,76,76,T-Shirts,1,5,1,2,17,0
u-0509,2026-01-01,58,8,8,1,1,1,1,0,0,2,1,8,767.52,672.52,383.76,Outerwear,1.0344827586206897,1,2,3,4,0
u-0510,2026-01-01,79,1,1,4,4,19,19,4,0,2,1,1,490.84,190,245.42,Trousers,0.759493670886076,10,3,3,47,0
u-0511,2026-01-01,215,3,3,3,3,17,17,2,1,4,1,24,874.68,302.68,218.67,Accessories,0.5581395348837209,10,5,2.5,41,0
u-0512,2026-01-01,129,1,1,4,4,15,15,3,0,5,1,1,996.16,264.04,199.23,Trousers,1.1627906976744187,11,4,2.2,38,0
u-0513,2026-01-01,241,0,0,6,6,25,25,3,3,10,1,0,1808.68,56,180.87,Trousers,1.2448132780082988,13,5,1.9,63,0
u-0514,2026-01-01,5,3,2,2,3,2,1,2,0,1,1,2,249.32,249.32,249.32,Trousers,1,1,1,3,8,0
u-0515,2026-01-01,90,2,1,3,3,11,11,2,3,1,0,38,190,0,190,Trousers,0.3333333333333333,7,1,2,30,0
u-0516,2026-01-01,165,13,13,2,2,9,9,3,1,4,1,13,1694.64,261.28,423.66,Outerwear,0.7272727272727273,8,3,2.75,25,1
u-0517,2026-01-01,132,77,77,0,0,0,0,0,0,1,0,130,287.04,0,287.04,Dresses,0.22727272727272727,0,1,3,0,1
u-0518,2026-01-01,320,5,5,4,4,16,16,3,0,6,1,14,938.48,76,156.41,Shirts,0.5625,12,4,1.8333333333333333,40,0
u-0519,2026-01-01,321,19,19,1,1,1,1,0,0,11,0,74,2812.92,0,255.72,Jackets,1.0280373831775702,1,5,2.727272727272727,3,1
u-0520,2026-01-01,81,38,38,0,0,0,0,0,0,1,0,79,240,0,240,Accessories,0.37037037037037035,0,1,2,0,1
u-0521,2026-01-01,118,19,19,1,1,2,2,0,0,4,0,56,390.04,0,97.51,T-Shirts,1.0169491525423728,2,2,1.75,5,1
u-0522,2026-01-01,317,6,6,3,3,11,11,3,1,12,1,15,2265.2,99,188.77,Jackets,1.135646687697161,8,2,2,30,1
u-0523,2026-01-01,119,7,7,2,2,5,5,3,1,4,1,7,616,198,154,Jackets,1.0084033613445378,4,2,1.5,17,0
u-0524,2026-01-01,159,9,9,2,2,7,7,1,0,3,0,34,563.68,0,187.89,Sweaters,0.5660377358490566,6,2,2,17,0
u-0525,2026-01-01,165,32,32,0,0,0,0,0,0,3,0,54,1496.84,0,498.95,Outerwear,0.5454545454545454,0,3,3.3333333333333335,0,0
u-0526,2026-01-01,148,4,4,2,2,2,2,1,0,3,0,89,727.44,0,242.48,Outerwear,0.6081081081081081,1,3,1.6666666666666667,7,1
u-0528,2026-01-01,162,7,7,2,2,10,10,0,1,3,0,60,355,0,118.33,Sweaters,0.5555555555555555,8,3,1.3333333333333333,23,0
u-0529,2026-01-01,155,20,20,1,1,1,1,0,0,4,0,42,1117.8,0,279.45,Trousers,0.7741935483870968,1,3,3,3,0
u-0530,2026-01-01,44,4,4,6,6,23,23,3,0,1,0,37,235.52,0,235.52,Dresses,0.6818181818181819,14,2,3,55,0
u-0531,2026-01-01,328,2,2,3,3,16,16,2,1,6,0,32,1005.68,0,167.61,T-Shirts,0.5487804878048781,9,5,2.6666666666666665,38,0
u-0532,2026-01-01,170,70,70,0,0,0,0,0,0,1,0,164,371.68,0,371.68,Dresses,0.1764705882352941,0,2,4,0,1
u-0533,2026-01-01,116,9,9,2,2,10,10,0,0,3,0,34,607,0,202.33,Shirts,0.7758620689655172,7,4,2,22,1
u-0534,2026-01-01,319,86,86,0,0,0,0,0,0,6,0,154,1383.6,0,230.6,Shoes,0.5642633228840126,0,3,2,0,1
u-0535,2026-01-01,146,19,19,1,1,1,0,0,0,1,0,141,435.16,0,435.16,Trousers,0.20547945205479454,0,2,4,2,1
u-0536,2026-01-01,121,6,6,3,3,12,12,3,1,3,1,28,866.64,287.04,288.88,Dresses,0.7438016528925621,7,2,3,32,1
u-0537,2026-01-01,258,18,18,1,1,1,1,0,0,5,0,108,1448.88,0,289.78,Sweaters,0.5813953488372093,1,1,3.4,3,0
u-0538,2026-01-01,269,25,25,1,1,1,1,1,0,6,0,90,1130.4,0,188.4,Accessories,0.6691449814126395,1,3,2.5,4,0
u-0539,2026-01-01,306,41,41,0,0,0,0,0,0,6,0,41,1217,0,202.83,Jackets,0.5882352941176471,0,3,2.1666666666666665,0,0
u-0540,2026-01-01,357,3,3,3,3,12,12,1,0,7,0,51,1624.08,0,232.01,Shoes,0.5882352941176471,9,4,2.142857142857143,28,0
u-0541,2026-01-01,127,6,6,3,3,10,10,0,1,4,0,43,387,0,96.75,T-Shirts,0.9448818897637795,8,2,2.25,24,0
u-0542,2026-01-01,338,0,0,6,6,19,19,4,3,13,2,5,4232.36,417.76,325.57,Outerwear,1.1538461538461537,12,7,2.5384615384615383,53,1
u-0543,2026-01-01,103,4,4,8,8,32,32,6,1,3,1,15,955.04,429.64,318.35,Outerwear,0.8737864077669903,15,3,2.3333333333333335,80,0
u-0544,2026-01-01,78,10,10,1,1,1,1,0,0,1,0,70,178,0,178,T-Shirts,0.3846153846153846,1,2,3,3,0
u-0545,2026-01-01,120,4,4,5,5,21,21,3,3,3,1,21,602.76,179,200.92,Sweaters,0.75,13,2,2.3333333333333335,54,0
u-0546,2026-01-01,259,9,9,3,3,13,13,2,1,6,1,28,1538.72,257.6,256.45,Shoes,0.694980694980695,8,2,2.1666666666666665,33,0
u-0547,2026-01-01,240,10,10,2,2,8,8,1,0,5,0,33,1148.84,0,229.77,Dresses,0.625,6,4,2.2,19,0
u-0548,2026-01-01,118,4,4,4,4,14,14,2,0,3,0,42,539.12,0,179.71,Accessories,0.7627118644067797,11,3,2.6666666666666665,34,0
u-0549,2026-01-01,311,179,179,0,0,0,0,0,0,3,0,231,762.28,0,254.09,Outerwear,0.28938906752411575,0,4,2,0,0
u-0550,2026-01-01,138,27,27,1,1,1,1,0,0,3,0,54,687.04,0,229.01,Dresses,0.6521739130434783,1,2,2.3333333333333335,3,1
u-0551,2026-01-01,83,2,2,5,5,16,16,1,1,2,1,11,616.4,252.08,308.2,Trousers,0.7228915662650602,10,2,3.5,40,0
u-0552,2026-01-01,204,146,146,0,0,0,0,0,0,1,0,193,390.08,0,390.08,Dresses,0.14705882352941177,0,3,4,0,0
u-0553,2026-01-01,108,7,7,3,3,13,13,1,0,2,0,74,339,0,169.5,Accessories,0.5555555555555556,9,2,1.5,30,0
u-0554,2026-01-01,197,11,11,3,3,10,10,3,0,4,1,29,969.44,112,242.36,Shoes,0.6091370558375635,7,2,2.25,27,1
u-0555,2026-01-01,151,9,9,2,2,4,4,1,0,5,0,31,1370.48,0,274.1,Shoes,0.9933774834437087,4,5,2.8,11,0
u-0556,2026-01-01,203,34,34,0,0,0,0,0,0,3,0,78,1026.8,0,342.27,Dresses,0.4433497536945813,0,2,3,0,0
u-0557,2026-01-01,239,135,135,0,0,0,0,0,0,2,0,195,304,0,152,Sweaters,0.2510460251046025,0,1,1.5,0,0
u-0558,2026-01-01,165,14,14,2,2,6,6,1,0,5,0,34,1597.2,0,319.44,Outerwear,0.9090909090909091,6,4,2.2,15,0
u-0559,2026-01-01,261,1,1,2,2,2,2,0,0,6,0,78,766,0,127.67,Sweaters,0.6896551724137931,2,3,1.3333333333333333,6,1
u-0560,2026-01-01,294,216,216,0,0,0,0,0,0,2,0,264,515.2,0,257.6,Shirts,0.2040816326530612,0,1,3.5,0,1
u-0561,2026-01-01,236,4,3,3,3,11,11,3,0,4,2,12,988.12,419.12,247.03,Shoes,0.5084745762711864,7,3,2.25,30,0
u-0562,2026-01-01,358,3,3,4,4,15,15,1,1,9,0,47,1402.24,0,155.8,Trousers,0.7541899441340782,11,3,1.6666666666666667,36,0
u-0563,2026-01-01,139,4,4,4,4,21,21,2,1,5,0,50,1197.72,0,239.54,Jackets,1.079136690647482,11,4,2.8,49,0
u-0564,2026-01-01,276,68,68,0,0,0,0,0,0,5,0,68,575,0,115,T-Shirts,0.5434782608695653,0,3,1.6,0,0
u-0565,2026-01-01,331,4,4,3,3,13,13,3,1,7,1,4,1402.2,154,200.31,Accessories,0.6344410876132931,9,6,2.142857142857143,34,0
u-0566,2026-01-01,364,4,4,5,5,24,24,4,0,11,1,15,1855.6,96,168.69,Accessories,0.9065934065934066,12,5,2,58,0
u-0567,2026-01-01,104,4,4,2,2,2,2,1,0,2,0,72,541.44,0,270.72,Trousers,0.5769230769230769,2,2,2.5,7,1
u-0568,2026-01-01,144,2,2,6,6,20,20,5,1,7,2,9,3323.12,865.8,474.73,Outerwear,1.4583333333333335,12,4,3.142857142857143,54,0
u-0570,2026-01-01,203,4,4,3,3,3,3,1,0,4,0,67,797.04,0,199.26,Jackets,0.5911330049261084,2,3,2,10,1
u-0571,2026-01-01,81,0,0,5,5,17,17,3,2,2,1,0,305,185,152.5,Outerwear,0.7407407407407407,11,2,1,45,0
u-0572,2026-01-01,35,1,1,5,6,9,7,5,0,1,1,26,224,224,224,Shoes,0.8571428571428571,5,2,2,27,1
u-0573,2026-01-01,42,11,11,2,2,8,8,3,2,2,1,24,341.92,299.92,170.96,Shirts,1.4285714285714286,7,2,2.5,24,0
u-0574,2026-01-01,156,64,64,0,0,0,0,0,0,1,0,154,147,0,147,Accessories,0.1923076923076923,0,2,2,0,1
u-0575,2026-01-01,97,33,33,0,0,0,0,0,0,1,0,86,140,0,140,Shoes,0.30927835051546393,0,1,1,0,0
u-0576,2026-01-01,89,2,2,5,5,17,17,1,1,2,0,47,615.92,0,307.96,Shoes,0.6741573033707865,9,2,3,41,1
u-0577,2026-01-01,40,4,4,7,7,25,25,4,0,3,1,7,466,168,155.33,Sweaters,2.25,12,2,1.6666666666666667,62,1
u-0578,2026-01-01,218,8,8,3,3,10,10,2,1,3,0,34,396,0,132,Jackets,0.41284403669724773,7,1,1.3333333333333333,26,0
u-0579,2026-01-01,284,2,2,3,3,11,11,3,1,10,2,2,2128.84,246,212.88,Jackets,1.056338028169014,8,6,2.3,31,0
u-0580,2026-01-01,177,3,3,4,4,16,16,3,1,4,1,23,1031.32,264.96,257.83,Trousers,0.6779661016949152,11,5,3,41,0
u-0582,2026-01-01,89,5,5,6,6,29,29,4,2,2,1,28,222,102,111,T-Shirts,0.6741573033707865,14,2,2,71,0
u-0584,2026-01-01,203,0,0,3,3,12,12,2,0,6,2,0,1560.6,465.56,260.1,Dresses,0.8866995073891626,7,4,2.8333333333333335,31,0
u-0585,2026-01-01,304,2,2,1,1,1,0,0,0,4,0,188,1301.2,0,325.3,Outerwear,0.39473684210526316,0,2,2,2,1
u-0586,2026-01-01,207,5,5,5,5,26,26,5,3,5,1,5,1376.8,120,275.36,Dresses,0.7246376811594203,10,4,2.8,66,0
u-0587,2026-01-01,60,5,5,6,6,27,27,5,2,4,1,8,847.48,163,211.87,Trousers,2,13,2,2.5,68,0
u-0588,2026-01-01,183,0,0,3,3,9,9,0,0,4,0,30,1545.6,0,386.4,Outerwear,0.6557377049180328,7,3,2.5,21,0
u-0589,2026-01-01,292,82,82,0,0,0,0,0,0,1,0,285,380.88,0,380.88,Sweaters,0.10273972602739727,0,1,4,0,0
u-0590,2026-01-01,244,0,0,8,8,31,31,5,2,9,1,14,981.68,112,109.08,T-Shirts,1.1065573770491803,14,4,1.7777777777777777,78,0
u-0591,2026-01-01,132,4,4,1,1,1,0,0,0,3,0,111,617.6,0,205.87,Accessories,0.6818181818181818,0,2,2,2,1
u-0592,2026-01-01,310,0,0,7,7,37,37,3,1,11,1,0,2677.96,255.76,243.45,Sweaters,1.064516129032258,16,6,2.5454545454545454,86,0
u-0593,2026-01-01,179,4,4,3,3,13,13,4,1,5,1,4,1027.28,208,205.46,Trousers,0.8379888268156425,9,6,2,35,0
u-0594,2026-01-01,317,1,1,3,3,12,12,2,0,5,0,47,921.52,0,184.3,Accessories,0.47318611987381703,7,3,2,29,0
u-0595,2026-01-01,279,28,28,1,1,1,1,0,0,6,0,69,1185.76,0,197.63,Trousers,0.6451612903225806,1,3,2.3333333333333335,3,1
u-0596,2026-01-01,265,2,2,5,5,20,20,4,3,8,1,6,1838.04,146,229.76,Shirts,0.9056603773584905,10,5,2.625,53,0
u-0597,2026-01-01,183,1,1,3,3,16,16,4,3,5,2,11,839,256,167.8,T-Shirts,0.819672131147541,11,4,3,44,1
u-0598,2026-01-01,64,39,39,0,0,0,0,0,0,1,0,55,224,0,224,Shirts,0.46875,0,2,4,0,1
u-0599,2026-01-01,207,3,3,3,3,15,15,1,2,4,1,15,687.92,112,171.98,T-Shirts,0.5797101449275363,8,5,2.5,37,0
u-0600,2026-01-01,104,3,3,6,6,24,24,4,2,3,1,24,443,194,147.67,T-Shirts,0.8653846153846153,12,4,2.3333333333333335,61,0
u-0601,2026-01-01,157,0,0,5,5,21,21,3,3,7,1,11,1708.44,304.52,244.06,Jackets,1.3375796178343948,11,5,2.7142857142857144,54,0
u-0602,2026-01-01,206,3,3,5,5,19,19,2,2,5,1,3,1405.88,382.72,281.18,Dresses,0.7281553398058253,12,3,2.8,48,0
u-0603,2026-01-01,86,14,14,2,2,7,7,0,0,2,0,41,314,0,157,Shirts,0.6976744186046512,6,2,2,16,0
u-0604,2026-01-01,102,4,4,6,6,22,22,3,4,6,1,22,1949.48,257.6,324.91,Shoes,1.7647058823529411,12,5,2.8333333333333335,58,0
u-0605,2026-01-01,260,32,32,0,0,0,0,0,0,5,0,102,957.36,0,191.47,Shoes,0.576923076923077,0,4,2,0,0
u-0606,2026-01-01,85,8,8,3,3,14,14,2,0,2,1,29,419.12,110,209.56,Shoes,0.7058823529411764,10,2,2,34,0
u-0607,2026-01-01,123,8,8,3,3,11,11,0,1,2,0,36,372,0,186,Jackets,0.48780487804878053,9,3,2,26,0
u-0608,2026-01-01,191,3,3,3,3,16,16,2,1,3,0,37,581.32,0,193.77,Trousers,0.47120418848167545,11,2,2.3333333333333335,38,0
u-0609,2026-01-01,287,6,6,4,4,12,12,3,3,6,1,25,1717,250.24,286.17,Trousers,0.6271777003484321,9,4,3.3333333333333335,35,0
u-0610,2026-01-01,92,3,3,6,6,24,24,3,4,3,1,24,626.12,180,208.71,Trousers,0.9782608695652173,15,2,2.3333333333333335,62,0
u-0611,2026-01-01,308,1,1,3,3,14,14,2,0,2,1,21,761.76,251.16,380.88,Outerwear,0.1948051948051948,12,2,2.5,34,0
u-0612,2026-01-01,40,1,1,4,4,13,13,3,1,1,0,32,56,0,56,Accessories,0.75,10,1,1,34,0
u-0613,2026-01-01,180,4,4,6,6,22,22,5,2,4,1,10,1828.96,412.16,457.24,Outerwear,0.6666666666666666,12,5,3.25,58,0
u-0614,2026-01-01,78,7,7,2,2,2,2,0,0,2,0,37,381,0,190.5,Shoes,0.7692307692307692,2,3,2,6,1
u-0615,2026-01-01,209,114,114,0,0,0,0,0,0,1,0,201,188,0,188,T-Shirts,0.14354066985645933,0,2,3,0,1
u-0616,2026-01-01,110,4,4,3,3,8,8,3,2,2,1,16,546.56,185,273.28,Outerwear,0.5454545454545455,7,2,2,25,0
u-0617,2026-01-01,276,3,3,4,4,20,20,4,3,10,3,3,1923.2,556.08,192.32,Sweaters,1.0869565217391306,12,4,2.1,54,0
u-0618,2026-01-01,104,11,11,2,2,9,9,2,1,3,0,30,583.16,0,194.39,Sweaters,0.8653846153846153,7,4,2.3333333333333335,23,0
u-0619,2026-01-01,246,0,0,2,2,5,5,2,0,6,1,0,2567.8,340.4,427.97,Outerwear,0.7317073170731708,5,1,2.5,15,1
u-0620,2026-01-01,22,5,5,3,3,6,5,3,1,1,1,15,216,216,216,Accessories,1,4,1,3,19,0
u-0621,2026-01-01,87,1,1,3,3,11,11,2,2,3,0,32,720.92,0,240.31,Jackets,1.0344827586206897,10,2,2.3333333333333335,29,0
u-0622,2026-01-01,85,3,3,5,5,16,16,4,2,2,1,12,374,136,187,Shirts,0.7058823529411764,9,1,2.5,44,0
u-0623,2026-01-01,25,6,6,3,3,6,5,3,0,2,2,6,379.84,379.84,189.92,Trousers,2,4,2,2.5,19,1
u-0624,2026-01-01,248,4,3,3,3,13,13,3,1,3,1,23,540.28,95,180.09,Trousers,0.36290322580645157,10,3,2,34,0
u-0625,2026-01-01,136,8,8,4,4,13,13,3,0,3,1,15,629.44,140,209.81,Shoes,0.6617647058823529,9,1,1.6666666666666667,34,0
u-0626,2026-01-01,276,24,24,1,1,1,1,0,0,7,0,80,634,0,90.57,T-Shirts,0.7608695652173914,1,2,2.142857142857143,3,0
u-0627,2026-01-01,60,0,0,3,3,13,13,1,2,1,0,55,88,0,88,Trousers,0.5,9,1,1,32,1
u-0628,2026-01-01,233,15,15,2,2,5,5,2,1,3,0,32,994.6,0,331.53,Outerwear,0.38626609442060084,3,2,2,15,1
u-0629,2026-01-01,98,3,3,3,3,11,11,1,0,3,1,23,1294.44,352.36,431.48,Outerwear,0.9183673469387755,9,2,3,27,0
u-0630,2026-01-01,314,4,4,3,3,13,13,5,1,9,3,4,1642.08,617.04,182.45,Sweaters,0.8598726114649682,11,5,2.111111111111111,38,0
u-0631,2026-01-01,62,0,0,3,3,10,10,1,1,1,0,51,99,0,99,Jackets,0.48387096774193544,8,1,1,25,0
u-0632,2026-01-01,34,0,0,5,5,19,18,4,2,1,1,24,224,224,224,Shoes,0.8823529411764706,12,1,2,49,0
u-0634,2026-01-01,15,5,5,2,2,2,1,2,0,1,1,5,478.4,478.4,478.4,Dresses,1,1,1,5,8,0
u-0635,2026-01-01,80,9,9,2,2,8,8,2,1,1,0,74,102,0,102,T-Shirts,0.375,6,1,3,21,0
u-0636,2026-01-01,51,3,3,6,6,20,20,2,2,2,1,3,297,99,148.5,Jackets,1.1764705882352942,12,1,1.5,51,0
u-0637,2026-01-01,105,3,3,3,3,11,11,1,2,3,0,49,404,0,134.67,Sweaters,0.8571428571428571,8,2,1.6666666666666667,28,0
u-0638,2026-01-01,78,1,1,8,8,28,28,5,4,3,1,21,872.16,246.56,290.72,Shirts,1.1538461538461537,14,3,3.3333333333333335,74,0
u-0639,2026-01-01,35,2,2,4,4,11,11,3,2,1,0,32,140,0,140,Shoes,0.8571428571428571,11,1,1,31,0
u-0640,2026-01-01,295,63,63,0,0,0,0,0,0,5,0,134,799.36,0,159.87,T-Shirts,0.5084745762711864,0,3,2.2,0,1
u-0641,2026-01-01,349,2,2,3,3,14,14,2,1,8,0,40,1820.48,0,227.56,Jackets,0.6876790830945559,7,5,2.5,34,1
u-0643,2026-01-01,147,7,7,2,2,2,2,0,0,2,0,108,321,0,160.5,Trousers,0.4081632653061224,2,2,2,6,1
u-0644,2026-01-01,15,10,9,2,3,2,1,2,0,1,1,9,136,136,136,Accessories,1,1,2,2,8,0
u-0645,2026-01-01,21,3,3,4,4,10,9,3,1,1,1,11,88,88,88,Trousers,1,6,1,1,28,0
u-0646,2026-01-01,22,4,4,5,5,14,13,5,1,2,2,4,540.96,540.96,270.48,Jackets,2,8,3,3,40,0
u-0647,2026-01-01,206,0,0,2,2,6,6,2,2,3,0,43,610,0,203.33,Accessories,0.4368932038834952,6,3,2.6666666666666665,18,0
u-0648,2026-01-01,220,3,3,3,3,15,15,2,1,5,0,31,904.44,0,180.89,Trousers,0.6818181818181819,12,2,2,36,0
u-0649,2026-01-01,123,0,0,8,8,34,34,5,1,6,1,2,1442.08,334.88,240.35,Shoes,1.4634146341463417,15,2,2.3333333333333335,83,1
u-0650,2026-01-01,37,1,0,3,3,15,15,2,0,1,1,14,176,176,176,Trousers,0.8108108108108107,11,1,2,36,0
u-0651,2026-01-01,50,4,4,5,5,20,20,1,1,1,0,47,294.4,0,294.4,Shirts,0.6,11,3,3,47,0
u-0652,2026-01-01,323,300,300,0,0,0,0,0,0,1,0,312,110,0,110,Sweaters,0.09287925696594426,0,1,1,0,1
u-0653,2026-01-01,251,3,3,4,4,17,17,2,2,6,0,46,709,0,118.17,Jackets,0.7171314741035856,12,4,1.3333333333333333,42,0
u-0654,2026-01-01,356,4,4,3,3,13,13,2,1,10,0,57,3205.44,0,320.54,Shoes,0.8426966292134831,9,6,3.1,32,0
u-0655,2026-01-01,10,0,0,2,2,2,1,2,0,1,1,0,241,241,241,Shirts,1,1,2,3,8,1
u-0656,2026-01-01,84,66,66,0,0,0,0,0,0,2,0,73,449.76,0,224.88,Sweaters,0.7142857142857143,0,1,2.5,0,1
u-0657,2026-01-01,320,9,9,1,1,1,1,0,0,6,0,55,1163.24,0,193.87,Sweaters,0.5625,1,3,2,3,1
u-0658,2026-01-01,355,63,63,0,0,0,0,0,0,6,0,186,868,0,144.67,Shirts,0.5070422535211268,0,2,1.8333333333333333,0,0
u-0659,2026-01-01,159,2,2,5,5,21,21,1,3,4,0,43,706.76,0,176.69,Accessories,0.7547169811320755,12,5,2,51,0
u-0660,2026-01-01,73,4,4,6,6,21,21,3,1,3,2,10,700.84,442.32,233.61,Shirts,1.2328767123287672,12,4,3,54,0
u-0661,2026-01-01,282,2,2,8,8,32,32,4,3,7,2,12,1699.88,653.4,242.84,Jackets,0.7446808510638298,14,3,2.7142857142857144,81,0
u-0662,2026-01-01,24,5,5,4,4,10,9,5,1,2,2,5,164,164,82,Trousers,2,6,2,1,31,1
u-0663,2026-01-01,293,1,1,6,6,20,20,4,3,8,1,5,1268.24,184,158.53,Trousers,0.8191126279863481,12,2,1.75,54,0
u-0664,2026-01-01,49,6,6,4,4,16,16,3,2,1,0,40,238,0,238,Shirts,0.6122448979591837,9,1,3,41,0
u-0665,2026-01-01,208,11,11,3,3,6,6,2,1,9,1,27,1067,220,118.56,T-Shirts,1.2980769230769231,6,6,2.2222222222222223,19,0
u-0666,2026-01-01,61,0,0,9,9,40,40,4,2,4,2,2,786.72,373.12,196.68,Sweaters,1.9672131147540985,16,2,2,97,0
u-0667,2026-01-01,81,5,5,5,5,20,20,4,2,5,1,21,1127,325.68,225.4,Jackets,1.8518518518518516,12,3,2.4,52,0
u-0668,2026-01-01,52,10,10,2,2,7,7,1,1,1,0,47,184,0,184,Shirts,0.5769230769230769,3,1,2,18,0
u-0669,2026-01-01,26,1,1,6,6,18,17,6,0,2,2,10,1109.52,1109.52,554.76,Outerwear,2,11,2,3.5,49,0
u-0671,2026-01-01,333,21,21,1,1,1,0,0,0,1,0,323,237.36,0,237.36,Shoes,0.0900900900900901,0,3,3,2,0
u-0672,2026-01-01,28,7,7,3,3,8,7,3,0,1,1,21,88,88,88,Trousers,1,6,1,1,22,1
u-0673,2026-01-01,88,3,3,6,6,21,21,4,3,4,2,18,970.28,439.44,242.57,Trousers,1.3636363636363638,13,3,2.5,57,0
u-0674,2026-01-01,297,4,4,2,2,10,10,2,2,2,1,12,636.64,287.04,318.32,Trousers,0.20202020202020202,6,4,4,27,0
u-0675,2026-01-01,338,289,289,0,0,0,0,0,0,3,0,305,895.84,0,298.61,Shoes,0.2662721893491124,0,3,2.6666666666666665,0,1
u-0677,2026-01-01,309,3,3,7,7,32,32,9,2,13,4,3,2472.16,664.36,190.17,Jackets,1.262135922330097,14,5,2.076923076923077,86,0
u-0679,2026-01-01,204,4,4,1,1,1,0,0,0,3,0,101,617.6,0,205.87,Shirts,0.4411764705882353,0,3,2.3333333333333335,2,1
u-0680,2026-01-01,108,0,0,2,2,5,5,2,0,2,1,0,338,239,169,Jackets,0.5555555555555556,4,3,2,15,0
u-0681,2026-01-01,301,1,1,5,5,25,25,4,1,8,1,29,1489.28,358.8,186.16,Dresses,0.7973421926910299,12,4,2,61,0
u-0682,2026-01-01,333,108,108,0,0,0,0,0,0,7,0,113,1495.52,0,213.65,Trousers,0.6306306306306306,0,1,2.4285714285714284,0,1
u-0683,2026-01-01,77,2,2,3,3,11,11,4,1,2,1,2,178,136,89,T-Shirts,0.7792207792207791,5,2,2,31,0
u-0684,2026-01-01,242,182,182,0,0,0,0,0,0,1,0,240,156,0,156,T-Shirts,0.12396694214876033,0,2,3,0,1
u-0685,2026-01-01,82,29,29,1,1,5,5,0,1,2,0,57,491.28,0,245.64,Shirts,0.7317073170731707,5,2,3,12,1
u-0686,2026-01-01,182,13,13,2,2,6,6,2,0,5,1,13,1155.44,192,231.09,Trousers,0.8241758241758242,5,4,2.6,17,0
u-0687,2026-01-01,77,1,1,6,6,29,29,5,3,2,1,27,1102.16,591.56,551.08,Outerwear,0.7792207792207791,14,2,3.5,73,1
u-0688,2026-01-01,179,7,7,2,2,9,9,3,0,5,1,19,1057.36,290.72,211.47,Shirts,0.8379888268156425,7,3,2.6,24,0
u-0689,2026-01-01,186,111,111,0,0,0,0,0,0,1,0,180,185,0,185,Outerwear,0.16129032258064516,0,1,1,0,1
u-0690,2026-01-01,199,65,65,0,0,0,0,0,0,4,0,90,915.16,0,228.79,Trousers,0.6030150753768844,0,4,2.75,0,0
u-0691,2026-01-01,117,2,2,10,10,37,37,3,3,3,1,23,779.84,279.68,259.95,Dresses,0.7692307692307693,16,5,3,91,0
u-0692,2026-01-01,68,1,1,6,6,24,24,4,3,2,1,14,183,95,91.5,Trousers,0.8823529411764706,12,1,1,62,0
u-0693,2026-01-01,136,73,73,0,0,0,0,0,0,1,0,134,88,0,88,Trousers,0.22058823529411764,0,1,1,0,0
u-0694,2026-01-01,154,3,3,3,3,13,13,2,0,4,0,30,734.4,0,183.6,Trousers,0.7792207792207791,8,4,2.25,31,0
u-0695,2026-01-01,65,0,0,1,1,1,1,1,0,1,0,62,208,0,208,Dresses,0.46153846153846156,1,1,2,4,0
u-0696,2026-01-01,177,4,4,3,3,14,14,1,2,5,0,43,1070.28,0,214.06,Shirts,0.847457627118644,12,5,2.2,34,0
u-0697,2026-01-01,182,6,6,4,4,13,13,2,2,6,1,6,2061,280.6,343.5,Outerwear,0.989010989010989,11,3,2.1666666666666665,35,0
u-0698,2026-01-01,307,125,125,0,0,0,0,0,0,2,0,228,416,0,208,Accessories,0.19543973941368079,0,3,3,0,1
u-0699,2026-01-01,153,4,4,3,3,14,14,0,1,5,0,32,1117.08,0,223.42,Accessories,0.9803921568627452,10,5,2.4,32,0
u-0700,2026-01-01,282,4,4,5,5,23,23,5,0,11,1,20,2735,220,248.64,Sweaters,1.1702127659574468,12,4,2.4545454545454546,57,0
u-0701,2026-01-01,246,5,5,3,3,10,10,3,2,7,1,16,1582.4,494.04,226.06,Jackets,0.853658536585366,9,5,2.2857142857142856,29,1
u-0702,2026-01-01,136,15,15,1,1,1,1,0,0,3,0,76,777.44,0,259.15,Dresses,0.6617647058823529,1,3,2.6666666666666665,3,1
u-0703,2026-01-01,302,4,4,6,6,22,22,3,4,10,1,4,2537.48,238,253.75,Shirts,0.9933774834437087,13,5,3,58,0
u-0704,2026-01-01,7,3,3,2,2,2,1,2,0,1,1,3,320.16,320.16,320.16,Shirts,1,1,2,4,8,0
u-0705,2026-01-01,305,1,1,5,5,18,18,4,3,6,1,1,471,102,78.5,T-Shirts,0.5901639344262295,10,2,1.8333333333333333,49,0
u-0706,2026-01-01,327,3,3,4,4,16,16,2,0,6,1,29,1605.72,400.2,267.62,Shoes,0.5504587155963303,12,4,2.5,39,0
u-0707,2026-01-01,134,17,17,2,2,5,5,1,0,2,0,83,463.32,0,231.66,Jackets,0.44776119402985076,5,1,2.5,13,1
u-0709,2026-01-01,342,11,11,3,3,14,14,4,1,5,2,18,1177.64,581.44,235.53,Accessories,0.43859649122807015,9,6,3,38,0
u-0710,2026-01-01,351,39,39,0,0,0,0,0,0,5,0,82,1184.84,0,236.97,Dresses,0.4273504273504274,0,6,2.6,0,1
u-0711,2026-01-01,292,0,0,5,5,20,20,4,1,3,2,8,961.4,690,320.47,Sweaters,0.3082191780821918,13,2,3.3333333333333335,52,0
u-0712,2026-01-01,193,5,5,2,2,7,7,2,0,5,0,45,1128.4,0,225.68,Jackets,0.7772020725388601,6,4,2.2,18,0
u-0713,2026-01-01,276,6,6,2,2,6,6,1,1,6,0,55,2246.8,0,374.47,Outerwear,0.6521739130434783,6,2,2.3333333333333335,16,0
u-0714,2026-01-01,161,0,0,8,8,24,24,5,1,8,2,2,2063.2,628.44,257.9,Outerwear,1.4906832298136647,14,6,1.875,64,0
u-0715,2026-01-01,83,16,16,3,3,9,9,2,1,2,0,34,313.36,0,156.68,T-Shirts,0.7228915662650602,7,3,2.5,24,1
u-0716,2026-01-01,68,0,0,3,3,11,11,1,1,2,0,37,459.24,0,229.62,Shoes,0.8823529411764706,9,2,2,27,0
u-0717,2026-01-01,13,0,0,3,4,7,6,4,0,2,2,0,180,180,90,T-Shirts,2,6,2,1.5,22,0
u-0718,2026-01-01,339,2,2,2,2,2,2,2,0,10,0,51,1461.84,0,146.18,Shirts,0.8849557522123893,2,6,1.6,8,1
u-0719,2026-01-01,31,5,5,3,3,11,10,3,1,1,1,26,382.72,382.72,382.72,Dresses,0.9677419354838709,7,1,4,29,1
u-0720,2026-01-01,217,102,102,0,0,0,0,0,0,3,0,150,588.44,0,196.15,Jackets,0.4147465437788018,0,3,2.6666666666666665,0,1
u-0721,2026-01-01,309,9,9,2,2,9,9,1,2,4,0,60,966.8,0,241.7,Outerwear,0.3883495145631068,7,3,2,23,0
u-0722,2026-01-01,227,33,33,0,0,0,0,0,0,2,0,204,351.12,0,175.56,Trousers,0.2643171806167401,0,1,2,0,1
u-0723,2026-01-01,36,1,1,4,4,18,18,2,1,1,0,34,104,0,104,Dresses,0.8333333333333334,11,1,1,43,0
u-0724,2026-01-01,144,8,8,3,3,12,12,1,1,3,0,49,1009.48,0,336.49,Outerwear,0.625,7,5,3,29,0
u-0725,2026-01-01,134,48,48,0,0,0,0,0,0,2,0,92,442.84,0,221.42,Shoes,0.44776119402985076,0,2,2,0,1
u-0727,2026-01-01,63,7,7,3,3,9,9,3,2,2,1,7,662.4,309.12,331.2,Accessories,0.9523809523809523,8,3,4,27,1
u-0728,2026-01-01,312,85,85,0,0,0,0,0,0,4,0,131,1067.84,0,266.96,Accessories,0.3846153846153846,0,4,3,0,1
u-0729,2026-01-01,117,7,7,1,1,1,1,1,0,1,0,114,247.48,0,247.48,Outerwear,0.25641025641025644,1,2,2,4,0
u-0730,2026-01-01,330,21,21,2,2,8,8,0,0,6,0,75,1930.72,0,321.79,Shoes,0.5454545454545454,6,4,3.1666666666666665,18,0
u-0731,2026-01-01,98,9,9,2,2,5,5,1,0,2,0,51,538.72,0,269.36,Shirts,0.6122448979591837,5,2,3,13,0
u-0732,2026-01-01,199,2,2,4,4,15,15,3,2,4,0,35,594,0,148.5,Jackets,0.6030150753768844,9,1,1.5,39,1
u-0734,2026-01-01,153,6,6,2,2,7,7,1,0,3,0,32,694.64,0,231.55,Shoes,0.5882352941176471,6,4,2,17,1
u-0735,2026-01-01,195,117,117,0,0,0,0,0,0,1,0,193,110,0,110,Sweaters,0.15384615384615385,0,1,1,0,0
u-0736,2026-01-01,274,0,0,3,3,6,6,2,2,3,0,51,823.52,0,274.51,Dresses,0.3284671532846716,5,2,2.6666666666666665,19,0
u-0738,2026-01-01,347,6,6,3,3,12,12,2,0,7,1,29,1139.12,190,162.73,Trousers,0.6051873198847262,7,3,1.7142857142857142,30,0
u-0739,2026-01-01,355,133,133,0,0,0,0,0,0,4,0,277,708,0,177,Dresses,0.3380281690140845,0,2,1.75,0,1
u-0740,2026-01-01,204,161,161,0,0,0,0,0,0,1,0,200,232,0,232,Shirts,0.14705882352941177,0,2,2,0,1
u-0741,2026-01-01,51,4,4,4,4,17,17,3,2,1,0,46,272.32,0,272.32,Shirts,0.5882352941176471,11,1,4,43,0
u-0742,2026-01-01,32,3,3,7,7,27,26,8,2,2,2,15,418.24,418.24,209.12,Shoes,1.875,13,3,2,72,0
u-0743,2026-01-01,4,1,1,2,2,2,1,2,0,1,1,1,233,233,233,Accessories,1,1,2,2,8,0
u-0744,2026-01-01,269,0,0,4,4,16,16,4,1,10,2,17,2577.28,500.64,257.73,Shoes,1.1152416356877324,10,6,2.4,43,0
u-0745,2026-01-01,304,4,4,3,3,12,12,2,3,9,1,15,3221.24,316.48,357.92,Outerwear,0.8881578947368421,9,5,2.3333333333333335,33,0
u-0746,2026-01-01,234,4,4,3,3,10,10,2,0,4,0,48,570,0,142.5,Sweaters,0.5128205128205129,8,3,1.5,25,0
u-0747,2026-01-01,352,1,1,8,8,32,32,6,2,9,0,39,1231,0,136.78,T-Shirts,0.7670454545454546,14,4,2.3333333333333335,80,0
u-0748,2026-01-01,86,4,4,4,4,13,13,1,2,2,1,21,302,224,151,Accessories,0.6976744186046512,9,3,1.5,34,0
u-0749,2026-01-01,75,6,6,2,2,5,5,1,0,2,0,44,484.24,0,242.12,Jackets,0.8,4,2,2.5,13,0
u-0750,2026-01-01,123,11,11,2,2,10,10,1,1,2,0,34,445.92,0,222.96,Dresses,0.48780487804878053,8,3,2.5,24,0
u-0751,2026-01-01,145,84,84,0,0,0,0,0,0,1,0,142,198,0,198,Jackets,0.20689655172413796,0,1,2,0,0
u-0752,2026-01-01,132,3,3,3,3,15,15,2,1,3,1,21,933.04,432.4,311.01,Shoes,0.6818181818181818,10,2,2.6666666666666665,37,0
u-0753,2026-01-01,158,7,7,5,5,24,24,2,2,4,1,27,550.52,110,137.63,Sweaters,0.759493670886076,14,2,1.5,58,0
u-0754,2026-01-01,127,4,4,3,3,11,11,2,1,2,1,4,239,99,119.5,Jackets,0.47244094488188976,8,2,1,29,1
u-0755,2026-01-01,188,73,73,0,0,0,0,0,0,5,0,80,1198.08,0,239.62,Sweaters,0.7978723404255319,0,5,2.8,0,1
u-0756,2026-01-01,269,4,4,7,7,34,34,4,2,10,1,27,2048.48,110,204.85,Shirts,1.1152416356877324,15,4,2.4,82,0
u-0757,2026-01-01,105,0,0,6,6,23,23,4,4,4,2,3,1299.12,443.52,324.78,Outerwear,1.1428571428571428,12,2,2.25,62,0
u-0758,2026-01-01,55,11,11,2,2,7,7,1,1,1,0,49,140,0,140,Accessories,0.5454545454545455,7,2,2,18,0
u-0759,2026-01-01,233,11,11,2,2,7,7,2,1,4,0,59,828.16,0,207.04,Sweaters,0.5150214592274678,6,2,2.75,19,0
u-0760,2026-01-01,180,1,1,3,3,12,12,3,2,2,1,28,240,96,120,Trousers,0.3333333333333333,9,3,1.5,33,1
u-0761,2026-01-01,296,2,2,6,6,25,25,4,2,11,1,11,2646.08,240,240.55,Trousers,1.114864864864865,11,6,2.5454545454545454,63,0
u-0762,2026-01-01,40,3,3,4,4,10,10,1,1,1,0,37,99,0,99,Jackets,0.75,8,1,1,26,0
u-0763,2026-01-01,227,6,6,2,2,8,8,2,2,6,1,18,1912,185,318.67,Outerwear,0.7929515418502203,5,3,2,23,0
u-0764,2026-01-01,88,8,8,3,3,6,6,4,2,2,1,15,477.04,287.04,238.52,Dresses,0.6818181818181819,5,2,2.5,22,0
u-0765,2026-01-01,189,78,78,0,0,0,0,0,0,2,0,152,240,0,120,T-Shirts,0.31746031746031744,0,2,2.5,0,1
u-0766,2026-01-01,194,30,30,0,0,0,0,0,0,5,0,54,1658.76,0,331.75,Dresses,0.7731958762886598,0,2,3,0,1
u-0767,2026-01-01,217,3,3,5,5,23,23,4,1,6,1,10,1475.52,168,245.92,Accessories,0.8294930875576036,13,2,2.6666666666666665,57,1
u-0768,2026-01-01,273,1,1,4,4,16,16,1,1,8,1,1,1655.64,95,206.95,Trousers,0.8791208791208791,10,3,2.375,39,1
u-0769,2026-01-01,102,4,4,5,5,20,20,4,2,3,1,27,374,92,124.67,Trousers,0.8823529411764706,12,3,1.3333333333333333,52,0
u-0770,2026-01-01,160,25,25,1,1,4,4,1,0,4,1,25,1096,240,274,Accessories,0.75,4,2,2.75,11,0
u-0771,2026-01-01,204,49,49,0,0,0,0,0,0,4,0,74,1208.96,0,302.24,Outerwear,0.5882352941176471,0,3,2,0,1
u-0772,2026-01-01,269,195,195,0,0,0,0,0,0,1,0,265,216,0,216,Accessories,0.11152416356877323,0,1,3,0,1
u-0773,2026-01-01,284,10,10,2,2,6,6,1,0,7,0,56,2343.72,0,334.82,Jackets,0.7394366197183099,4,7,3.7142857142857144,15,0
u-0774,2026-01-01,113,1,1,5,5,21,21,2,0,2,0,50,360,0,180,Accessories,0.5309734513274337,10,1,1.5,49,0
u-0775,2026-01-01,172,7,7,2,2,6,6,1,2,3,0,36,745,0,248.33,Outerwear,0.5232558139534884,6,3,2.3333333333333335,17,0
u-0776,2026-01-01,224,3,3,8,8,38,38,6,3,6,2,6,1151.92,200,191.99,Shirts,0.8035714285714286,15,3,2.5,95,0
u-0777,2026-01-01,232,29,29,1,1,1,0,0,0,3,0,173,403,0,134.33,Jackets,0.3879310344827586,0,3,1.3333333333333333,2,1
u-0778,2026-01-01,258,45,45,0,0,0,0,0,0,6,0,57,1362.88,0,227.15,Shirts,0.6976744186046512,0,3,2.5,0,1
u-0779,2026-01-01,136,2,2,4,4,15,15,3,1,3,1,24,984.88,236,328.29,Shoes,0.6617647058823529,13,3,3,39,1
u-0780,2026-01-01,99,10,10,2,2,2,2,0,0,1,0,89,224,0,224,Shirts,0.30303030303030304,2,2,4,6,1
u-0781,2026-01-01,32,2,2,4,4,17,16,4,2,1,1,25,120,120,120,Accessories,0.9375,9,1,1,44,0
u-0782,2026-01-01,102,10,10,2,2,9,9,0,2,2,0,44,264,0,132,Trousers,0.5882352941176471,6,1,1.5,22,0
u-0783,2026-01-01,298,65,65,0,0,0,0,0,0,5,0,139,1265.36,0,253.07,Shoes,0.5033557046979865,0,2,2.2,0,1
u-0785,2026-01-01,157,0,0,3,3,13,13,3,1,3,1,20,405.92,56,135.31,Accessories,0.5732484076433121,11,2,2,34,0
u-0786,2026-01-01,55,13,13,3,3,7,7,2,0,1,0,45,353.28,0,353.28,Shoes,0.5454545454545455,5,2,3,19,1
u-0787,2026-01-01,22,3,3,4,4,14,13,5,0,2,2,7,648.6,648.6,324.3,Trousers,2,9,5,3,38,0
u-0788,2026-01-01,293,1,1,7,7,33,33,3,3,9,0,34,2093.28,0,232.59,Sweaters,0.9215017064846416,15,3,2.5555555555555554,79,0
u-0789,2026-01-01,173,4,4,5,5,20,20,5,1,5,1,24,854.2,285.2,170.84,Shirts,0.8670520231213873,12,3,2,52,0
u-0790,2026-01-01,148,14,14,1,1,1,1,0,0,2,0,87,495.04,0,247.52,Dresses,0.4054054054054054,1,1,2.5,3,1
u-0791,2026-01-01,344,0,0,1,1,3,3,1,1,5,1,0,888.8,104,177.76,Sweaters,0.436046511627907,3,3,2,10,0
u-0792,2026-01-01,251,4,4,3,3,11,11,3,2,3,1,16,653.4,455.4,217.8,Jackets,0.3585657370517928,10,1,2.3333333333333335,31,0
u-0793,2026-01-01,257,1,1,6,6,18,18,7,2,8,4,8,2370.56,1207.04,296.32,Shoes,0.933852140077821,10,7,2.875,55,0
u-0794,2026-01-01,103,3,3,3,3,10,10,4,1,4,2,17,811.64,268,202.91,Trousers,1.1650485436893205,8,3,2.25,30,0
u-0795,2026-01-01,107,1,1,7,7,29,29,5,3,3,0,36,1189.56,0,396.52,Outerwear,0.8411214953271028,14,3,2.6666666666666665,73,0
u-0796,2026-01-01,121,58,58,0,0,0,0,0,0,1,0,117,441.6,0,441.6,Shirts,0.24793388429752067,0,3,5,0,1
u-0797,2026-01-01,51,2,2,8,8,32,32,6,3,2,1,22,465.04,241.04,232.52,Shirts,1.1764705882352942,13,2,2.5,82,0
u-0798,2026-01-01,200,64,64,0,0,0,0,0,0,2,0,139,188,0,94,Shirts,0.3,0,2,1,0,1
u-0799,2026-01-01,241,7,7,1,1,4,4,2,0,2,1,7,560.28,297.16,280.14,Trousers,0.24896265560165975,4,2,3,12,1
u-0800,2026-01-01,180,4,4,6,6,27,27,5,2,6,1,24,1938.76,319.24,323.13,Shoes,1,14,5,3,68,0
u-0801,2026-01-01,217,77,77,0,0,0,0,0,0,4,0,90,940.92,0,235.23,Dresses,0.5529953917050692,0,4,2.75,0,1
u-0802,2026-01-01,163,134,134,0,0,0,0,0,0,1,0,161,242.88,0,242.88,Accessories,0.18404907975460122,0,1,4,0,1
u-0805,2026-01-01,288,7,7,2,2,10,10,1,0,7,0,36,1501.6,0,214.51,Jackets,0.7291666666666667,8,6,2.142857142857143,23,0
u-0806,2026-01-01,76,6,6,6,6,27,27,3,2,2,0,38,328,0,164,Dresses,0.7894736842105263,12,2,1.5,65,0
u-0809,2026-01-01,53,10,10,2,2,4,4,2,0,1,0,48,208,0,208,Dresses,0.5660377358490566,4,1,2,12,0
u-0810,2026-01-01,173,3,2,2,3,10,10,1,1,1,0,96,194,0,194,Sweaters,0.17341040462427745,7,1,2,24,0
u-0811,2026-01-01,145,8,8,2,2,2,2,0,0,6,0,43,1266.08,0,211.01,Shirts,1.2413793103448276,2,1,2.6666666666666665,6,0
u-0812,2026-01-01,193,3,3,6,6,25,25,4,1,6,1,15,880.64,360.64,146.77,Dresses,0.9326424870466321,14,2,1.5,62,0
u-0813,2026-01-01,30,2,2,5,6,16,15,2,2,1,1,20,200,200,200,Shoes,1,10,2,2,41,0
u-0814,2026-01-01,165,31,31,0,0,0,0,0,0,6,0,98,1356.04,0,226.01,Jackets,1.0909090909090908,0,5,2.6666666666666665,0,1
u-0815,2026-01-01,220,2,2,7,7,23,23,7,3,8,2,2,3622.96,642.16,452.87,Outerwear,1.090909090909091,11,5,3,65,0
u-0816,2026-01-01,164,8,8,3,3,11,11,1,0,4,0,32,655.4,0,163.85,Accessories,0.7317073170731707,8,4,2,26,0
u-0817,2026-01-01,115,30,30,0,0,0,0,0,0,3,0,30,837.76,0,279.25,Jackets,0.7826086956521738,0,3,3,0,1
u-0818,2026-01-01,340,229,229,0,0,0,0,0,0,4,0,281,982.28,0,245.57,Trousers,0.3529411764705882,0,3,2.5,0,1
u-0819,2026-01-01,348,3,3,5,5,15,15,5,3,12,2,3,2006,201,167.17,Jackets,1.0344827586206897,12,6,1.8333333333333333,45,0
u-0820,2026-01-01,249,77,77,0,0,0,0,0,0,3,0,77,460.96,0,153.65,Accessories,0.36144578313253006,0,2,1.6666666666666667,0,0
u-0821,2026-01-01,302,0,0,5,5,18,18,3,1,8,0,35,2359.36,0,294.92,Outerwear,0.794701986754967,9,5,2.125,45,0
u-0822,2026-01-01,197,40,40,0,0,0,0,0,0,2,0,152,390,0,195,Sweaters,0.30456852791878175,0,2,2,0,1
u-0823,2026-01-01,16,6,6,3,3,4,3,2,1,1,1,10,366.16,366.16,366.16,Shirts,1,3,1,5,14,1
u-0824,2026-01-01,265,10,10,2,2,5,5,0,0,7,0,30,799.52,0,114.22,T-Shirts,0.7924528301886792,4,4,2,12,0
u-0825,2026-01-01,318,3,3,3,3,9,9,2,0,11,1,13,2183.12,78,198.47,Shirts,1.0377358490566038,7,5,2.272727272727273,24,0
u-0826,2026-01-01,69,7,7,3,3,12,12,4,2,2,1,24,538.08,344.08,269.04,Sweaters,0.8695652173913044,8,2,3,34,0
u-0827,2026-01-01,96,5,5,3,3,7,7,5,1,4,2,15,551,208,137.75,Dresses,1.25,7,3,1.25,25,0
u-0828,2026-01-01,93,5,5,3,3,11,11,1,0,2,1,5,278,194,139,Sweaters,0.6451612903225806,8,1,1.5,27,0
u-0830,2026-01-01,78,2,2,8,8,36,36,6,4,4,1,5,779.68,239,194.92,Trousers,1.5384615384615383,15,5,2.25,91,0
u-0831,2026-01-01,258,119,119,0,0,0,0,0,0,4,0,191,1325.72,0,331.43,Outerwear,0.46511627906976744,0,4,2.5,0,1
u-0832,2026-01-01,26,6,6,3,3,7,6,2,0,1,1,16,112,112,112,Shoes,1,6,1,1,19,1
u-0833,2026-01-01,238,10,10,2,2,4,4,2,1,4,1,10,1111.84,208,277.96,Dresses,0.5042016806722689,4,3,3,14,0
u-0834,2026-01-01,239,12,12,1,1,1,1,0,0,5,0,75,1436.68,0,287.34,Accessories,0.6276150627615062,1,3,3,3,1
u-0835,2026-01-01,117,2,2,5,5,21,21,4,1,5,3,2,930.16,640.16,186.03,Shirts,1.2820512820512822,12,2,2.2,55,0
u-0836,2026-01-01,295,2,2,3,3,12,12,1,0,2,0,67,309,0,154.5,Shirts,0.20338983050847456,8,2,2,28,0
u-0837,2026-01-01,200,154,154,0,0,0,0,0,0,1,0,198,208,0,208,Dresses,0.15,0,1,2,0,1
u-0838,2026-01-01,300,90,90,0,0,0,0,0,0,4,0,143,577,0,144.25,Shirts,0.4,0,4,1.75,0,1
u-0839,2026-01-01,143,11,11,4,4,14,14,4,1,5,2,17,1130.76,538.76,226.15,Sweaters,1.048951048951049,10,3,2.6,39,1
u-0840,2026-01-01,63,3,3,5,5,16,16,3,2,1,0,59,216,0,216,Accessories,0.47619047619047616,10,1,3,42,0
u-0841,2026-01-01,291,4,4,3,3,11,11,0,0,5,0,73,1123.24,0,224.65,Jackets,0.5154639175257733,9,5,2.2,25,0
u-0843,2026-01-01,169,0,0,5,5,21,21,3,1,4,0,66,842.52,0,210.63,Jackets,0.7100591715976331,11,4,2.25,51,0
u-0844,2026-01-01,237,7,7,2,2,10,10,2,2,6,0,32,874,0,145.67,Accessories,0.7594936708860759,9,3,1.8333333333333333,26,0
u-0845,2026-01-01,161,56,56,0,0,0,0,0,0,2,0,126,441.6,0,220.8,Shirts,0.3726708074534162,0,1,3,0,1
u-0846,2026-01-01,35,3,3,6,6,26,25,4,2,1,1,29,194,194,194,Sweaters,0.8571428571428571,10,1,2,64,1
u-0847,2026-01-01,318,5,5,2,2,8,8,0,0,7,0,46,2745.36,0,392.19,Outerwear,0.6603773584905661,6,4,2.7142857142857144,18,0
u-0848,2026-01-01,144,1,1,5,5,18,18,6,4,10,3,1,2469.44,951.28,246.94,Shirts,2.0833333333333335,12,4,3,54,0
u-0849,2026-01-01,157,4,4,3,3,12,12,2,1,3,0,47,531,0,177,Dresses,0.5732484076433121,9,3,1.6666666666666667,30,0
u-0850,2026-01-01,255,1,1,5,5,19,19,2,0,2,1,18,566.72,309.12,283.36,Shoes,0.23529411764705882,10,1,2.5,46,0
u-0851,2026-01-01,357,20,20,1,1,1,1,0,0,5,0,58,902.16,0,180.43,T-Shirts,0.42016806722689076,1,4,2.6,3,1
u-0852,2026-01-01,204,1,1,5,5,17,17,4,0,7,1,26,1719.56,478.4,245.65,Dresses,1.0294117647058825,10,3,2.5714285714285716,44,0
u-0853,2026-01-01,300,51,51,0,0,0,0,0,0,9,0,51,1987.08,0,220.79,Sweaters,0.9,0,6,2.2222222222222223,0,1
u-0854,2026-01-01,326,3,3,5,5,17,17,5,3,12,2,23,2904.68,737.84,242.06,Sweaters,1.1042944785276072,11,4,2.3333333333333335,49,0
u-0855,2026-01-01,134,14,14,2,2,4,4,1,0,3,0,53,210,0,70,T-Shirts,0.6716417910447761,2,2,1.3333333333333333,11,1
u-0856,2026-01-01,360,192,192,0,0,0,0,0,0,3,0,300,563,0,187.67,Jackets,0.25,0,2,2,0,1
u-0857,2026-01-01,288,5,4,1,1,1,0,0,0,1,0,207,185,0,185,Outerwear,0.10416666666666667,0,1,1,2,1
u-0858,2026-01-01,283,163,163,0,0,0,0,0,0,1,0,276,224,0,224,Shoes,0.10600706713780919,0,1,2,0,0
u-0859,2026-01-01,238,9,9,3,3,16,16,3,1,6,0,30,1274.68,0,212.45,Shirts,0.7563025210084033,9,6,2.3333333333333335,39,0
u-0860,2026-01-01,53,2,2,8,8,33,33,7,0,4,1,27,615.88,42,153.97,Shoes,2.2641509433962264,12,3,1.5,82,0
u-0862,2026-01-01,135,0,0,3,3,10,10,1,1,2,0,33,334,0,167,Jackets,0.4444444444444444,10,3,2,25,0
u-0863,2026-01-01,151,63,63,0,0,0,0,0,0,3,0,119,594.2,0,198.07,Trousers,0.5960264900662252,0,2,2.3333333333333335,0,1
u-0864,2026-01-01,81,3,2,2,2,2,2,0,0,1,1,3,185,185,185,Outerwear,0.37037037037037035,2,1,1,7,0
u-0865,2026-01-01,193,12,12,2,2,2,2,1,0,4,0,103,868.08,0,217.02,Sweaters,0.6217616580310881,2,2,2.5,7,0
u-0866,2026-01-01,313,2,2,6,6,27,27,3,3,11,1,2,2739.84,517.04,249.08,Jackets,1.0543130990415335,15,4,2.727272727272727,67,0
u-0867,2026-01-01,238,54,54,0,0,0,0,0,0,3,0,136,363,0,121,T-Shirts,0.37815126050420167,0,2,2,0,0
u-0868,2026-01-01,23,5,5,3,3,6,5,2,0,1,1,13,319.24,319.24,319.24,Shirts,1,5,3,5,17,0
u-0869,2026-01-01,125,2,2,2,2,2,2,0,0,3,0,46,704.48,0,234.83,Shoes,0.72,2,1,2,6,0
u-0870,2026-01-01,72,5,5,3,3,16,16,2,1,2,1,5,365.48,95,182.74,Trousers,0.8333333333333334,11,2,2,39,0
u-0871,2026-01-01,77,2,2,4,4,16,16,3,0,2,1,23,732.32,476.56,366.16,Sweaters,0.7792207792207791,9,2,4,40,0
u-0872,2026-01-01,129,3,3,5,5,25,25,1,0,3,0,37,776.2,0,258.73,Accessories,0.6976744186046512,13,3,3.3333333333333335,56,0
u-0873,2026-01-01,38,3,3,3,3,15,15,2,1,1,0,33,452.64,0,452.64,Accessories,0.7894736842105263,10,2,4,36,0
u-0874,2026-01-01,270,4,4,2,2,5,5,2,0,5,2,4,526,318,105.2,T-Shirts,0.5555555555555556,4,4,2,16,1
u-0875,2026-01-01,58,1,1,2,2,2,2,0,0,1,0,56,250.24,0,250.24,Trousers,0.5172413793103449,2,1,3,6,1
u-0877,2026-01-01,192,0,0,7,7,30,30,8,1,7,1,5,1301.08,160,185.87,Shirts,1.09375,15,5,2.2857142857142856,77,0
u-0878,2026-01-01,219,0,0,5,5,20,20,2,2,7,0,38,1141.72,0,163.1,T-Shirts,0.9589041095890412,11,5,2.5714285714285716,49,0
u-0879,2026-01-01,51,7,7,4,4,19,19,3,1,2,1,13,280,140,140,Shoes,1.1764705882352942,10,1,1,47,0
u-0880,2026-01-01,268,32,32,0,0,0,0,0,0,2,0,76,720.36,0,360.18,Outerwear,0.22388059701492538,0,2,3,0,1
u-0881,2026-01-01,253,2,2,3,3,3,3,1,0,9,0,70,1727.04,0,191.89,Shirts,1.0671936758893281,3,3,2.3333333333333335,10,1
u-0882,2026-01-01,255,0,0,3,3,8,8,1,0,6,0,60,1458.72,0,243.12,Jackets,0.7058823529411765,7,3,2.6666666666666665,20,0
u-0883,2026-01-01,346,3,3,3,3,11,11,3,2,6,1,25,1167.44,112,194.57,Sweaters,0.5202312138728323,9,4,1.8333333333333333,31,0
u-0884,2026-01-01,132,2,2,3,3,14,14,3,0,4,2,2,947.16,453.12,236.79,Trousers,0.9090909090909091,8,3,2.75,36,0
u-0885,2026-01-01,315,157,157,0,0,0,0,0,0,4,0,157,802,0,200.5,Sweaters,0.38095238095238093,0,3,2.25,0,1
u-0886,2026-01-01,114,3,3,4,4,15,15,5,0,3,1,19,905.28,325.68,301.76,Shirts,0.7894736842105263,9,1,3.6666666666666665,40,0
u-0888,2026-01-01,149,3,3,9,9,39,39,4,4,5,1,16,1386.36,361.56,277.27,Dresses,1.006711409395973,16,6,2.8,96,0
u-0889,2026-01-01,268,7,7,3,3,15,15,1,1,5,0,32,1440.76,0,288.15,Dresses,0.5597014925373134,8,6,2.8,35,0
u-0890,2026-01-01,309,4,4,5,5,17,17,4,2,10,1,18,1072.68,76,107.27,T-Shirts,0.9708737864077669,12,5,2.1,46,0
u-0891,2026-01-01,72,1,1,3,3,5,5,0,1,1,0,70,311.88,0,311.88,Accessories,0.4166666666666667,5,2,3,14,0
u-0892,2026-01-01,306,15,15,1,1,1,0,0,0,3,0,137,1005.44,0,335.15,Dresses,0.29411764705882354,0,2,3.3333333333333335,2,1
u-0893,2026-01-01,314,56,56,0,0,0,0,0,0,1,0,312,110,0,110,Sweaters,0.09554140127388534,0,1,1,0,1
u-0894,2026-01-01,84,13,13,3,3,9,9,2,2,3,1,23,767.04,238,255.68,Trousers,1.0714285714285714,9,3,3,26,0
u-0895,2026-01-01,302,226,226,0,0,0,0,0,0,1,0,299,364.32,0,364.32,Jackets,0.09933774834437087,0,1,4,0,1
u-0897,2026-01-01,138,4,4,3,3,13,13,3,2,3,0,32,341,0,113.67,Jackets,0.6521739130434783,11,3,1.3333333333333333,34,0
u-0898,2026-01-01,19,1,1,6,6,20,19,5,0,1,1,15,501.4,501.4,501.4,Accessories,1,12,2,4,51,0
u-0899,2026-01-01,287,0,0,1,1,1,0,0,0,6,0,92,1878.72,0,313.12,Dresses,0.6271777003484321,0,4,3.1666666666666665,2,1
u-0900,2026-01-01,241,6,6,3,3,15,15,3,0,7,1,6,1340.6,110,191.51,Sweaters,0.8713692946058091,9,2,2.142857142857143,37,0
u-0901,2026-01-01,86,3,3,5,5,19,19,3,0,5,1,3,771.04,76,154.21,Shirts,1.744186046511628,10,3,2.2,47,0
u-0903,2026-01-01,31,19,19,2,2,2,1,3,0,1,1,28,76,76,76,Shirts,0.9677419354838709,1,1,1,9,1
u-0904,2026-01-01,356,6,6,2,2,9,9,0,1,2,0,62,384.2,0,192.1,Jackets,0.16853932584269662,7,2,2,21,0
u-0905,2026-01-01,133,5,5,3,3,11,11,2,2,5,1,5,691,95,138.2,Accessories,1.1278195488721805,9,3,1.6,30,0
u-0906,2026-01-01,135,7,7,3,3,15,15,2,0,2,0,59,695.6,0,347.8,Outerwear,0.4444444444444444,12,1,2,35,0
u-0907,2026-01-01,101,5,5,4,4,17,17,4,1,4,1,26,445,163,111.25,T-Shirts,1.188118811881188,13,3,2,44,0
u-0908,2026-01-01,217,1,1,6,6,25,25,5,3,7,1,22,935,120,133.57,Accessories,0.967741935483871,12,3,1.4285714285714286,65,0
u-0909,2026-01-01,196,8,8,3,3,12,12,1,1,4,0,38,1061.68,0,265.42,Shoes,0.6122448979591837,7,3,2.5,29,0
u-0910,2026-01-01,216,48,48,0,0,0,0,0,0,3,0,125,1055.96,0,351.99,Dresses,0.41666666666666663,0,3,3.3333333333333335,0,1
u-0911,2026-01-01,141,81,81,0,0,0,0,0,0,1,0,133,224,0,224,Shoes,0.2127659574468085,0,1,2,0,1
u-0912,2026-01-01,255,4,4,3,3,12,12,2,1,6,1,11,1210.12,99,201.69,Dresses,0.7058823529411765,9,3,2.1666666666666665,31,0
u-0913,2026-01-01,110,8,8,3,3,17,17,3,1,3,1,17,639.52,202,213.17,Sweaters,0.8181818181818182,9,3,2.6666666666666665,42,0
u-0914,2026-01-01,132,86,86,0,0,0,0,0,0,1,0,124,293.48,0,293.48,Accessories,0.22727272727272727,0,3,3,0,1
u-0915,2026-01-01,195,0,0,3,3,11,11,3,0,4,1,26,867.76,183,216.94,Trousers,0.6153846153846154,7,2,2.75,29,0
u-0916,2026-01-01,96,5,5,4,4,14,14,2,2,3,0,31,594.08,0,198.03,Sweaters,0.9375,12,3,2.6666666666666665,36,1
u-0917,2026-01-01,332,2,2,6,6,26,26,4,3,3,1,12,1121.48,471.96,373.83,Accessories,0.2710843373493976,12,4,3.6666666666666665,66,0
u-0918,2026-01-01,271,186,186,0,0,0,0,0,0,5,0,199,1055.68,0,211.14,Trousers,0.5535055350553506,0,2,2.4,0,1
u-0919,2026-01-01,168,0,0,7,7,37,37,7,3,7,2,6,1967.4,509,281.06,Sweaters,1.25,14,5,3.142857142857143,93,0
u-0920,2026-01-01,66,6,6,3,3,14,14,2,0,1,0,55,208,0,208,Dresses,0.45454545454545453,9,1,2,33,0
u-0921,2026-01-01,232,1,1,5,5,26,26,4,2,4,1,18,1052.68,283.36,263.17,Jackets,0.5172413793103449,12,4,3,64,0
u-0922,2026-01-01,45,4,4,4,4,16,16,2,1,1,0,36,340.4,0,340.4,Outerwear,0.6666666666666666,12,1,2,39,0
u-0924,2026-01-01,25,4,4,4,4,10,9,3,1,1,1,15,346.84,346.84,346.84,Trousers,1,6,2,3,28,0
u-0925,2026-01-01,76,20,20,2,2,9,9,3,1,2,1,20,434.96,78,217.48,Sweaters,0.7894736842105263,7,2,2.5,25,0
u-0926,2026-01-01,109,0,0,5,5,28,28,4,1,3,1,5,464.12,76,154.71,T-Shirts,0.8256880733944955,13,3,2.3333333333333335,67,0
u-0927,2026-01-01,34,4,4,6,7,26,26,4,4,2,2,25,427.68,427.68,213.84,Outerwear,1.7647058823529411,13,3,2,68,0
u-0928,2026-01-01,29,0,0,4,5,8,7,3,1,1,1,18,220,220,220,Sweaters,1,6,1,2,24,0
u-0929,2026-01-01,294,27,27,1,1,1,1,0,0,8,0,60,2104.52,0,263.06,Jackets,0.8163265306122448,1,6,2.5,3,1
u-0930,2026-01-01,151,63,62,0,0,0,0,0,0,1,0,140,84,0,84,Sweaters,0.19867549668874174,0,1,1,0,1
u-0931,2026-01-01,234,2,2,6,6,24,24,3,3,7,1,15,1525.8,160,217.97,Shirts,0.8974358974358975,13,5,2.2857142857142856,61,0
u-0932,2026-01-01,322,3,3,5,5,20,20,2,1,9,0,37,1806.4,0,200.71,Jackets,0.8385093167701864,13,7,2.111111111111111,48,0
u-0933,2026-01-01,127,5,5,2,2,2,2,0,0,3,0,72,803.92,0,267.97,Shoes,0.7086614173228346,2,4,2.6666666666666665,6,0
u-0934,2026-01-01,19,2,2,5,5,16,15,3,1,1,1,12,102,102,102,T-Shirts,1,12,1,3,41,0
u-0935,2026-01-01,315,2,2,1,1,6,6,1,0,4,0,85,957.44,0,239.36,Sweaters,0.38095238095238093,4,3,2.5,14,0
u-0936,2026-01-01,145,4,4,7,7,20,20,5,3,5,1,4,863,160,172.6,Shirts,1.0344827586206897,13,2,2.2,56,0
u-0937,2026-01-01,271,44,44,0,0,0,0,0,0,6,0,103,1592.84,0,265.47,Sweaters,0.6642066420664207,0,6,2.8333333333333335,0,0
u-0938,2026-01-01,229,155,155,0,0,0,0,0,0,1,0,222,412.16,0,412.16,Accessories,0.13100436681222707,0,2,4,0,1
u-0939,2026-01-01,117,1,1,3,3,9,9,4,1,4,1,21,1069.16,230,267.29,Dresses,1.0256410256410258,8,5,2.5,27,0
u-0940,2026-01-01,115,3,3,2,2,2,2,0,0,5,0,38,1142.96,0,228.59,Trousers,1.3043478260869565,2,1,2.6,6,1
u-0941,2026-01-01,167,3,3,1,1,5,5,2,1,5,1,3,1423.16,231.84,284.63,Shoes,0.8982035928143713,5,5,2.6,15,1
u-0942,2026-01-01,331,0,0,4,4,5,5,0,1,8,1,4,3392.6,665.16,424.07,Outerwear,0.7250755287009063,5,5,2.875,16,0
u-0943,2026-01-01,58,2,2,3,3,10,10,3,1,2,1,24,473.12,378.12,236.56,Trousers,1.0344827586206897,7,2,2.5,28,1
u-0944,2026-01-01,348,138,138,0,0,0,0,0,0,7,0,165,1221.8,0,174.54,Shirts,0.603448275862069,0,4,2,0,0
u-0945,2026-01-01,66,18,18,3,3,9,9,2,0,4,1,25,961.52,499.56,240.38,Shirts,1.8181818181818181,8,4,2.25,24,0
u-0946,2026-01-01,156,72,72,0,0,0,0,0,0,1,0,152,56,0,56,Accessories,0.1923076923076923,0,1,1,0,1
u-0947,2026-01-01,261,1,1,4,4,20,20,2,0,9,1,26,1561.76,96,173.53,Trousers,1.0344827586206897,12,5,1.8888888888888888,47,0
u-0948,2026-01-01,127,6,6,4,4,19,19,1,2,3,0,35,420.64,0,140.21,Jackets,0.7086614173228346,10,3,1.6666666666666667,45,0
u-0949,2026-01-01,74,1,1,3,3,12,12,2,0,2,1,1,855.6,412.16,427.8,Outerwear,0.8108108108108107,10,3,3,30,0
u-0950,2026-01-01,114,51,51,0,0,0,0,0,0,1,0,110,246,0,246,Shirts,0.2631578947368421,0,2,3,0,1
u-0951,2026-01-01,132,3,3,5,5,20,20,5,3,4,1,27,1223.6,253,305.9,Trousers,0.9090909090909091,12,6,3.5,54,0
u-0952,2026-01-01,74,5,5,5,5,17,17,4,1,2,1,5,310,214,155,T-Shirts,0.8108108108108107,7,3,2.5,45,0
u-0953,2026-01-01,344,2,2,4,4,14,14,3,1,3,1,14,641.8,273.24,213.93,Jackets,0.2616279069767442,10,2,2.3333333333333335,37,0
u-0954,2026-01-01,288,4,4,3,3,12,12,2,1,2,1,4,690.92,426.88,345.46,Trousers,0.20833333333333334,9,1,4,31,0
u-0955,2026-01-01,162,8,8,3,3,10,10,3,1,3,1,8,412,132,137.33,Trousers,0.5555555555555555,9,3,1.6666666666666667,28,0
u-0957,2026-01-01,9,5,5,2,2,2,1,2,0,1,1,5,239,239,239,Trousers,1,1,2,3,8,0
u-0958,2026-01-01,361,1,1,3,3,11,11,2,1,8,1,1,1525.76,318.32,190.72,Trousers,0.6648199445983379,6,5,2.125,29,1
u-0959,2026-01-01,225,14,14,1,1,1,0,0,0,2,0,183,708.4,0,354.2,Sweaters,0.26666666666666666,0,1,3.5,2,1
u-0960,2026-01-01,131,1,1,7,7,33,33,0,2,3,0,42,591.52,0,197.17,Accessories,0.6870229007633588,15,3,2.3333333333333335,75,0
u-0961,2026-01-01,288,112,112,0,0,0,0,0,0,2,0,210,1077.32,0,538.66,Outerwear,0.20833333333333334,0,4,4,0,1
u-0962,2026-01-01,332,10,10,3,3,10,10,3,0,9,1,27,1898.36,259.44,210.93,Jackets,0.8132530120481928,8,5,2.4444444444444446,27,0
u-0963,2026-01-01,188,10,10,1,1,1,0,0,0,1,0,185,56,0,56,Accessories,0.1595744680851064,0,1,1,2,1
u-0964,2026-01-01,362,120,120,0,0,0,0,0,0,3,0,198,464,0,154.67,T-Shirts,0.24861878453038674,0,2,3.3333333333333335,0,1
u-0965,2026-01-01,233,30,30,0,0,0,0,0,0,2,0,187,381.52,0,190.76,Shirts,0.2575107296137339,0,2,3,0,1
u-0966,2026-01-01,49,36,36,0,0,0,0,0,0,1,0,41,293.48,0,293.48,Shoes,0.6122448979591837,0,2,3,0,1
u-0967,2026-01-01,177,58,58,0,0,0,0,0,0,1,0,172,303.6,0,303.6,Trousers,0.1694915254237288,0,2,3,0,1
u-0969,2026-01-01,18,4,4,3,3,8,7,2,0,1,1,16,242,242,242,Dresses,1,6,2,3,21,0
u-0970,2026-01-01,364,132,132,0,0,0,0,0,0,3,0,264,761.84,0,253.95,Shirts,0.24725274725274726,0,3,3,0,1
u-0971,2026-01-01,336,10,10,1,1,1,0,0,0,3,0,239,710.24,0,236.75,Jackets,0.26785714285714285,0,2,2.3333333333333335,2,1
u-0972,2026-01-01,363,143,143,0,0,0,0,0,0,5,0,216,969.64,0,193.93,Trousers,0.4132231404958678,0,3,2.4,0,0
u-0973,2026-01-01,364,5,5,4,4,14,14,2,1,6,0,59,2970.76,0,495.13,Outerwear,0.4945054945054945,9,2,3.1666666666666665,35,1
u-0974,2026-01-01,195,4,4,4,4,11,11,1,2,6,0,49,1361.12,0,226.85,Dresses,0.9230769230769231,8,3,2.3333333333333335,29,0
u-0975,2026-01-01,17,1,1,3,3,8,7,3,0,1,1,7,185,185,185,Outerwear,1,6,1,1,22,0
u-0976,2026-01-01,350,2,2,3,3,14,14,2,1,7,1,2,1566.76,215,223.82,Accessories,0.6,8,6,2.5714285714285716,35,0
u-0977,2026-01-01,10,4,3,2,3,2,1,2,0,1,1,3,208,208,208,Dresses,1,1,1,2,8,0
u-0979,2026-01-01,315,6,6,3,3,10,10,2,2,4,1,16,774.76,104,193.69,Accessories,0.38095238095238093,8,6,2,28,0
u-0980,2026-01-01,293,0,0,1,1,1,1,1,0,5,0,95,715,0,143,T-Shirts,0.5119453924914675,1,4,2.8,4,0
u-0981,2026-01-01,291,0,0,4,4,18,18,2,0,6,0,31,1158.2,0,193.03,Accessories,0.6185567010309279,13,5,1.8333333333333333,42,0
u-0983,2026-01-01,298,48,48,0,0,0,0,0,0,6,0,125,1369.6,0,228.27,Shirts,0.6040268456375839,0,3,2.6666666666666665,0,1
u-0984,2026-01-01,249,6,6,3,3,8,8,2,2,5,1,6,1367.04,273.24,273.41,Jackets,0.6024096385542168,6,2,3,24,1
u-0985,2026-01-01,351,16,16,1,1,1,1,1,0,5,0,79,1113.88,0,222.78,Accessories,0.4273504273504274,1,3,2.6,4,1
u-0986,2026-01-01,84,41,41,0,0,0,0,0,0,1,0,77,230.92,0,230.92,Trousers,0.35714285714285715,0,2,3,0,1
u-0987,2026-01-01,189,64,63,0,0,0,0,0,0,3,0,100,593.92,0,197.97,Shirts,0.4761904761904762,0,2,2.3333333333333335,0,0
u-0988,2026-01-01,46,2,2,4,4,17,17,1,1,2,1,27,602.6,92,301.3,Outerwear,1.3043478260869565,10,2,2,41,0
u-0989,2026-01-01,41,4,4,3,3,10,10,2,3,1,0,39,352.36,0,352.36,Trousers,0.7317073170731707,8,1,4,28,0
u-0990,2026-01-01,104,71,71,0,0,0,0,0,0,2,0,71,356.6,0,178.3,Shoes,0.5769230769230769,0,2,1.5,0,1
u-0991,2026-01-01,48,8,8,2,2,5,5,1,2,2,0,33,503.32,0,251.66,Dresses,1.25,5,4,2.5,15,0
u-0992,2026-01-01,298,188,188,0,0,0,0,0,0,2,0,280,520.8,0,260.4,Shoes,0.20134228187919462,0,3,3,0,1
u-0993,2026-01-01,127,43,43,0,0,0,0,0,0,1,0,117,156,0,156,Shirts,0.23622047244094488,0,2,2,0,0
u-0994,2026-01-01,96,9,9,2,2,3,3,0,0,1,0,91,42,0,42,T-Shirts,0.3125,3,1,1,8,1
u-0995,2026-01-01,29,9,9,3,3,7,6,3,0,1,1,21,194,194,194,Sweaters,1,4,1,2,20,0
u-0996,2026-01-01,53,2,2,3,3,16,16,2,1,2,1,15,312,104,156,Dresses,1.1320754716981132,11,1,1.5,39,0
u-0997,2026-01-01,140,42,42,0,0,0,0,0,0,1,0,135,198,0,198,Sweaters,0.21428571428571427,0,2,2,0,0
u-0998,2026-01-01,279,5,5,3,3,7,7,2,1,8,0,38,1278.76,0,159.84,T-Shirts,0.8602150537634408,6,5,2.625,20,0
u-0999,2026-01-01,270,4,4,2,2,6,6,3,1,6,1,9,1994.72,573.16,332.45,Outerwear,0.6666666666666666,6,5,2.8333333333333335,19,0
u-1000,2026-01-01,182,21,21,1,1,1,1,1,0,3,0,117,478,0,159.33,Shirts,0.4945054945054945,1,3,2,4,1
u-1001,2026-01-01,344,111,111,0,0,0,0,0,0,3,0,267,321,0,107,Accessories,0.2616279069767442,0,3,1.3333333333333333,0,1
u-1002,2026-01-01,254,12,12,3,3,10,10,0,0,7,0,48,655,0,93.57,T-Shirts,0.8267716535433071,8,4,2,23,1
u-1004,2026-01-01,146,3,3,2,2,2,2,0,0,5,0,56,1072.72,0,214.54,Sweaters,1.0273972602739727,2,4,2.2,6,1
u-1005,2026-01-01,242,175,175,0,0,0,0,0,0,2,0,175,179,0,89.5,Sweaters,0.24793388429752067,0,2,1,0,1
u-1006,2026-01-01,53,3,3,3,3,10,10,2,0,2,1,24,695.6,510.6,347.8,Outerwear,1.1320754716981132,7,1,2,26,1
u-1007,2026-01-01,344,3,3,1,1,6,6,2,0,3,1,3,846.92,360.64,282.31,Shoes,0.2616279069767442,4,4,2.6666666666666665,16,0
u-1008,2026-01-01,108,4,4,3,3,12,12,2,0,3,1,23,440,216,146.67,Accessories,0.8333333333333333,8,1,2,30,0
u-1010,2026-01-01,354,13,13,2,2,5,5,2,0,7,0,77,1118.28,0,159.75,Accessories,0.5932203389830508,4,3,2.142857142857143,14,0
u-1011,2026-01-01,235,6,6,3,3,8,8,1,0,8,0,32,1837.2,0,229.65,Sweaters,1.021276595744681,7,3,2.375,20,0
u-1012,2026-01-01,347,1,1,3,3,14,14,3,0,4,2,1,1070.68,734.68,267.67,Shoes,0.345821325648415,10,5,3,36,0
u-1013,2026-01-01,53,12,12,2,2,7,7,1,1,2,0,38,396.16,0,198.08,Jackets,1.1320754716981132,6,2,2,18,0
u-1014,2026-01-01,286,1,1,2,2,8,8,1,2,5,1,7,1053.72,423.2,210.74,Shirts,0.5244755244755245,6,4,2.2,22,0
u-1015,2026-01-01,233,10,10,1,1,1,1,1,0,4,0,100,957.04,0,239.26,Trousers,0.5150214592274678,1,3,2.5,4,1
u-1016,2026-01-01,155,33,33,0,0,0,0,0,0,3,0,87,343,0,114.33,Accessories,0.5806451612903225,0,3,1.6666666666666667,0,1
u-1017,2026-01-01,325,1,1,3,3,11,11,2,2,8,1,1,1512.88,178,189.11,Accessories,0.7384615384615384,9,5,2.375,30,0
u-1018,2026-01-01,70,0,0,6,6,27,27,2,3,3,1,7,1345.04,582.36,448.35,Shoes,1.2857142857142856,13,2,3.6666666666666665,66,0
u-1019,2026-01-01,139,1,1,5,5,22,22,3,2,5,0,38,1355.68,0,271.14,Dresses,1.079136690647482,14,3,2.8,54,0
u-1020,2026-01-01,100,1,1,3,3,11,11,4,2,2,1,13,707.92,529.92,353.96,Shoes,0.6,8,4,4,32,0
u-1021,2026-01-01,290,5,5,2,2,6,6,1,1,4,1,16,928.88,88,232.22,Sweaters,0.4137931034482759,6,5,2.5,17,0
u-1022,2026-01-01,364,9,9,3,3,12,12,3,1,10,1,26,2583.72,283.36,258.37,Sweaters,0.8241758241758242,9,7,3.1,32,0
u-1023,2026-01-01,178,2,2,2,2,2,2,1,0,2,0,162,553.6,0,276.8,Outerwear,0.33707865168539325,2,3,2,7,0
u-1024,2026-01-01,324,1,1,3,3,11,11,2,1,5,1,25,1415.52,273.24,283.1,Jackets,0.4629629629629629,9,6,3.2,29,0
u-1025,2026-01-01,25,2,2,6,6,19,18,6,1,2,2,13,342,342,171,T-Shirts,2,12,3,3.5,52,0
u-1026,2026-01-01,270,0,0,5,5,23,23,4,1,7,0,35,3161.24,0,451.61,Outerwear,0.7777777777777778,11,5,3.142857142857143,56,0
u-1027,2026-01-01,206,23,23,2,2,6,6,2,0,5,0,41,1556.44,0,311.29,Jackets,0.7281553398058253,3,3,3.4,16,1
u-1028,2026-01-01,138,5,5,3,3,15,15,3,1,4,2,16,1072.04,545.56,268.01,Trousers,0.8695652173913044,9,4,3,39,0
u-1029,2026-01-01,152,26,26,1,1,1,1,0,0,2,0,84,252,0,126,T-Shirts,0.39473684210526316,1,2,3.5,3,1
u-1030,2026-01-01,247,1,1,8,8,27,27,6,2,8,2,1,3190.64,541.96,398.83,Outerwear,0.9716599190283401,14,3,2.5,72,0
u-1031,2026-01-01,162,3,3,6,6,24,24,3,2,4,1,17,1703.84,384.56,425.96,Outerwear,0.7407407407407407,13,3,3,60,0
u-1032,2026-01-01,364,99,99,0,0,0,0,0,0,2,0,331,370,0,185,Outerwear,0.16483516483516483,0,1,1,0,1
u-1033,2026-01-01,244,1,1,3,3,16,16,3,0,6,1,22,1183.64,251.16,197.27,Accessories,0.7377049180327869,9,5,2,39,0
u-1034,2026-01-01,134,10,10,2,2,6,6,0,0,2,0,57,178,0,89,T-Shirts,0.44776119402985076,5,1,2.5,14,0
u-1035,2026-01-01,277,227,227,0,0,0,0,0,0,1,0,274,242,0,242,Accessories,0.10830324909747294,0,3,5,0,1
u-1036,2026-01-01,363,0,0,3,3,16,16,3,1,11,1,11,2229,351.44,202.64,Jackets,0.9090909090909092,12,5,2.272727272727273,40,0
u-1037,2026-01-01,310,6,6,1,1,1,1,0,0,5,0,85,916.24,0,183.25,Shirts,0.48387096774193544,1,2,2.6,3,1
u-1038,2026-01-01,200,2,2,6,6,21,21,3,4,7,0,47,2121.92,0,303.13,Outerwear,1.05,12,4,2.2857142857142856,55,0
u-1039,2026-01-01,58,2,2,3,3,15,15,2,1,1,0,51,309.12,0,309.12,Shoes,0.5172413793103449,12,1,3,36,0
u-1040,2026-01-01,299,10,10,3,3,10,10,3,0,5,2,16,1001.68,440,200.34,Sweaters,0.5016722408026756,9,2,2,28,0
u-1041,2026-01-01,133,3,3,3,3,3,3,0,0,1,0,127,102,0,102,T-Shirts,0.22556390977443608,3,1,3,9,0
u-1042,2026-01-01,7,4,4,2,2,2,1,2,0,1,1,4,455.4,455.4,455.4,Jackets,1,1,1,5,8,1
u-1043,2026-01-01,68,0,0,5,5,23,23,4,3,2,1,12,347.12,263.12,173.56,T-Shirts,0.8823529411764706,11,3,3,59,0
u-1044,2026-01-01,295,0,0,8,8,29,29,5,3,9,0,33,2105.28,0,233.92,Accessories,0.9152542372881355,13,2,2.4444444444444446,74,0
u-1045,2026-01-01,279,38,38,0,0,0,0,0,0,4,0,156,531,0,132.75,Shirts,0.4301075268817204,0,2,1.75,0,1
u-1046,2026-01-01,313,50,50,0,0,0,0,0,0,4,0,220,894.04,0,223.51,Accessories,0.38338658146964855,0,4,2.75,0,1
u-1047,2026-01-01,295,8,8,2,2,2,2,0,0,5,0,153,1967.88,0,393.58,Outerwear,0.5084745762711864,2,4,2.8,6,1
u-1048,2026-01-01,65,6,6,3,3,13,13,1,1,2,1,15,378.68,99,189.34,Sweaters,0.9230769230769231,10,2,2,32,0
u-1049,2026-01-01,156,4,4,3,3,12,12,3,1,6,1,15,1948.68,510.6,324.78,Outerwear,1.1538461538461537,8,3,2.1666666666666665,32,0
u-1050,2026-01-01,224,1,0,3,3,11,11,0,1,6,1,12,1653.32,396.52,275.55,Shoes,0.8035714285714286,8,4,2.6666666666666665,27,0
u-1051,2026-01-01,138,30,30,0,0,0,0,0,0,2,0,91,714.84,0,357.42,Trousers,0.4347826086956522,0,3,4,0,1
u-1052,2026-01-01,181,6,6,3,3,12,12,2,1,4,1,25,874.04,192,218.51,Dresses,0.6629834254143646,11,3,2.25,31,0
u-1053,2026-01-01,106,1,1,3,3,11,11,4,1,4,2,1,971.84,558.16,242.96,Shirts,1.1320754716981132,7,4,2.75,32,0
u-1054,2026-01-01,286,4,4,3,3,8,8,2,0,6,0,43,1599,0,266.5,Trousers,0.6293706293706294,8,3,3,21,0
u-1055,2026-01-01,155,10,10,2,2,7,7,3,1,4,1,21,768.24,198,192.06,Jackets,0.7741935483870968,7,1,2,21,0
u-1056,2026-01-01,15,1,1,3,4,6,5,3,0,1,1,4,277.84,277.84,277.84,Jackets,1,4,2,3,18,0
u-1057,2026-01-01,335,13,13,2,2,2,2,0,0,9,0,67,1702.48,0,189.16,Sweaters,0.8059701492537313,2,2,2,6,1
u-1058,2026-01-01,102,12,12,1,1,1,1,1,0,3,0,79,246,0,82,T-Shirts,0.8823529411764706,1,1,2.3333333333333335,4,0
u-1059,2026-01-01,155,24,24,1,1,2,2,1,1,3,0,75,715.48,0,238.49,Trousers,0.5806451612903225,2,2,2.6666666666666665,7,1
u-1060,2026-01-01,171,84,84,0,0,0,0,0,0,1,0,169,99,0,99,Jackets,0.17543859649122806,0,1,1,0,1
u-1061,2026-01-01,110,4,4,3,3,14,14,3,0,2,1,16,574.56,190,287.28,Sweaters,0.5454545454545455,8,3,3,35,0
u-1062,2026-01-01,309,205,205,0,0,0,0,0,0,2,0,248,405.76,0,202.88,Dresses,0.1941747572815534,0,2,2,0,1
u-1063,2026-01-01,292,75,75,0,0,0,0,0,0,5,0,155,1808.88,0,361.78,Outerwear,0.5136986301369864,0,2,2.2,0,0
u-1064,2026-01-01,343,169,169,0,0,0,0,0,0,3,0,224,471.24,0,157.08,Jackets,0.26239067055393583,0,1,1.6666666666666667,0,1
u-1065,2026-01-01,240,146,146,0,0,0,0,0,0,1,0,238,313.72,0,313.72,Shirts,0.125,0,2,3,0,1
u-1066,2026-01-01,116,13,13,2,2,7,7,1,0,2,0,47,416.4,0,208.2,T-Shirts,0.5172413793103449,6,2,2,17,0
u-1067,2026-01-01,153,4,4,3,3,16,16,3,1,5,2,15,1424.36,404,284.87,Outerwear,0.9803921568627452,12,3,2,41,0
u-1068,2026-01-01,118,66,66,0,0,0,0,0,0,1,0,108,129,0,129,T-Shirts,0.2542372881355932,0,2,2,0,1
u-1070,2026-01-01,319,116,116,0,0,0,0,0,0,4,0,180,854.8,0,213.7,Outerwear,0.3761755485893417,0,3,1.75,0,0
u-1071,2026-01-01,220,7,7,3,3,11,11,1,0,3,0,44,617.92,0,205.97,Trousers,0.4090909090909091,8,2,2,26,0
u-1072,2026-01-01,28,2,2,6,6,18,17,4,2,1,1,19,249.32,249.32,249.32,Trousers,1,9,1,3,48,0
u-1073,2026-01-01,128,2,2,4,4,12,12,3,0,8,2,10,997,201,124.63,T-Shirts,1.875,9,5,2.375,33,0
u-1074,2026-01-01,211,152,152,0,0,0,0,0,0,1,0,207,178,0,178,T-Shirts,0.14218009478672985,0,2,3,0,1
u-1075,2026-01-01,30,4,4,5,6,24,23,5,1,2,2,4,506.48,506.48,253.24,Accessories,2,11,4,2.5,60,0
u-1076,2026-01-01,212,27,27,1,1,1,1,0,0,4,0,67,753.36,0,188.34,Shoes,0.5660377358490566,1,3,1.75,3,1
u-1077,2026-01-01,35,8,8,3,3,10,9,3,2,1,1,28,76,76,76,T-Shirts,0.8571428571428571,6,1,2,28,0
u-1078,2026-01-01,195,3,3,3,3,12,12,2,2,6,1,25,1422.8,208,237.13,Dresses,0.9230769230769231,10,5,2.5,32,0
u-1079,2026-01-01,34,5,5,3,4,10,9,4,0,1,1,28,290.72,290.72,290.72,Shirts,0.8823529411764706,8,1,4,27,1
u-1080,2026-01-01,12,8,8,2,2,2,1,2,0,1,1,8,120,120,120,Accessories,1,1,1,1,8,0
u-1081,2026-01-01,23,3,3,4,4,9,8,3,0,1,1,18,309.12,309.12,309.12,Shirts,1,6,2,4,25,0
u-1082,2026-01-01,240,0,0,9,9,37,37,8,6,9,1,17,2129.52,338.56,236.61,Trousers,1.125,14,4,2.7777777777777777,98,0
u-1083,2026-01-01,181,21,21,1,1,1,1,0,0,1,0,171,232,0,232,Accessories,0.16574585635359115,1,2,4,3,0
u-1085,2026-01-01,198,2,2,3,3,10,10,3,0,6,0,38,1426.84,0,237.81,Trousers,0.9090909090909092,8,4,2.5,26,1
u-1086,2026-01-01,268,48,48,0,0,0,0,0,0,4,0,174,933.04,0,233.26,Trousers,0.44776119402985076,0,3,2.5,0,1
u-1087,2026-01-01,107,11,11,2,2,2,2,0,0,3,0,72,531.04,0,177.01,Shirts,0.8411214953271028,2,1,2.3333333333333335,6,0
u-1088,2026-01-01,233,10,10,2,2,8,8,2,1,6,1,10,1528.68,224,254.78,Trousers,0.7725321888412017,6,5,2.8333333333333335,22,0
u-1090,2026-01-01,141,2,2,2,2,2,2,0,0,2,0,104,865.8,0,432.9,Outerwear,0.425531914893617,2,1,2.5,6,0
u-1091,2026-01-01,216,128,128,0,0,0,0,0,0,3,0,133,416,0,138.67,Accessories,0.41666666666666663,0,2,2,0,0
u-1092,2026-01-01,279,1,1,4,4,16,16,3,1,6,1,10,1895.08,231.84,315.85,Sweaters,0.6451612903225806,11,3,3.5,41,0
u-1093,2026-01-01,171,0,0,3,3,14,14,1,2,3,0,80,1716.8,0,572.27,Outerwear,0.5263157894736842,9,1,3.3333333333333335,34,0
u-1094,2026-01-01,282,2,2,4,4,15,15,5,1,9,1,25,2152.76,192,239.2,Dresses,0.9574468085106382,9,4,2.3333333333333335,41,0
u-1095,2026-01-01,104,14,14,2,2,10,10,0,0,3,0,38,545.92,0,181.97,Shirts,0.8653846153846153,8,1,2.3333333333333335,22,1
u-1096,2026-01-01,130,8,8,2,2,9,9,1,1,2,0,55,352,0,176,Jackets,0.46153846153846156,7,3,1.5,22,1
u-1097,2026-01-01,76,1,1,4,4,18,18,3,1,4,2,10,857.12,396,214.28,Jackets,1.5789473684210527,10,2,2.25,46,0
u-1098,2026-01-01,11,8,8,2,2,2,1,2,0,1,1,8,185,185,185,Outerwear,1,1,1,1,8,0
u-1099,2026-01-01,245,88,88,0,0,0,0,0,0,2,0,193,526.48,0,263.24,Trousers,0.2448979591836735,0,3,2.5,0,1
u-1100,2026-01-01,354,162,162,0,0,0,0,0,0,3,0,283,360,0,120,Dresses,0.2542372881355932,0,3,1.3333333333333333,0,1
u-0001,2026-02-01,168,26,26,1,1,5,5,1,0,3,0,34,489,0,163,Sweaters,0.5357142857142857,4,3,1.6666666666666667,12,1
u-0002,2026-02-01,50,1,1,5,5,22,22,4,3,3,2,1,850.16,665.16,283.39,Outerwear,1.7999999999999998,11,2,2,58,1
u-0003,2026-02-01,236,7,7,3,3,12,12,1,0,4,0,38,719.04,0,179.76,Dresses,0.5084745762711864,6,2,1.75,28,0
u-0004,2026-02-01,202,4,4,6,6,21,21,5,1,7,1,4,1436.32,199,205.19,Dresses,1.0396039603960396,12,5,2.2857142857142856,55,0
u-0005,2026-02-01,116,1,0,4,4,19,19,3,3,4,2,8,673.96,320.96,168.49,Accessories,1.0344827586206897,11,2,1.75,50,1
u-0006,2026-02-01,79,1,1,3,3,11,11,2,3,3,1,1,1025.44,168,341.81,Accessories,1.139240506329114,9,2,3.3333333333333335,31,0
u-0007,2026-02-01,248,8,8,2,2,8,8,1,1,5,1,8,501,102,100.2,T-Shirts,0.6048387096774193,7,4,2,21,0
u-0008,2026-02-01,23,1,1,5,5,13,12,5,1,2,2,12,212,212,106,Shirts,2,8,2,1.5,38,0
u-0009,2026-02-01,182,2,2,6,6,22,22,2,1,6,1,5,1476.48,238,246.08,Shirts,0.989010989010989,10,4,2.5,54,0
u-0010,2026-02-01,294,29,29,1,1,1,1,1,0,4,0,106,1518,0,379.5,Outerwear,0.4081632653061224,1,5,3,4,0
u-0011,2026-02-01,375,2,2,4,4,15,15,4,1,5,1,21,1333.92,333.04,266.78,Sweaters,0.4,12,4,2.8,40,0
u-0012,2026-02-01,325,4,4,3,3,9,9,4,0,7,1,12,1866.56,463.68,266.65,Shoes,0.6461538461538461,8,3,2.5714285714285716,26,0
u-0013,2026-02-01,378,42,42,0,0,0,0,0,0,3,0,280,1206.2,0,402.07,Outerwear,0.2380952380952381,0,1,2.3333333333333335,0,1
u-0014,2026-02-01,320,11,11,1,1,1,0,0,0,1,0,314,246,0,246,Jackets,0.09375,0,2,3,2,0
u-0015,2026-02-01,72,6,6,3,3,12,12,1,0,2,1,17,848.8,680.8,424.4,Outerwear,0.8333333333333334,9,2,3,29,0
u-0016,2026-02-01,361,133,133,0,0,0,0,0,0,4,0,142,646.32,0,161.58,Jackets,0.33240997229916897,0,2,1.75,0,1
u-0017,2026-02-01,138,66,66,0,0,0,0,0,0,1,0,130,293.48,0,293.48,Shoes,0.2173913043478261,0,2,3,0,1
u-0018,2026-02-01,163,1,1,3,3,10,10,1,0,4,0,63,556,0,139,Jackets,0.7361963190184049,6,2,1.5,24,0
u-0019,2026-02-01,24,0,0,6,6,18,17,6,3,2,2,16,395.28,395.28,197.64,Trousers,2,9,3,2.5,52,0
u-0020,2026-02-01,341,116,116,0,0,0,0,0,0,4,0,260,1008.48,0,252.12,Jackets,0.3519061583577712,0,4,2.5,0,0
u-0021,2026-02-01,18,6,6,3,3,6,5,2,0,1,1,16,126,126,126,Accessories,1,5,2,2,17,0
u-0022,2026-02-01,241,94,94,0,0,0,0,0,0,2,0,138,214,0,107,Dresses,0.24896265560165975,0,2,1,0,1
u-0023,2026-02-01,221,1,1,6,6,27,27,5,2,7,1,7,2939.52,485.76,419.93,Shoes,0.9502262443438915,12,4,3.857142857142857,68,0
u-0024,2026-02-01,185,3,3,3,3,10,10,4,0,5,1,3,1299.6,224,259.92,Dresses,0.8108108108108107,8,4,2.6,28,1
u-0025,2026-02-01,260,11,11,2,2,9,9,1,2,5,0,59,1239.08,0,247.82,Jackets,0.576923076923077,7,3,2.6,23,0
u-0026,2026-02-01,380,0,0,8,8,24,24,5,3,11,1,24,2426.48,301.76,220.59,Trousers,0.868421052631579,14,5,2.4545454545454546,65,0
u-0027,2026-02-01,115,0,0,5,5,16,16,4,0,3,2,5,452,272,150.67,T-Shirts,0.7826086956521738,10,4,2.3333333333333335,43,0
u-0028,2026-02-01,386,349,349,0,0,0,0,0,0,2,0,349,444.96,0,222.48,T-Shirts,0.15544041450777202,0,2,2.5,0,1
u-0029,2026-02-01,83,6,6,3,3,13,13,3,3,1,0,72,146,0,146,Shirts,0.3614457831325301,9,1,2,35,0
u-0030,2026-02-01,40,4,4,5,5,23,23,1,2,2,0,32,650.52,0,325.26,Dresses,1.5,13,3,3,54,0
u-0031,2026-02-01,314,2,2,4,4,16,16,1,1,7,0,67,3295.52,0,470.79,Outerwear,0.6687898089171974,12,3,2.857142857142857,38,0
u-0032,2026-02-01,327,10,9,2,2,6,6,1,1,3,1,24,509.6,257.6,169.87,Shoes,0.27522935779816515,5,1,1.3333333333333333,17,0
u-0033,2026-02-01,291,1,1,5,5,21,21,4,3,7,1,1,1670.52,482.08,238.65,Sweaters,0.7216494845360826,13,4,2.5714285714285716,55,0
u-0034,2026-02-01,341,10,10,2,2,8,8,2,1,3,1,10,554,184,184.67,Shirts,0.26392961876832843,7,4,1.6666666666666667,22,0
u-0035,2026-02-01,385,0,0,2,2,2,2,2,0,8,0,88,2208.44,0,276.06,Sweaters,0.6233766233766234,2,3,3,8,0
u-0036,2026-02-01,279,7,7,2,2,9,9,1,1,4,0,32,697.12,0,174.28,Shirts,0.4301075268817204,6,2,1.75,22,0
u-0037,2026-02-01,219,47,47,0,0,0,0,0,0,4,0,72,1050.88,0,262.72,Trousers,0.547945205479452,0,1,3,0,1
u-0038,2026-02-01,174,2,2,6,6,28,28,5,2,2,0,42,697.36,0,348.68,Shoes,0.3448275862068966,15,2,3,69,0
u-0039,2026-02-01,205,4,4,3,3,9,9,0,1,4,0,38,1053.44,0,263.36,Shoes,0.5853658536585367,8,2,2.25,22,0
u-0040,2026-02-01,276,38,38,0,0,0,0,0,0,3,0,204,500,0,166.67,Accessories,0.32608695652173914,0,2,2.3333333333333335,0,0
u-0041,2026-02-01,285,1,1,5,5,23,23,5,3,7,1,27,2598.76,340.4,371.25,Outerwear,0.7368421052631579,13,5,2.5714285714285716,60,0
u-0042,2026-02-01,36,2,2,3,3,12,12,2,1,1,0,34,208,0,208,Accessories,0.8333333333333334,7,2,3,30,0
u-0043,2026-02-01,119,0,0,5,5,17,17,3,3,4,1,21,899.72,250.24,224.93,Shirts,1.0084033613445378,12,3,2.75,46,1
u-0044,2026-02-01,141,11,11,1,1,1,1,0,0,3,0,66,694.52,0,231.51,Trousers,0.6382978723404255,1,4,2.3333333333333335,3,0
u-0045,2026-02-01,258,3,3,3,3,3,3,0,0,10,0,57,1947.6,0,194.76,Accessories,1.1627906976744187,3,4,2.1,9,0
u-0046,2026-02-01,132,0,0,5,5,12,12,4,0,5,2,22,1005.44,447.12,201.09,Trousers,1.1363636363636362,10,2,2.2,35,0
u-0047,2026-02-01,67,5,5,2,2,9,9,3,1,3,1,5,731.56,185,243.85,Outerwear,1.3432835820895521,8,3,1.6666666666666667,25,0
u-0048,2026-02-01,54,5,5,2,2,6,6,1,1,1,0,43,303.6,0,303.6,Sweaters,0.5555555555555556,4,1,3,16,0
u-0049,2026-02-01,338,85,85,0,0,0,0,0,0,4,0,190,719.52,0,179.88,Shoes,0.35502958579881655,0,3,2,0,1
u-0050,2026-02-01,315,8,8,3,3,10,10,1,0,3,0,85,570,0,190,Accessories,0.2857142857142857,5,2,2.6666666666666665,24,0
u-0051,2026-02-01,95,6,6,2,2,6,6,1,0,2,0,77,216,0,108,Dresses,0.6315789473684211,6,2,1,15,0
u-0053,2026-02-01,153,6,6,5,5,18,18,5,2,6,3,10,1068.08,436,178.01,Shirts,1.1764705882352942,11,4,2,51,0
u-0054,2026-02-01,151,7,7,6,6,21,21,2,2,6,0,33,514,0,85.67,T-Shirts,1.1920529801324504,14,2,2.3333333333333335,52,0
u-0055,2026-02-01,219,25,25,1,1,1,0,0,0,2,0,183,396,0,198,Jackets,0.273972602739726,0,1,2,2,0
u-0056,2026-02-01,247,0,0,3,3,15,15,3,1,8,0,32,923,0,115.38,T-Shirts,0.9716599190283401,9,5,1.875,37,0
u-0057,2026-02-01,176,12,12,2,2,11,11,3,0,4,1,28,646.32,264.96,161.58,T-Shirts,0.6818181818181819,6,4,2.75,28,0
u-0058,2026-02-01,274,5,5,3,3,11,11,2,2,6,0,52,1699.36,0,283.23,Shoes,0.6569343065693432,7,2,2.6666666666666665,29,1
u-0059,2026-02-01,50,4,4,7,7,26,26,7,2,4,3,4,705.68,549.68,176.42,T-Shirts,2.4,13,3,2.5,71,1
u-0060,2026-02-01,182,29,29,1,1,1,1,0,0,3,0,78,376,0,125.33,T-Shirts,0.4945054945054945,1,3,2.6666666666666665,3,1
u-0061,2026-02-01,181,68,68,0,0,0,0,0,0,1,0,172,56,0,56,Accessories,0.16574585635359115,0,1,1,0,1
u-0062,2026-02-01,365,3,3,3,3,9,9,2,0,7,1,3,1461.12,264.96,208.73,Accessories,0.5753424657534247,8,2,2.2857142857142856,24,0
u-0063,2026-02-01,104,5,5,3,3,12,12,2,1,2,1,18,434.96,170,217.48,Shirts,0.5769230769230769,12,3,3,31,0
u-0064,2026-02-01,137,60,60,0,0,0,0,0,0,1,0,132,99,0,99,Jackets,0.21897810218978103,0,1,1,0,1
u-0065,2026-02-01,69,11,11,2,2,6,6,0,2,1,0,66,140,0,140,Shoes,0.4347826086956522,6,1,1,16,0
u-0066,2026-02-01,246,50,50,0,0,0,0,0,0,3,0,67,373.28,0,124.43,Accessories,0.3658536585365854,0,2,2,0,0
u-0067,2026-02-01,244,15,15,1,1,1,1,0,0,5,0,99,802.4,0,160.48,Trousers,0.6147540983606558,1,3,1.8,3,0
u-0068,2026-02-01,359,284,284,0,0,0,0,0,0,1,0,353,99,0,99,Jackets,0.08356545961002786,0,1,1,0,1
u-0069,2026-02-01,76,21,21,1,1,1,1,1,0,1,0,73,294.4,0,294.4,Shoes,0.39473684210526316,1,2,3,4,0
u-0070,2026-02-01,112,8,8,1,1,6,6,1,1,2,1,8,366,196,183,Shirts,0.5357142857142857,6,2,2,16,1
u-0071,2026-02-01,94,1,1,3,3,11,11,2,1,2,0,41,409,0,204.5,Shirts,0.6382978723404256,9,2,2,28,0
u-0072,2026-02-01,395,367,367,0,0,0,0,0,0,1,0,388,276,0,276,Shoes,0.0759493670886076,0,2,3,0,1
u-0073,2026-02-01,207,0,0,5,5,25,25,5,2,6,1,28,785,102,130.83,T-Shirts,0.8695652173913043,13,6,2.1666666666666665,63,0
u-0074,2026-02-01,205,2,2,3,3,10,10,0,2,3,0,37,850.88,0,283.63,Accessories,0.43902439024390244,9,2,3,25,0
u-0075,2026-02-01,326,2,2,4,4,18,18,3,2,6,1,20,1384.72,349.6,230.79,Shoes,0.5521472392638036,12,4,2,46,0
u-0076,2026-02-01,284,4,4,6,6,28,28,3,2,10,1,17,1630.24,208,163.02,T-Shirts,1.056338028169014,12,6,3,68,0
u-0077,2026-02-01,283,1,1,3,3,10,10,0,2,5,0,60,1539.36,0,307.87,Accessories,0.5300353356890459,9,3,3.4,25,0
u-0078,2026-02-01,227,2,2,4,4,19,19,1,2,5,1,27,520,174,104,T-Shirts,0.6607929515418502,11,3,2,46,0
u-0079,2026-02-01,85,1,1,4,4,16,16,4,3,3,1,1,870.72,248,290.24,Accessories,1.0588235294117647,10,5,3,44,0
u-0080,2026-02-01,393,2,2,5,5,20,20,3,2,9,1,29,2113.96,281.52,234.88,Dresses,0.6870229007633588,11,4,2.4444444444444446,51,0
u-0081,2026-02-01,145,4,4,7,7,25,25,3,5,4,0,54,1710.28,0,427.57,Outerwear,0.8275862068965518,11,3,2.75,65,0
u-0082,2026-02-01,364,205,205,0,0,0,0,0,0,2,0,323,349.36,0,174.68,Shoes,0.16483516483516483,0,2,2,0,1
u-0083,2026-02-01,132,18,18,1,1,1,0,0,0,1,0,129,299.92,0,299.92,Shirts,0.22727272727272727,0,1,4,2,0
u-0084,2026-02-01,257,117,117,0,0,0,0,0,0,2,0,136,294,0,147,Shirts,0.23346303501945526,0,2,1.5,0,1
u-0085,2026-02-01,347,2,2,3,3,10,10,1,1,8,0,66,1441.64,0,180.21,Shirts,0.69164265129683,9,4,2.25,25,0
u-0086,2026-02-01,84,0,0,6,6,21,21,5,4,2,1,9,240,84,120,Shirts,0.7142857142857143,12,2,1.5,58,0
u-0087,2026-02-01,162,3,3,6,6,29,29,3,0,6,1,3,1309.04,180,218.17,Jackets,1.111111111111111,13,5,2,68,0
u-0088,2026-02-01,152,2,2,3,3,14,14,2,1,3,1,12,396,99,132,Jackets,0.5921052631578948,9,1,1.3333333333333333,35,0
u-0089,2026-02-01,171,7,7,3,3,8,8,2,2,4,1,25,1212,510.6,303,Outerwear,0.7017543859649122,6,2,2,24,0
u-0090,2026-02-01,264,9,9,2,2,9,9,1,0,5,0,65,1416.96,0,283.39,Dresses,0.5681818181818181,6,5,2.8,21,0
u-0091,2026-02-01,262,5,4,6,7,30,30,6,5,10,0,30,1925.68,0,192.57,Shirts,1.1450381679389314,14,8,2.2,78,0
u-0092,2026-02-01,41,8,8,3,3,10,10,2,2,1,0,32,340.4,0,340.4,Outerwear,0.7317073170731707,7,1,2,27,1
u-0093,2026-02-01,331,0,0,3,3,7,7,1,1,9,1,15,1099,76,122.11,T-Shirts,0.8157099697885196,5,4,2.2222222222222223,20,0
u-0094,2026-02-01,290,1,1,7,7,30,30,3,0,11,1,26,3175.2,136,288.65,Sweaters,1.1379310344827587,11,5,3.4545454545454546,71,0
u-0095,2026-02-01,22,2,2,4,4,7,6,3,2,1,1,13,357.88,357.88,357.88,Outerwear,1,6,3,3,23,0
u-0096,2026-02-01,212,1,1,6,6,22,22,4,3,6,0,41,1102.52,0,183.75,Outerwear,0.8490566037735849,12,4,1.5,57,0
u-0097,2026-02-01,148,1,1,4,4,15,15,3,1,7,2,1,1575.24,388,225.03,Sweaters,1.4189189189189189,11,3,2.4285714285714284,40,0
u-0098,2026-02-01,153,5,5,5,5,26,26,5,2,3,0,64,804.64,0,268.21,Shoes,0.5882352941176471,13,2,2.3333333333333335,64,0
u-0099,2026-02-01,80,11,11,2,2,8,8,2,0,2,0,31,152,0,76,T-Shirts,0.75,7,1,2,20,0
u-0100,2026-02-01,91,6,6,3,3,13,13,3,2,3,2,6,616.16,424.16,205.39,Dresses,0.989010989010989,11,3,2,36,0
u-0101,2026-02-01,23,0,0,5,5,12,11,4,1,1,1,15,248.4,248.4,248.4,Accessories,1,10,3,3,34,0
u-0102,2026-02-01,258,225,225,0,0,0,0,0,0,1,0,256,241.04,0,241.04,Sweaters,0.11627906976744186,0,2,3,0,1
u-0103,2026-02-01,232,12,12,2,2,2,2,1,0,7,1,21,1490.08,412.16,212.87,Sweaters,0.9051724137931034,2,4,2.2857142857142856,8,0
u-0104,2026-02-01,126,1,1,7,7,30,30,6,3,6,2,6,836,224,139.33,T-Shirts,1.4285714285714286,14,5,2.8333333333333335,78,0
u-0105,2026-02-01,351,7,7,2,2,8,8,1,1,6,0,66,1682.2,0,280.37,Dresses,0.5128205128205129,7,3,2.8333333333333335,20,0
u-0106,2026-02-01,190,107,107,0,0,0,0,0,0,2,0,161,408,0,204,Accessories,0.31578947368421056,0,1,3.5,0,1
u-0107,2026-02-01,264,3,3,3,3,11,11,3,1,5,1,22,1146.56,200,229.31,Dresses,0.5681818181818181,8,5,2.4,30,0
u-0108,2026-02-01,307,6,6,2,2,2,2,0,0,14,0,37,3311.76,0,236.55,Sweaters,1.3680781758957656,2,8,2.5,6,0
u-0109,2026-02-01,331,5,5,3,3,10,10,1,0,2,0,44,636.64,0,318.32,Shoes,0.18126888217522658,9,3,3,24,1
u-0110,2026-02-01,253,6,6,4,4,16,16,0,1,9,0,45,1575.8,0,175.09,Shirts,1.0671936758893281,13,5,1.8888888888888888,37,0
u-0111,2026-02-01,276,33,33,0,0,0,0,0,0,4,0,99,932.08,0,233.02,Accessories,0.4347826086956522,0,3,2.75,0,1
u-0112,2026-02-01,317,2,2,7,7,27,27,5,3,12,1,10,2610.84,170,217.57,Shirts,1.135646687697161,14,5,2.75,70,0
u-0113,2026-02-01,189,5,5,4,4,11,11,2,0,4,1,14,971.68,261.28,242.92,Outerwear,0.6349206349206349,8,2,1.5,29,0
u-0114,2026-02-01,27,3,3,4,4,9,8,4,0,1,1,23,219,219,219,Outerwear,1,7,2,2,26,0
u-0115,2026-02-01,392,4,4,4,4,17,17,1,2,10,1,25,1850.72,198,185.07,Jackets,0.7653061224489796,9,6,2,42,0
u-0116,2026-02-01,349,33,33,0,0,0,0,0,0,3,0,200,545,0,181.67,Trousers,0.25787965616045844,0,3,1.6666666666666667,0,1
u-0117,2026-02-01,52,15,15,1,1,1,1,0,0,1,0,45,554.76,0,554.76,Outerwear,0.5769230769230769,1,2,4,3,1
u-0118,2026-02-01,240,7,7,3,3,14,14,2,2,3,0,91,600,0,200,Dresses,0.375,8,2,2,35,0
u-0119,2026-02-01,264,58,58,0,0,0,0,0,0,2,0,206,1021.2,0,510.6,Outerwear,0.22727272727272727,0,1,3,0,1
u-0120,2026-02-01,338,6,6,2,2,7,7,2,0,7,1,6,2352,95,336,Outerwear,0.621301775147929,7,2,2,19,1
u-0121,2026-02-01,101,1,1,3,3,11,11,3,0,3,1,1,941.76,203,313.92,Jackets,0.8910891089108911,10,3,3.3333333333333335,29,0
u-0122,2026-02-01,367,229,229,0,0,0,0,0,0,5,0,298,914.8,0,182.96,Shirts,0.40871934604904636,0,3,2.2,0,1
u-0123,2026-02-01,365,117,117,0,0,0,0,0,0,4,0,293,1260.64,0,315.16,Outerwear,0.32876712328767127,0,3,2,0,1
u-0124,2026-02-01,342,2,2,4,4,12,12,3,2,11,1,17,2429.84,213,220.89,Trousers,0.9649122807017544,9,6,2.727272727272727,34,0
u-0125,2026-02-01,187,71,71,0,0,0,0,0,0,3,0,89,470,0,156.67,Trousers,0.48128342245989303,0,2,1.6666666666666667,0,1
u-0126,2026-02-01,226,3,3,4,4,5,5,3,0,6,2,11,1074.28,449.6,179.05,Trousers,0.7964601769911505,5,3,1.8333333333333333,19,1
u-0127,2026-02-01,185,1,1,3,3,9,9,2,2,4,1,14,1205.04,421.36,301.26,Outerwear,0.6486486486486486,7,4,2.25,26,0
u-0128,2026-02-01,176,10,10,2,2,6,6,1,1,2,0,105,528.16,0,264.08,Dresses,0.34090909090909094,5,2,2.5,16,0
u-0129,2026-02-01,305,239,239,0,0,0,0,0,0,1,0,295,176,0,176,Trousers,0.09836065573770493,0,1,2,0,1
u-0130,2026-02-01,203,8,8,3,3,11,11,2,0,6,0,48,1214.08,0,202.35,Dresses,0.8866995073891626,5,4,2.1666666666666665,27,1
u-0131,2026-02-01,371,4,4,4,4,13,13,2,0,5,0,36,672.76,0,134.55,T-Shirts,0.40431266846361186,9,4,2.4,32,0
u-0132,2026-02-01,297,3,3,3,3,11,11,2,1,6,0,46,1083.4,0,180.57,T-Shirts,0.6060606060606061,8,6,3,28,0
u-0133,2026-02-01,191,79,79,0,0,0,0,0,0,3,0,79,867.32,0,289.11,Outerwear,0.47120418848167545,0,4,2.3333333333333335,0,0
u-0134,2026-02-01,58,5,5,5,5,23,23,1,2,1,0,50,242.88,0,242.88,Accessories,0.5172413793103449,13,1,4,54,0
u-0135,2026-02-01,83,20,20,1,1,1,1,0,0,1,0,72,112,0,112,Shoes,0.3614457831325301,1,1,1,3,1
u-0136,2026-02-01,199,5,5,3,3,11,11,2,0,4,0,68,790.4,0,197.6,Trousers,0.6030150753768844,9,4,2.5,27,0
u-0137,2026-02-01,35,4,4,5,5,17,17,1,2,1,0,30,84,0,84,Sweaters,0.8571428571428571,11,1,1,42,0
u-0138,2026-02-01,246,1,1,7,7,20,20,4,3,8,1,21,1713.2,147,214.15,Jackets,0.9756097560975611,12,5,2.375,55,0
u-0139,2026-02-01,270,56,56,0,0,0,0,0,0,3,0,101,622.56,0,207.52,Sweaters,0.3333333333333333,0,3,2,0,1
u-0140,2026-02-01,173,165,165,0,0,0,0,0,0,1,0,165,168,0,168,Sweaters,0.17341040462427745,0,1,2,0,1
u-0141,2026-02-01,327,0,0,5,5,16,16,5,0,5,1,16,1316.68,245.64,263.34,Shirts,0.4587155963302752,10,4,3.2,43,0
u-0142,2026-02-01,54,2,2,7,7,29,29,3,2,3,1,15,1068.12,258.52,356.04,Outerwear,1.6666666666666665,11,3,2.3333333333333335,71,1
u-0143,2026-02-01,297,20,20,1,1,1,1,1,0,8,0,93,1560.64,0,195.08,Trousers,0.8080808080808081,1,6,2.25,4,1
u-0144,2026-02-01,396,2,2,2,2,2,2,1,0,7,0,102,1235.04,0,176.43,T-Shirts,0.5303030303030303,2,6,2.5714285714285716,7,1
u-0145,2026-02-01,34,4,4,4,4,15,14,4,1,1,1,27,273.24,273.24,273.24,Jackets,0.8823529411764706,10,1,3,39,0
u-0146,2026-02-01,26,3,3,5,5,17,16,3,2,1,1,18,92,92,92,Shirts,1,10,1,1,44,0
u-0147,2026-02-01,180,6,6,4,4,17,17,4,1,5,1,6,707.96,264.96,141.59,Sweaters,0.8333333333333334,13,4,2,44,0
u-0148,2026-02-01,243,5,5,1,1,1,0,0,0,4,0,182,1406.68,0,351.67,Shoes,0.4938271604938272,0,2,3,2,1
u-0149,2026-02-01,395,5,5,4,4,16,16,6,1,10,2,12,2184.32,280,218.43,Accessories,0.759493670886076,9,5,2.4,45,1
u-0150,2026-02-01,235,2,2,4,4,17,17,2,1,5,1,24,896,184,179.2,Trousers,0.6382978723404256,11,3,1.8,42,1
u-0151,2026-02-01,137,5,5,3,3,13,13,2,1,5,1,15,938.88,112,187.78,Shoes,1.094890510948905,11,3,1.8,33,0
u-0152,2026-02-01,135,7,7,3,3,14,14,3,1,4,1,18,918.72,99,229.68,Jackets,0.8888888888888888,10,1,2.5,36,1
u-0153,2026-02-01,325,2,2,4,4,15,15,1,1,6,0,91,901.28,0,150.21,T-Shirts,0.5538461538461538,11,5,2.3333333333333335,36,0
u-0154,2026-02-01,391,122,122,0,0,0,0,0,0,4,0,130,813,0,203.25,Sweaters,0.3069053708439898,0,3,2.25,0,0
u-0155,2026-02-01,23,8,8,3,3,8,7,3,0,1,1,19,436.08,436.08,436.08,Trousers,1,6,2,5,22,0
u-0156,2026-02-01,146,1,1,2,2,2,2,1,0,5,0,68,1104.4,0,220.88,Sweaters,1.0273972602739727,2,2,2.4,7,1
u-0157,2026-02-01,310,0,0,3,3,13,13,2,1,3,0,37,704.4,0,234.8,Trousers,0.29032258064516125,11,2,2.3333333333333335,32,0
u-0158,2026-02-01,261,62,62,0,0,0,0,0,0,5,0,136,951.44,0,190.29,Dresses,0.574712643678161,0,4,2.2,0,1
u-0159,2026-02-01,79,1,1,4,4,22,22,3,1,5,2,19,1150.4,441.2,230.08,Accessories,1.89873417721519,12,4,2.2,54,0
u-0160,2026-02-01,224,0,0,5,5,22,22,4,2,8,1,28,3207.76,340.4,400.97,Outerwear,1.0714285714285714,13,4,2.5,56,0
u-0161,2026-02-01,232,3,3,5,5,18,18,5,0,7,1,12,1329.6,244,189.94,Accessories,0.9051724137931034,11,3,2.2857142857142856,47,0
u-0162,2026-02-01,36,6,6,3,3,7,7,0,1,1,0,30,255.76,0,255.76,Sweaters,0.8333333333333334,5,1,3,18,0
u-0163,2026-02-01,91,1,1,3,3,13,13,2,1,2,1,13,298,88,149,Trousers,0.6593406593406593,11,2,2,33,1
u-0164,2026-02-01,191,7,7,4,4,19,19,3,3,5,0,31,1411.68,0,282.34,Jackets,0.7853403141361257,11,6,3,48,0
u-0165,2026-02-01,344,0,0,7,7,29,29,4,5,9,1,18,1930.72,277.84,214.52,Jackets,0.7848837209302325,14,6,2.3333333333333335,75,0
u-0166,2026-02-01,157,1,1,6,6,23,23,2,1,3,1,15,616.96,99,205.65,Jackets,0.5732484076433121,10,2,2.3333333333333335,56,0
u-0167,2026-02-01,232,1,1,3,3,9,9,3,1,5,1,9,1276.48,345.92,255.3,Trousers,0.646551724137931,6,4,3,26,0
u-0168,2026-02-01,36,2,2,3,3,11,11,3,0,2,1,20,232,144,116,Accessories,1.6666666666666667,8,2,2,29,0
u-0169,2026-02-01,247,13,13,1,1,1,1,0,0,2,0,104,442.72,0,221.36,Jackets,0.24291497975708504,1,2,2.5,3,1
u-0170,2026-02-01,249,2,2,7,7,23,23,5,2,9,1,23,1569.48,183,174.39,Trousers,1.0843373493975903,12,4,2.111111111111111,61,0
u-0171,2026-02-01,50,3,2,5,5,14,14,5,1,2,2,8,292,292,146,Shoes,1.2,11,2,1.5,41,0
u-0172,2026-02-01,173,2,2,7,7,28,28,3,1,2,0,50,370,0,185,Outerwear,0.3468208092485549,16,1,1,67,0
u-0173,2026-02-01,157,34,34,0,0,0,0,0,0,2,0,119,515.2,0,257.6,Shoes,0.38216560509554137,0,1,2,0,1
u-0174,2026-02-01,231,4,4,4,4,14,14,6,1,5,2,10,725,331,145,Shirts,0.6493506493506493,9,4,1.8,41,0
u-0175,2026-02-01,79,4,4,9,9,37,37,8,3,5,1,4,899.16,256.68,179.83,Trousers,1.89873417721519,16,4,2.2,95,0
u-0176,2026-02-01,39,23,23,1,1,1,1,0,0,1,0,37,99,0,99,Jackets,0.7692307692307692,1,1,1,3,1
u-0177,2026-02-01,42,2,2,5,5,24,24,2,1,2,1,2,266,126,133,Shirts,1.4285714285714286,12,3,1.5,57,0
u-0178,2026-02-01,336,180,180,0,0,0,0,0,0,3,0,225,1456.36,0,485.45,Outerwear,0.26785714285714285,0,3,3.3333333333333335,0,1
u-0179,2026-02-01,178,58,58,0,0,0,0,0,0,2,0,172,370,0,185,Outerwear,0.33707865168539325,0,1,1,0,0
u-0180,2026-02-01,106,5,5,4,4,17,17,4,3,3,0,50,194,0,64.67,T-Shirts,0.8490566037735849,10,1,1.6666666666666667,45,0
u-0181,2026-02-01,115,6,6,2,2,8,8,3,0,3,1,19,801.44,220,267.15,Sweaters,0.7826086956521738,5,3,3,22,1
u-0182,2026-02-01,280,49,49,0,0,0,0,0,0,1,0,271,96,0,96,Accessories,0.10714285714285714,0,1,2,0,1
u-0183,2026-02-01,133,0,0,3,3,15,15,4,1,3,1,21,581.6,303.6,193.87,Trousers,0.6766917293233082,9,2,2,39,0
u-0184,2026-02-01,118,5,5,3,3,9,9,3,2,3,2,18,186,144,62,T-Shirts,0.7627118644067797,6,1,1.6666666666666667,28,0
u-0185,2026-02-01,50,7,7,4,4,12,12,2,3,1,0,39,185,0,185,Outerwear,0.6,10,1,1,33,0
u-0186,2026-02-01,152,2,2,3,3,3,3,2,0,5,0,36,993.68,0,198.74,Shoes,0.986842105263158,2,3,1.8,11,0
u-0187,2026-02-01,70,1,1,5,5,18,18,3,0,3,1,9,732.16,99,244.05,Jackets,1.2857142857142856,12,2,2.6666666666666665,45,0
u-0188,2026-02-01,57,25,25,1,1,1,1,0,0,1,0,46,99,0,99,Jackets,0.5263157894736842,1,1,1,3,1
u-0189,2026-02-01,281,2,2,4,4,11,11,4,1,8,1,9,1824.84,95,228.1,Trousers,0.8540925266903914,7,3,2.5,32,0
u-0190,2026-02-01,346,275,275,0,0,0,0,0,0,1,0,337,242.88,0,242.88,Accessories,0.08670520231213873,0,1,4,0,1
u-0191,2026-02-01,135,73,73,0,0,0,0,0,0,1,0,133,110,0,110,Sweaters,0.2222222222222222,0,1,1,0,1
u-0192,2026-02-01,317,1,1,4,4,9,9,2,3,3,0,42,738.04,0,246.01,Trousers,0.28391167192429023,7,3,2.6666666666666665,27,0
u-0193,2026-02-01,82,4,4,8,8,34,34,7,4,5,3,8,972.04,545,194.41,Dresses,1.829268292682927,15,4,1.8,90,0
u-0194,2026-02-01,153,75,75,0,0,0,0,0,0,1,0,151,42,0,42,T-Shirts,0.19607843137254904,0,1,1,0,1
u-0195,2026-02-01,104,58,58,0,0,0,0,0,0,1,0,97,268.64,0,268.64,Shirts,0.28846153846153844,0,1,4,0,1
u-0196,2026-02-01,59,11,11,3,3,9,9,2,2,2,1,11,291,88,145.5,Trousers,1.0169491525423728,7,3,1.5,26,0
u-0197,2026-02-01,290,45,45,0,0,0,0,0,0,1,0,281,301.76,0,301.76,Shoes,0.10344827586206898,0,2,3,0,1
u-0198,2026-02-01,218,108,108,0,0,0,0,0,0,2,0,206,445,0,222.5,Trousers,0.27522935779816515,0,2,2.5,0,1
u-0199,2026-02-01,173,1,1,10,10,41,41,5,4,5,0,51,1495.56,0,299.11,Trousers,0.8670520231213873,15,1,3.4,101,0
u-0200,2026-02-01,64,4,4,2,2,7,7,1,0,2,0,42,360.96,0,180.48,Accessories,0.9375,5,1,2.5,17,0
u-0201,2026-02-01,94,4,4,4,4,21,21,4,1,4,2,4,691.2,423.2,172.8,Shirts,1.2765957446808511,10,4,2,53,0
u-0202,2026-02-01,110,3,3,5,5,20,20,1,1,3,0,46,342,0,114,Shoes,0.8181818181818182,9,3,1.3333333333333333,47,0
u-0203,2026-02-01,139,17,17,1,1,1,1,0,0,2,0,116,317.68,0,158.84,Sweaters,0.4316546762589928,1,2,2,3,0
u-0204,2026-02-01,383,2,2,7,7,31,31,4,3,15,0,56,2026,0,135.07,T-Shirts,1.1749347258485638,14,7,2.7333333333333334,76,0
u-0205,2026-02-01,24,3,3,5,5,15,14,5,3,1,1,14,176,176,176,Trousers,1,10,1,2,43,0
u-0206,2026-02-01,318,0,0,2,2,6,6,1,1,3,0,148,603.24,0,201.08,Jackets,0.2830188679245283,5,3,2.3333333333333335,16,0
u-0207,2026-02-01,380,0,0,6,6,24,24,4,3,9,1,20,1706.16,56,189.57,Accessories,0.7105263157894737,12,5,2.2222222222222223,62,0
u-0208,2026-02-01,131,1,1,7,7,25,25,6,1,6,2,15,1408.4,454.56,234.73,Dresses,1.3740458015267176,11,6,2.6666666666666665,66,0
u-0209,2026-02-01,323,12,12,1,1,1,1,0,0,9,0,61,1528.32,0,169.81,Jackets,0.8359133126934983,1,3,1.8888888888888888,3,1
u-0210,2026-02-01,26,6,6,3,3,4,3,2,0,1,1,15,296.24,296.24,296.24,T-Shirts,1,3,2,5,13,0
u-0211,2026-02-01,359,5,5,2,2,5,5,2,0,8,0,48,2820.12,0,352.51,Outerwear,0.6685236768802229,5,4,2.25,14,0
u-0212,2026-02-01,97,53,53,0,0,0,0,0,0,1,0,94,285.2,0,285.2,Shirts,0.30927835051546393,0,2,4,0,0
u-0213,2026-02-01,235,9,9,2,2,7,7,1,2,6,0,34,1330.28,0,221.71,Trousers,0.7659574468085106,5,5,2.3333333333333335,19,0
u-0214,2026-02-01,40,4,4,2,2,11,11,1,2,1,0,30,324.76,0,324.76,Sweaters,0.75,10,2,3,27,0
u-0215,2026-02-01,115,2,1,9,9,30,30,4,3,6,1,7,1352.92,334.88,225.49,Shirts,1.5652173913043477,14,5,2.5,77,0
u-0216,2026-02-01,315,1,1,3,3,10,10,3,0,9,1,11,2137.16,241.04,237.46,Shirts,0.8571428571428571,6,5,2.7777777777777777,27,0
u-0217,2026-02-01,232,93,93,0,0,0,0,0,0,1,0,223,42,0,42,T-Shirts,0.12931034482758622,0,1,1,0,0
u-0218,2026-02-01,250,0,0,7,7,27,27,3,5,6,1,27,1162.88,95,193.81,Trousers,0.72,13,3,2.1666666666666665,70,0
u-0219,2026-02-01,239,5,5,3,3,12,12,3,2,5,1,19,780.24,250.24,156.05,Dresses,0.6276150627615062,8,4,1.6,33,0
u-0220,2026-02-01,111,5,5,3,3,13,13,2,2,4,1,5,1126.8,273.24,281.7,Shoes,1.081081081081081,8,5,2.75,34,0
u-0221,2026-02-01,225,6,6,2,2,5,5,1,0,5,1,6,1391,273.24,278.2,Jackets,0.6666666666666666,4,3,3,14,0
u-0222,2026-02-01,219,0,0,7,7,27,27,3,1,7,0,48,2067.04,0,295.29,Shoes,0.9589041095890412,14,3,2.857142857142857,65,0
u-0223,2026-02-01,59,22,22,1,1,3,3,1,0,2,0,35,677.2,0,338.6,Shoes,1.0169491525423728,3,3,2.5,8,1
u-0224,2026-02-01,188,7,7,3,3,10,10,2,2,4,1,19,940.48,140,235.12,Shoes,0.6382978723404256,8,2,2,28,0
u-0225,2026-02-01,344,3,3,3,3,14,14,3,2,6,2,3,2101.04,1014.76,350.17,Shoes,0.5232558139534884,10,7,3.3333333333333335,38,0
u-0226,2026-02-01,248,117,117,0,0,0,0,0,0,2,0,201,1164.72,0,582.36,Outerwear,0.24193548387096772,0,2,4,0,1
u-0227,2026-02-01,325,201,201,0,0,0,0,0,0,1,0,321,110,0,110,Sweaters,0.0923076923076923,0,1,1,0,1
u-0228,2026-02-01,131,7,7,2,2,2,2,0,0,3,0,54,475.36,0,158.45,Shirts,0.6870229007633588,2,5,2,6,0
u-0229,2026-02-01,387,268,268,0,0,0,0,0,0,2,0,342,454.32,0,227.16,Shirts,0.15503875968992248,0,2,3,0,1
u-0230,2026-02-01,242,4,4,5,5,16,16,2,3,9,1,15,3054.64,606.28,339.4,Outerwear,1.115702479338843,13,5,2.2222222222222223,43,0
u-0231,2026-02-01,262,5,4,4,4,16,16,4,2,10,2,10,1746.64,290,174.66,T-Shirts,1.1450381679389314,10,7,3,44,0
u-0232,2026-02-01,318,3,3,5,5,22,22,3,1,11,0,69,2144.56,0,194.96,Sweaters,1.0377358490566038,12,6,2.090909090909091,53,1
u-0233,2026-02-01,174,7,7,2,2,4,4,2,0,2,0,92,693.68,0,346.84,Outerwear,0.3448275862068966,4,3,2.5,12,0
u-0234,2026-02-01,67,0,0,9,9,34,34,4,6,3,1,19,865.8,185,288.6,Outerwear,1.3432835820895521,16,1,1.6666666666666667,88,0
u-0235,2026-02-01,188,76,76,0,0,0,0,0,0,3,0,159,950.44,0,316.81,Outerwear,0.4787234042553192,0,2,2,0,1
u-0236,2026-02-01,257,5,5,2,2,2,2,2,0,8,0,66,2548.96,0,318.62,Shoes,0.933852140077821,2,6,2.875,8,1
u-0237,2026-02-01,118,51,51,0,0,0,0,0,0,1,0,108,261.28,0,261.28,Jackets,0.2542372881355932,0,2,2,0,1
u-0238,2026-02-01,292,19,19,2,2,5,5,0,2,7,0,48,1427.88,0,203.98,Accessories,0.7191780821917809,4,4,2,14,1
u-0239,2026-02-01,230,7,7,4,4,19,19,4,3,6,1,7,867.76,110,144.63,Sweaters,0.7826086956521738,12,2,1.6666666666666667,50,0
u-0240,2026-02-01,293,1,1,9,9,34,34,6,3,15,1,1,3672.32,104,244.82,Dresses,1.5358361774744027,13,7,2.533333333333333,87,0
u-0241,2026-02-01,275,67,67,0,0,0,0,0,0,4,0,134,431,0,107.75,T-Shirts,0.4363636363636364,0,4,1.75,0,1
u-0242,2026-02-01,60,2,2,1,1,1,1,0,0,1,0,54,231.84,0,231.84,Trousers,0.5,1,2,3,3,1
u-0243,2026-02-01,396,2,2,3,3,11,11,4,2,6,1,23,937.12,120,156.19,Dresses,0.4545454545454546,9,4,1.6666666666666667,32,0
u-0244,2026-02-01,236,118,118,0,0,0,0,0,0,1,0,229,84,0,84,Sweaters,0.1271186440677966,0,1,1,0,1
u-0245,2026-02-01,336,43,43,0,0,0,0,0,0,8,0,73,2414.8,0,301.85,Dresses,0.7142857142857143,0,5,3.25,0,1
u-0246,2026-02-01,340,4,4,3,3,9,9,3,2,3,1,4,306,120,102,Accessories,0.2647058823529412,7,2,1.6666666666666667,27,0
u-0247,2026-02-01,277,7,7,2,2,7,7,1,0,3,1,20,465,185,155,Trousers,0.3249097472924188,6,2,1.3333333333333333,18,1
u-0248,2026-02-01,227,4,4,3,3,14,14,1,2,5,1,4,1372.72,312.8,274.54,Dresses,0.6607929515418502,10,6,2.8,35,1
u-0249,2026-02-01,312,150,150,0,0,0,0,0,0,6,0,169,3017.68,0,502.95,Outerwear,0.5769230769230769,0,4,3.3333333333333335,0,1
u-0250,2026-02-01,317,59,58,0,0,0,0,0,0,11,0,86,3046.08,0,276.92,Shoes,1.0410094637223974,0,6,2.5454545454545454,0,1
u-0251,2026-02-01,26,12,12,3,3,3,2,3,0,1,1,22,208,208,208,Dresses,1,2,1,2,12,1
u-0252,2026-02-01,309,4,4,3,3,13,13,3,1,6,1,4,1451.6,325.68,241.93,Dresses,0.5825242718446602,9,4,2.3333333333333335,34,0
u-0253,2026-02-01,208,20,20,1,1,1,1,1,0,3,0,98,314,0,104.67,Accessories,0.43269230769230765,1,3,1.3333333333333333,4,0
u-0254,2026-02-01,282,2,2,5,5,18,18,1,3,8,1,10,2060.24,277.84,257.53,Shoes,0.851063829787234,13,5,2.5,46,1
u-0255,2026-02-01,210,145,145,0,0,0,0,0,0,1,0,203,176,0,176,Shirts,0.14285714285714285,0,2,2,0,1
u-0256,2026-02-01,132,18,18,2,2,2,2,1,0,3,0,94,599.68,0,199.89,Dresses,0.6818181818181818,2,3,2,7,1
u-0257,2026-02-01,335,109,108,0,0,0,0,0,0,4,0,109,1174.08,0,293.52,Shoes,0.35820895522388063,0,3,2.75,0,1
u-0258,2026-02-01,69,4,4,3,3,10,10,0,0,2,0,41,407,0,203.5,Dresses,0.8695652173913044,8,4,2,23,0
u-0259,2026-02-01,285,1,1,7,7,23,23,7,1,9,1,1,959,42,106.56,T-Shirts,0.9473684210526315,14,4,2,62,0
u-0260,2026-02-01,229,108,108,0,0,0,0,0,0,2,0,167,533.8,0,266.9,Jackets,0.26200873362445415,0,2,3,0,1
u-0261,2026-02-01,359,4,4,1,1,4,4,0,1,3,0,298,815.68,0,271.89,Jackets,0.25069637883008355,3,2,2.6666666666666665,10,0
u-0262,2026-02-01,286,47,47,0,0,0,0,0,0,4,0,114,879.96,0,219.99,Accessories,0.4195804195804196,0,3,2,0,1
u-0263,2026-02-01,129,1,1,4,4,13,13,4,1,5,1,16,857.24,102,171.45,T-Shirts,1.1627906976744187,9,4,2.6,36,0
u-0264,2026-02-01,306,1,1,5,5,20,20,4,2,8,0,41,1984.4,0,248.05,Shirts,0.7843137254901962,12,5,3,51,0
u-0265,2026-02-01,271,11,11,2,2,2,2,0,0,4,0,133,356,0,89,T-Shirts,0.44280442804428044,2,2,2.25,6,1
u-0266,2026-02-01,19,1,1,4,5,10,9,4,1,1,1,10,211,211,211,Jackets,1,6,2,2,29,0
u-0267,2026-02-01,134,10,10,1,1,1,1,0,0,3,0,92,662.16,0,220.72,T-Shirts,0.6716417910447761,1,5,3,3,1
u-0268,2026-02-01,250,29,28,1,1,1,1,0,0,3,0,95,816.04,0,272.01,Trousers,0.36,1,2,3,3,0
u-0269,2026-02-01,304,133,133,0,0,0,0,0,0,3,0,263,634,0,211.33,Shoes,0.2960526315789474,0,3,2.3333333333333335,0,0
u-0270,2026-02-01,330,135,135,0,0,0,0,0,0,2,0,276,381.96,0,190.98,Shoes,0.18181818181818182,0,3,1.5,0,1
u-0271,2026-02-01,369,87,87,0,0,0,0,0,0,5,0,153,486,0,97.2,T-Shirts,0.4065040650406504,0,2,2.6,0,1
u-0272,2026-02-01,67,12,12,2,2,7,7,1,1,1,0,57,216,0,216,Accessories,0.44776119402985076,6,2,2,18,0
u-0273,2026-02-01,220,23,23,1,1,1,1,1,0,3,0,51,863.88,0,287.96,Jackets,0.4090909090909091,1,2,3.3333333333333335,4,0
u-0274,2026-02-01,48,5,5,3,3,11,11,3,0,1,0,41,402.96,0,402.96,Outerwear,0.625,9,2,3,28,0
u-0275,2026-02-01,386,4,4,3,3,14,14,4,1,14,1,26,4475.8,421.36,319.7,Outerwear,1.088082901554404,9,8,2.2857142857142856,37,0
u-0276,2026-02-01,101,21,21,1,1,1,1,0,0,1,0,95,455.4,0,455.4,Jackets,0.297029702970297,1,1,5,3,1
u-0277,2026-02-01,158,2,2,3,3,13,13,3,3,6,1,16,1210.28,112,201.71,Shoes,1.139240506329114,10,3,1.6666666666666667,36,1
u-0278,2026-02-01,45,1,1,3,3,11,11,3,0,1,0,39,194,0,194,Sweaters,0.6666666666666666,8,1,2,28,0
u-0279,2026-02-01,45,1,1,6,6,27,27,3,2,2,1,17,1201.52,680.8,600.76,Outerwear,1.3333333333333333,14,3,4,66,0
u-0280,2026-02-01,139,2,2,5,5,20,20,0,2,5,0,56,774.04,0,154.81,T-Shirts,1.079136690647482,14,4,2.6,47,0
u-0281,2026-02-01,186,8,8,3,3,15,15,1,0,5,0,37,1702.36,0,340.47,Outerwear,0.8064516129032258,10,3,2.2,34,0
u-0282,2026-02-01,136,7,7,4,4,12,12,0,1,2,0,57,360,0,180,Dresses,0.4411764705882353,7,2,2,29,0
u-0283,2026-02-01,262,72,72,0,0,0,0,0,0,4,0,163,1737.96,0,434.49,Outerwear,0.45801526717557256,0,2,2.75,0,0
u-0284,2026-02-01,145,7,7,3,3,15,15,2,2,4,1,7,1510.64,594.32,377.66,Outerwear,0.8275862068965518,10,5,3,38,0
u-0285,2026-02-01,369,100,99,0,0,0,0,0,0,4,0,161,844.88,0,211.22,Shirts,0.3252032520325203,0,1,2.75,0,1
u-0286,2026-02-01,272,1,1,6,6,15,15,2,1,11,0,30,2713.52,0,246.68,Trousers,1.2132352941176472,10,6,2.8181818181818183,39,0
u-0287,2026-02-01,135,30,30,0,0,0,0,0,0,6,0,30,1146.24,0,191.04,Shirts,1.3333333333333333,0,2,2.5,0,0
u-0288,2026-02-01,52,4,4,5,5,21,21,2,3,1,0,47,331.2,0,331.2,Accessories,0.5769230769230769,11,1,3,52,0
u-0289,2026-02-01,360,74,74,0,0,0,0,0,0,5,0,132,918,0,183.6,Jackets,0.4166666666666667,0,3,1.8,0,1
u-0290,2026-02-01,209,2,2,6,6,25,25,3,0,9,1,17,1729.52,272.32,192.17,Trousers,1.291866028708134,13,6,2.2222222222222223,60,0
u-0291,2026-02-01,28,14,14,3,3,3,2,3,0,1,1,26,185,185,185,Outerwear,1,2,1,1,12,1
u-0292,2026-02-01,114,2,2,4,4,17,17,1,2,6,1,25,1374.2,192,229.03,Trousers,1.5789473684210527,11,3,2.3333333333333335,42,0
u-0293,2026-02-01,147,21,21,1,1,1,1,0,0,4,0,90,1035.24,0,258.81,Sweaters,0.8163265306122448,1,5,2.75,3,1
u-0294,2026-02-01,75,5,5,1,1,1,1,1,0,1,0,72,216,0,216,Accessories,0.4,1,1,3,4,0
u-0295,2026-02-01,393,3,3,7,7,24,24,5,4,10,1,26,2207.96,257.6,220.8,Trousers,0.7633587786259542,15,6,2.5,65,0
u-0296,2026-02-01,158,10,9,1,1,1,1,1,0,1,0,137,239.2,0,239.2,Trousers,0.189873417721519,1,2,3,4,0
u-0297,2026-02-01,316,113,113,0,0,0,0,0,0,6,0,149,1372.16,0,228.69,Jackets,0.569620253164557,0,4,2.5,0,1
u-0298,2026-02-01,315,3,3,5,5,25,25,1,3,7,0,45,2026.96,0,289.57,Jackets,0.6666666666666666,11,7,2.857142857142857,59,0
u-0299,2026-02-01,87,5,4,4,4,20,20,1,2,1,0,34,253.92,0,253.92,Jackets,0.3448275862068966,13,2,3,47,0
u-0300,2026-02-01,290,1,1,6,6,20,20,5,4,11,2,23,3565.72,654.12,324.16,Outerwear,1.1379310344827587,13,5,2.5454545454545454,57,0
u-0301,2026-02-01,173,1,1,3,3,12,12,2,1,4,1,20,662.56,215,165.64,Accessories,0.6936416184971098,10,4,1.75,31,0
u-0302,2026-02-01,23,4,4,4,4,10,9,4,1,1,1,20,510.6,510.6,510.6,Outerwear,1,7,1,3,29,0
u-0303,2026-02-01,20,3,3,3,3,4,3,4,0,2,2,3,490.92,490.92,245.46,Accessories,2,3,3,3,16,0
u-0304,2026-02-01,315,3,3,2,2,8,8,1,1,10,0,72,2506.72,0,250.67,Accessories,0.9523809523809523,6,7,2.5,20,0
u-0305,2026-02-01,213,11,11,1,1,1,1,0,0,3,0,73,290,0,96.67,Shirts,0.4225352112676057,1,3,1.3333333333333333,3,0
u-0306,2026-02-01,155,11,11,2,2,9,9,0,0,4,0,41,578,0,144.5,Accessories,0.7741935483870968,7,3,1.5,20,0
u-0307,2026-02-01,142,89,89,0,0,0,0,0,0,1,0,133,250,0,250,Shoes,0.2112676056338028,0,2,2,0,0
u-0308,2026-02-01,212,0,0,3,3,13,13,3,1,5,2,0,1243.36,486.72,248.67,Dresses,0.7075471698113208,9,4,2.6,35,0
u-0309,2026-02-01,323,18,18,1,1,1,1,0,0,8,0,121,1820,0,227.5,Shoes,0.7430340557275541,1,2,2.125,3,1
u-0310,2026-02-01,58,5,5,2,2,8,8,0,0,2,0,45,1191.4,0,595.7,Outerwear,1.0344827586206897,6,1,3.5,18,0
u-0311,2026-02-01,28,1,1,5,5,19,18,5,1,2,2,9,459.48,459.48,229.74,Shirts,2,12,3,2,50,0
u-0312,2026-02-01,97,3,2,5,6,26,26,4,3,2,1,3,366,126,183,Accessories,0.6185567010309279,12,3,2,65,0
u-0313,2026-02-01,66,8,8,2,2,10,10,1,2,2,0,41,358.12,0,179.06,Trousers,0.9090909090909091,7,1,2,25,0
u-0314,2026-02-01,112,2,2,7,7,25,25,2,6,2,0,54,597.32,0,298.66,Trousers,0.5357142857142857,13,3,3,65,0
u-0315,2026-02-01,265,2,2,3,3,13,13,1,2,5,0,72,1604.72,0,320.94,Outerwear,0.5660377358490566,9,3,2,32,0
u-0316,2026-02-01,161,5,5,3,3,16,16,3,1,4,1,5,510,76,127.5,T-Shirts,0.7453416149068324,10,3,2.5,40,0
u-0317,2026-02-01,63,3,3,2,2,2,2,0,0,1,0,57,408.48,0,408.48,Accessories,0.47619047619047616,2,2,4,6,1
u-0318,2026-02-01,337,3,3,4,4,17,17,2,1,9,0,60,1809.72,0,201.08,Dresses,0.8011869436201781,12,7,2.111111111111111,41,0
u-0319,2026-02-01,350,210,210,0,0,0,0,0,0,3,0,219,678.08,0,226.03,Dresses,0.2571428571428572,0,1,2.3333333333333335,0,1
u-0320,2026-02-01,133,9,9,2,2,2,2,0,0,4,0,79,1204.16,0,301.04,Dresses,0.9022556390977443,2,2,3.25,6,1
u-0321,2026-02-01,367,4,4,3,3,15,15,1,0,12,0,50,4551.32,0,379.28,Outerwear,0.9809264305177112,8,6,2.5,34,0
u-0322,2026-02-01,158,4,4,3,3,14,14,1,1,5,1,4,1240.84,282.44,248.17,Dresses,0.949367088607595,10,4,2.6,34,0
u-0323,2026-02-01,128,5,5,2,2,6,6,0,1,2,0,77,579.6,0,289.8,Sweaters,0.46875,5,3,3,15,1
u-0324,2026-02-01,284,5,5,5,5,21,21,4,1,7,1,27,1394.44,361.56,199.21,Dresses,0.7394366197183099,13,5,2,53,0
u-0325,2026-02-01,374,3,3,4,4,14,14,2,0,9,1,3,2120.88,211,235.65,Jackets,0.7219251336898396,11,6,2.3333333333333335,35,0
u-0326,2026-02-01,185,51,51,0,0,0,0,0,0,4,0,51,626.16,0,156.54,T-Shirts,0.6486486486486486,0,4,2.5,0,1
u-0327,2026-02-01,312,1,1,4,4,12,12,4,2,8,1,17,1393.76,216,174.22,Accessories,0.7692307692307692,8,3,2.25,35,0
u-0328,2026-02-01,70,0,0,7,7,28,28,6,1,2,1,26,450.56,338.56,225.28,Shoes,0.8571428571428571,13,2,2,71,0
u-0329,2026-02-01,266,0,0,6,6,23,23,3,2,7,0,52,1114.8,0,159.26,Shirts,0.7894736842105263,15,5,1.8571428571428572,57,0
u-0330,2026-02-01,106,21,21,1,1,1,0,0,0,1,0,102,288.88,0,288.88,Shoes,0.2830188679245283,0,2,3,2,1
u-0331,2026-02-01,80,0,0,4,4,16,16,3,2,2,1,15,252,168,126,Sweaters,0.75,9,1,1.5,42,0
u-0332,2026-02-01,229,62,62,0,0,0,0,0,0,3,0,141,758.16,0,252.72,Outerwear,0.3930131004366812,0,2,1.6666666666666667,0,1
u-0333,2026-02-01,136,8,8,2,2,7,7,2,0,2,1,21,384,144,192,Accessories,0.4411764705882353,6,1,2.5,19,0
u-0334,2026-02-01,249,99,98,0,0,0,0,0,0,1,0,228,415.84,0,415.84,Accessories,0.12048192771084336,0,2,4,0,0
u-0335,2026-02-01,19,2,2,3,3,3,2,3,0,1,1,14,231.84,231.84,231.84,Shoes,1,2,1,2,12,0
u-0336,2026-02-01,41,9,9,2,2,6,6,1,0,2,1,9,552.72,147,276.36,Accessories,1.4634146341463414,6,4,3,16,0
u-0337,2026-02-01,235,158,158,0,0,0,0,0,0,2,0,214,204,0,102,Shoes,0.25531914893617025,0,2,1,0,0
u-0338,2026-02-01,18,2,2,4,4,10,9,3,2,1,1,13,228,228,228,Sweaters,1,7,2,3,29,0
u-0339,2026-02-01,280,126,126,0,0,0,0,0,0,5,0,188,1373.6,0,274.72,Sweaters,0.5357142857142857,0,4,3.2,0,1
u-0340,2026-02-01,185,2,2,5,5,25,25,5,3,5,1,2,1238.68,173,247.74,Trousers,0.8108108108108107,12,3,2.8,64,0
u-0341,2026-02-01,287,0,0,8,8,32,32,3,3,8,0,35,1508.32,0,188.54,Trousers,0.8362369337979094,13,3,2.125,78,0
u-0342,2026-02-01,118,0,0,5,5,16,16,5,2,6,1,11,1274.24,360.64,212.37,T-Shirts,1.5254237288135595,10,4,3,45,0
u-0343,2026-02-01,152,9,9,1,1,1,1,1,0,3,0,76,861.28,0,287.09,Shoes,0.5921052631578948,1,1,2.3333333333333335,4,1
u-0344,2026-02-01,215,5,5,5,5,18,18,4,2,7,1,17,1311.6,214,187.37,Shirts,0.9767441860465116,9,4,2.4285714285714284,48,0
u-0345,2026-02-01,56,0,0,4,4,10,10,2,1,2,0,42,298,0,149,Accessories,1.0714285714285714,7,2,2.5,27,0
u-0346,2026-02-01,381,2,2,4,4,16,16,3,1,9,1,21,2173.32,84,241.48,Sweaters,0.7086614173228347,9,6,2.5555555555555554,41,0
u-0347,2026-02-01,41,7,7,2,2,8,8,0,1,1,0,35,316.48,0,316.48,Shoes,0.7317073170731707,7,2,3,19,0
u-0348,2026-02-01,314,11,11,3,3,15,15,3,2,4,1,28,1399.48,185,349.87,Outerwear,0.38216560509554137,9,2,2.25,39,1
u-0349,2026-02-01,48,2,2,3,3,18,18,2,1,1,0,39,208,0,208,Dresses,0.625,11,1,2,42,1
u-0350,2026-02-01,111,4,4,3,3,15,15,3,1,3,1,10,656,248,218.67,Shirts,0.8108108108108107,9,2,3,38,0
u-0351,2026-02-01,114,4,4,9,9,40,40,5,5,5,2,10,649.2,421.2,129.84,T-Shirts,1.3157894736842106,15,6,2,101,0
u-0352,2026-02-01,92,6,6,3,3,10,10,4,2,3,1,22,482,202,160.67,Sweaters,0.9782608695652173,7,4,2,30,0
u-0353,2026-02-01,246,11,11,6,6,19,19,4,2,5,0,55,815.04,0,163.01,T-Shirts,0.6097560975609757,14,5,2.4,50,1
u-0354,2026-02-01,197,1,1,3,3,13,13,3,0,3,0,45,414,0,138,Sweaters,0.4568527918781726,10,1,1.3333333333333333,32,0
u-0355,2026-02-01,227,160,160,0,0,0,0,0,0,2,0,208,404,0,202,Dresses,0.2643171806167401,0,2,2,0,1
u-0356,2026-02-01,355,0,0,5,5,26,26,3,1,12,1,5,4781.16,219,398.43,Outerwear,1.0140845070422535,12,6,2.75,62,0
u-0357,2026-02-01,387,2,2,1,1,5,5,2,0,7,1,2,1075,391,153.57,Accessories,0.5426356589147286,4,5,2.142857142857143,14,0
u-0358,2026-02-01,304,3,3,3,3,3,3,1,0,5,0,80,1409.16,0,281.83,Dresses,0.493421052631579,3,6,3,10,1
u-0359,2026-02-01,172,19,19,1,1,1,0,0,0,1,0,166,102,0,102,T-Shirts,0.1744186046511628,0,1,3,2,1
u-0360,2026-02-01,66,4,4,2,2,8,8,1,1,3,0,30,695.32,0,231.77,Jackets,1.3636363636363635,7,2,2.6666666666666665,20,0
u-0361,2026-02-01,374,260,260,0,0,0,0,0,0,2,0,341,521.64,0,260.82,Sweaters,0.16042780748663102,0,2,3,0,1
u-0362,2026-02-01,55,2,2,4,4,18,18,3,1,2,1,15,324,240,162,Accessories,1.090909090909091,8,2,1.5,45,0
u-0363,2026-02-01,184,0,0,3,3,14,14,3,2,3,0,41,551.96,0,183.99,Trousers,0.48913043478260865,10,2,2,36,1
u-0364,2026-02-01,149,9,9,2,2,9,9,0,0,4,0,64,794.76,0,198.69,Trousers,0.8053691275167785,7,6,2,20,0
u-0365,2026-02-01,185,3,3,2,2,6,6,1,1,3,1,11,736.32,96,245.44,Trousers,0.48648648648648646,6,3,2.6666666666666665,17,0
u-0366,2026-02-01,360,8,8,3,3,3,3,2,0,14,0,97,4647.36,0,331.95,Outerwear,1.1666666666666667,3,6,2.2857142857142856,11,1
u-0367,2026-02-01,97,39,39,0,0,0,0,0,0,1,0,87,188,0,188,Dresses,0.30927835051546393,0,2,2,0,0
u-0368,2026-02-01,201,0,0,6,6,29,29,3,2,7,1,0,1465.4,168,209.34,Jackets,1.044776119402985,14,6,2.142857142857143,70,0
u-0369,2026-02-01,267,4,4,1,1,1,1,0,0,8,0,60,1632.72,0,204.09,Sweaters,0.898876404494382,1,4,2.375,3,0
u-0370,2026-02-01,197,41,41,0,0,0,0,0,0,3,0,88,949.44,0,316.48,Sweaters,0.4568527918781726,0,2,3.6666666666666665,0,0
u-0371,2026-02-01,22,7,7,4,4,9,8,3,1,1,1,19,242.88,242.88,242.88,Trousers,1,8,1,3,26,0
u-0372,2026-02-01,292,33,33,0,0,0,0,0,0,7,0,83,1542.4,0,220.34,Trousers,0.7191780821917809,0,4,2.5714285714285716,0,1
u-0373,2026-02-01,213,5,5,4,4,20,20,3,3,5,1,22,1379.6,515.2,275.92,Shoes,0.7042253521126761,12,4,2.6,51,0
u-0374,2026-02-01,110,2,2,2,2,2,2,0,0,3,1,2,761.32,324.76,253.77,Trousers,0.8181818181818182,2,2,3,7,0
u-0375,2026-02-01,322,8,8,3,3,13,13,3,2,7,2,8,966.2,202,138.03,T-Shirts,0.6521739130434783,9,5,2.5714285714285716,36,0
u-0376,2026-02-01,91,3,3,4,4,11,11,4,3,3,1,22,1100.04,546.48,366.68,Jackets,0.989010989010989,9,4,3.6666666666666665,34,0
u-0377,2026-02-01,102,5,5,4,4,18,18,3,2,3,1,11,282,42,94,Accessories,0.8823529411764706,11,3,1.6666666666666667,46,0
u-0378,2026-02-01,372,4,4,4,4,15,15,2,0,8,0,55,1430.48,0,178.81,Shirts,0.6451612903225806,8,4,2.25,36,0
u-0379,2026-02-01,362,187,186,0,0,0,0,0,0,6,0,200,1124.76,0,187.46,Dresses,0.4972375690607735,0,3,1.8333333333333333,0,0
u-0380,2026-02-01,267,5,5,4,4,15,15,2,0,7,1,11,1641.32,208,234.47,Dresses,0.7865168539325842,7,4,2.7142857142857144,37,0
u-0381,2026-02-01,230,133,133,0,0,0,0,0,0,2,0,188,531.84,0,265.92,Outerwear,0.2608695652173913,0,2,2,0,1
u-0382,2026-02-01,134,1,1,3,3,12,12,0,1,2,1,17,532.72,104,266.36,Sweaters,0.44776119402985076,10,3,3,29,0
u-0383,2026-02-01,255,108,108,0,0,0,0,0,0,4,0,143,1058.08,0,264.52,Dresses,0.47058823529411764,0,2,2.75,0,1
u-0384,2026-02-01,341,1,1,3,3,3,3,0,0,9,0,143,1088.24,0,120.92,T-Shirts,0.7917888563049853,2,6,2.111111111111111,9,0
u-0385,2026-02-01,260,193,193,0,0,0,0,0,0,1,0,256,613.64,0,613.64,Jackets,0.11538461538461539,0,2,5,0,1
u-0386,2026-02-01,36,11,11,2,2,5,5,1,1,1,0,30,312.8,0,312.8,Shirts,0.8333333333333334,4,1,4,14,0
u-0387,2026-02-01,19,2,2,6,6,18,17,5,1,1,1,14,225,225,225,Accessories,1,13,3,3,48,0
u-0388,2026-02-01,233,162,162,0,0,0,0,0,0,1,0,223,184,0,184,Shirts,0.12875536480686695,0,1,2,0,1
u-0389,2026-02-01,88,3,3,6,6,26,26,4,2,3,1,6,616.08,264.96,205.36,Trousers,1.0227272727272727,13,1,2.3333333333333335,65,0
u-0390,2026-02-01,53,48,48,0,0,0,0,0,0,1,0,48,56,0,56,Accessories,0.5660377358490566,0,1,1,0,0
u-0391,2026-02-01,71,11,11,3,3,10,10,1,1,2,0,58,701.36,0,350.68,Accessories,0.8450704225352113,6,2,3.5,25,1
u-0392,2026-02-01,360,23,23,1,1,1,0,0,0,4,0,226,478,0,119.5,Dresses,0.3333333333333333,0,3,1.25,2,1
u-0393,2026-02-01,228,3,3,3,3,11,11,2,2,4,1,15,766.56,188,191.64,Sweaters,0.5263157894736842,10,4,2,30,0
u-0394,2026-02-01,303,4,4,5,5,16,16,1,2,6,0,44,1743.48,0,290.58,Outerwear,0.594059405940594,10,6,2.1666666666666665,40,0
u-0395,2026-02-01,244,2,2,8,8,30,30,4,2,7,0,33,1495.4,0,213.63,Trousers,0.8606557377049181,12,3,2.4285714285714284,74,0
u-0396,2026-02-01,140,2,2,6,6,18,18,4,2,3,1,7,753.08,211,251.03,Jackets,0.6428571428571428,12,3,2.6666666666666665,49,0
u-0397,2026-02-01,346,6,6,2,2,6,6,3,0,7,1,6,2053.52,340.4,293.36,Outerwear,0.6069364161849711,6,4,2,18,0
u-0398,2026-02-01,204,4,4,3,3,10,10,0,2,7,1,27,1498.88,292.56,214.13,Shirts,1.0294117647058825,8,4,2.5714285714285716,26,0
u-0399,2026-02-01,355,2,2,2,2,7,7,0,0,5,0,43,872.04,0,174.41,Sweaters,0.4225352112676056,7,5,2.2,16,1
u-0400,2026-02-01,240,15,15,2,2,7,7,1,1,3,0,82,750.56,0,250.19,Shoes,0.375,4,3,2.6666666666666665,18,1
u-0401,2026-02-01,293,150,150,0,0,0,0,0,0,4,0,227,1101.92,0,275.48,Shoes,0.40955631399317405,0,3,2.75,0,0
u-0402,2026-02-01,203,2,2,1,1,4,4,1,0,2,1,2,425.64,42,212.82,Jackets,0.2955665024630542,4,3,2.5,11,0
u-0403,2026-02-01,147,7,7,2,2,8,8,1,1,4,1,22,728,309.12,182,Accessories,0.8163265306122448,7,1,2.5,21,1
u-0404,2026-02-01,285,6,6,3,3,14,14,2,1,6,1,16,941.76,102,156.96,T-Shirts,0.631578947368421,9,5,3.5,35,0
u-0405,2026-02-01,135,8,8,3,3,8,8,0,1,3,0,60,555.24,0,185.08,Jackets,0.6666666666666666,5,2,2,20,0
u-0406,2026-02-01,30,7,7,3,5,14,13,3,1,1,1,21,287.04,287.04,287.04,Trousers,1,10,2,3,35,0
u-0407,2026-02-01,73,14,14,2,2,10,10,2,0,2,0,53,440.56,0,220.28,Sweaters,0.8219178082191781,6,2,2.5,24,0
u-0408,2026-02-01,108,4,4,4,4,18,18,2,0,4,0,54,1139.04,0,284.76,Dresses,1.1111111111111112,12,3,2.75,42,0
u-0409,2026-02-01,359,146,146,0,0,0,0,0,0,4,0,210,262,0,65.5,T-Shirts,0.3342618384401114,0,1,1.75,0,1
u-0410,2026-02-01,291,128,128,0,0,0,0,0,0,4,0,173,662.24,0,165.56,Jackets,0.4123711340206186,0,2,1.75,0,1
u-0411,2026-02-01,47,5,5,3,3,6,6,3,0,2,1,5,459.92,276.92,229.96,Trousers,1.2765957446808511,6,2,2.5,19,1
u-0412,2026-02-01,284,9,9,3,3,12,12,1,1,7,0,53,2297.96,0,328.28,Outerwear,0.7394366197183099,8,6,2.5714285714285716,29,0
u-0413,2026-02-01,378,13,13,2,2,4,4,1,0,8,1,13,3685.2,271.4,460.65,Outerwear,0.6349206349206349,4,5,3.25,12,0
u-0414,2026-02-01,45,0,0,3,3,15,15,3,0,1,0,42,76,0,76,Shirts,0.6666666666666666,11,1,1,36,0
u-0415,2026-02-01,356,156,156,0,0,0,0,0,0,6,0,171,1636.4,0,272.73,Jackets,0.5056179775280899,0,5,2.8333333333333335,0,1
u-0416,2026-02-01,249,1,1,3,3,14,14,1,1,5,1,11,1331.68,386.4,266.34,Shoes,0.6024096385542168,8,3,2.4,34,0
u-0417,2026-02-01,340,0,0,8,8,31,31,4,1,12,1,26,3014.68,224,251.22,Shoes,1.0588235294117647,15,5,2.3333333333333335,76,0
u-0418,2026-02-01,226,9,9,3,3,15,15,0,2,5,0,49,661,0,132.2,T-Shirts,0.6637168141592921,8,4,2.6,35,0
u-0419,2026-02-01,47,8,8,3,3,5,5,2,0,1,0,36,244.72,0,244.72,Shirts,0.6382978723404256,5,2,3,15,0
u-0420,2026-02-01,92,5,5,3,3,12,12,3,2,3,1,11,713.6,56,237.87,Accessories,0.9782608695652173,7,1,2.6666666666666665,33,0
u-0421,2026-02-01,224,121,121,0,0,0,0,0,0,2,0,121,372.48,0,186.24,T-Shirts,0.26785714285714285,0,2,4,0,0
u-0422,2026-02-01,304,59,59,0,0,0,0,0,0,3,0,121,573.68,0,191.23,T-Shirts,0.2960526315789474,0,4,3,0,1
u-0423,2026-02-01,31,2,2,6,6,23,22,5,0,2,2,7,144,144,72,T-Shirts,1.9354838709677418,13,1,2,58,0
u-0424,2026-02-01,50,6,6,5,5,20,20,4,1,2,1,16,521,130,260.5,Accessories,1.2,12,3,3,51,0
u-0425,2026-02-01,138,1,1,3,3,10,10,4,1,4,1,1,641.92,368.92,160.48,T-Shirts,0.8695652173913044,8,4,2.5,29,0
u-0426,2026-02-01,72,5,5,2,2,5,5,1,1,1,0,66,143,0,143,Accessories,0.4166666666666667,5,2,2,14,0
u-0427,2026-02-01,320,3,3,3,3,14,14,3,2,6,1,3,1329.4,242.88,221.57,Sweaters,0.5625,12,4,2.3333333333333335,37,0
u-0428,2026-02-01,179,17,17,1,1,1,1,1,0,4,0,73,659.76,0,164.94,Dresses,0.6703910614525139,1,5,2,4,1
u-0429,2026-02-01,192,61,61,0,0,0,0,0,0,3,0,105,579,0,193,Accessories,0.46875,0,2,1.6666666666666667,0,1
u-0430,2026-02-01,36,9,9,3,3,11,10,2,1,1,1,26,104,104,104,Dresses,0.8333333333333334,8,1,1,28,0
u-0431,2026-02-01,182,4,4,3,3,3,3,2,0,6,1,4,1638.24,279.68,273.04,Shoes,0.989010989010989,3,3,2.6666666666666665,12,0
u-0432,2026-02-01,241,3,3,3,3,12,12,2,0,7,1,23,1376.56,118,196.65,Sweaters,0.8713692946058091,8,2,2.2857142857142856,30,0
u-0433,2026-02-01,137,7,7,2,2,2,2,1,0,4,1,7,202,42,50.5,T-Shirts,0.8759124087591241,2,2,1,8,0
u-0434,2026-02-01,209,3,3,3,3,16,16,4,1,6,2,3,1809.68,587.88,301.61,Outerwear,0.8612440191387559,8,5,2.1666666666666665,42,0
u-0435,2026-02-01,51,9,9,3,3,11,11,1,0,2,0,37,429.2,0,214.6,Sweaters,1.1764705882352942,8,4,2.5,26,0
u-0436,2026-02-01,293,65,65,0,0,0,0,0,0,9,0,120,1451.68,0,161.3,T-Shirts,0.9215017064846416,0,6,2.6666666666666665,0,0
u-0437,2026-02-01,235,5,5,6,6,17,17,3,2,4,0,69,604.84,0,151.21,Shirts,0.5106382978723405,10,3,1.75,45,0
u-0438,2026-02-01,104,3,3,8,8,33,33,4,2,4,1,19,1421.8,450.8,355.45,Outerwear,1.1538461538461537,15,2,2.25,81,0
u-0439,2026-02-01,370,195,195,0,0,0,0,0,0,3,0,245,433.68,0,144.56,Trousers,0.24324324324324323,0,3,1.6666666666666667,0,1
u-0440,2026-02-01,319,7,7,2,2,9,9,2,0,6,0,35,1135,0,189.17,Accessories,0.5642633228840126,6,5,1.8333333333333333,22,0
u-0441,2026-02-01,224,10,10,2,2,8,8,2,1,4,0,48,676.48,0,169.12,Accessories,0.5357142857142857,8,2,1.5,21,0
u-0442,2026-02-01,332,154,154,0,0,0,0,0,0,8,0,177,1016,0,127,T-Shirts,0.7228915662650602,0,4,2.375,0,1
u-0443,2026-02-01,287,1,1,4,4,15,15,3,2,10,1,1,2268.12,279.68,226.81,Sweaters,1.0452961672473868,11,5,2.5,40,0
u-0444,2026-02-01,364,2,2,2,2,5,5,2,0,5,1,13,869.68,279.68,173.94,Sweaters,0.4120879120879121,4,2,2,15,0
u-0445,2026-02-01,337,37,37,0,0,0,0,0,0,7,0,56,1609.96,0,229.99,Jackets,0.6231454005934719,0,4,2.4285714285714284,0,1
u-0446,2026-02-01,298,9,9,4,4,19,19,3,0,9,1,27,2325.6,257.6,258.4,Trousers,0.9060402684563759,11,7,2.888888888888889,46,0
u-0447,2026-02-01,370,45,45,0,0,0,0,0,0,6,0,93,1406.04,0,234.34,Shoes,0.48648648648648646,0,5,2.1666666666666665,0,1
u-0448,2026-02-01,138,29,29,1,1,1,1,1,0,1,0,134,273.24,0,273.24,Jackets,0.2173913043478261,1,1,3,4,1
u-0449,2026-02-01,358,5,5,4,4,14,14,3,2,9,0,30,1658.12,0,184.24,Trousers,0.7541899441340782,10,3,2.2222222222222223,37,0
u-0450,2026-02-01,63,5,5,4,4,15,15,3,2,2,1,25,534.52,255.76,267.26,Trousers,0.9523809523809523,11,2,3,40,0
u-0451,2026-02-01,263,205,205,0,0,0,0,0,0,2,0,215,545.2,0,272.6,Shirts,0.22813688212927755,0,2,3.5,0,0
u-0452,2026-02-01,204,3,3,4,4,11,11,1,0,6,1,11,787.84,220,131.31,Shoes,0.8823529411764706,8,3,1.3333333333333333,28,0
u-0453,2026-02-01,193,7,7,3,3,9,9,4,0,5,1,27,458,76,91.6,T-Shirts,0.7772020725388601,8,3,1.8,26,0
u-0455,2026-02-01,341,28,28,1,1,1,0,0,0,1,0,332,104,0,104,Dresses,0.0879765395894428,0,1,1,2,1
u-0456,2026-02-01,70,8,8,3,3,10,10,2,1,2,1,8,204,102,102,T-Shirts,0.8571428571428571,9,2,2.5,27,0
u-0457,2026-02-01,390,277,277,0,0,0,0,0,0,3,0,353,733.48,0,244.49,Jackets,0.23076923076923078,0,2,2.6666666666666665,0,1
u-0458,2026-02-01,238,3,3,3,3,10,10,2,1,5,1,14,1078.08,309.12,215.62,Accessories,0.6302521008403361,7,1,2.6,27,0
u-0459,2026-02-01,31,5,5,4,4,14,13,5,1,1,1,21,245.64,245.64,245.64,Sweaters,0.9677419354838709,9,2,3,38,1
u-0460,2026-02-01,75,0,0,8,8,29,29,5,2,4,1,6,932.4,360.64,233.1,Sweaters,1.6,13,2,2.5,74,0
u-0461,2026-02-01,140,0,0,4,4,14,14,5,2,3,2,18,703.24,619.24,234.41,Sweaters,0.6428571428571428,11,2,2.3333333333333335,41,0
u-0462,2026-02-01,66,4,4,3,3,12,12,2,1,3,0,39,396,0,132,Jackets,1.3636363636363635,8,1,1.3333333333333333,30,0
u-0463,2026-02-01,24,1,1,4,4,10,9,2,1,1,1,19,345,345,345,Shoes,1,6,2,3,27,0
u-0464,2026-02-01,176,78,78,0,0,0,0,0,0,1,0,168,386.4,0,386.4,Shoes,0.17045454545454547,0,1,3,0,1
u-0465,2026-02-01,250,10,10,2,2,2,2,1,0,7,0,65,1417.44,0,202.49,Shirts,0.84,2,3,2.4285714285714284,7,0
u-0466,2026-02-01,184,6,6,2,2,11,11,1,1,4,0,56,620,0,155,Shirts,0.6521739130434783,8,4,2,26,0
u-0467,2026-02-01,251,3,3,3,3,13,13,2,1,5,1,14,861.88,120,172.38,Accessories,0.597609561752988,9,4,2.2,33,1
u-0468,2026-02-01,85,7,7,2,2,5,5,0,1,1,0,82,309.12,0,309.12,Accessories,0.3529411764705882,5,1,4,13,0
u-0469,2026-02-01,343,2,2,5,5,18,18,1,1,7,0,35,1447.2,0,206.74,Accessories,0.6122448979591837,10,3,2.4285714285714284,43,0
u-0470,2026-02-01,394,234,234,0,0,0,0,0,0,4,0,243,1555.44,0,388.86,Outerwear,0.30456852791878175,0,3,2.5,0,0
u-0471,2026-02-01,182,4,4,5,5,19,19,4,2,7,1,4,1361.52,273.24,194.5,Jackets,1.153846153846154,13,4,2.142857142857143,50,0
u-0472,2026-02-01,368,7,7,2,2,9,9,3,1,4,1,17,578.16,274.16,144.54,Shirts,0.32608695652173914,6,2,2,25,1
u-0473,2026-02-01,199,5,5,3,3,14,14,1,1,3,0,57,431.52,0,143.84,Accessories,0.4522613065326633,8,3,2,33,0
u-0474,2026-02-01,262,99,99,0,0,0,0,0,0,2,0,164,383,0,191.5,Trousers,0.22900763358778628,0,3,2.5,0,1
u-0475,2026-02-01,241,4,4,3,3,15,15,2,0,8,0,39,1590.2,0,198.78,Jackets,0.995850622406639,9,4,2.125,35,0
u-0476,2026-02-01,160,4,4,9,9,38,38,7,4,6,2,16,1329.16,338.88,221.53,Trousers,1.125,14,2,2.5,98,0
u-0477,2026-02-01,318,39,39,0,0,0,0,0,0,4,0,59,790.88,0,197.72,Accessories,0.37735849056603776,0,3,2,0,1
u-0478,2026-02-01,338,183,183,0,0,0,0,0,0,4,0,193,862.96,0,215.74,Accessories,0.35502958579881655,0,4,2.75,0,1
u-0479,2026-02-01,30,3,3,3,4,10,9,4,1,2,2,13,369.48,369.48,184.74,Jackets,2,6,2,2,29,0
u-0480,2026-02-01,171,16,16,1,1,1,1,1,0,4,0,63,2089.32,0,522.33,Outerwear,0.7017543859649122,1,3,3.25,4,0
u-0481,2026-02-01,314,0,0,4,4,16,16,3,3,10,0,54,2056.64,0,205.66,Sweaters,0.9554140127388535,11,6,2.6,42,0
u-0482,2026-02-01,34,5,5,3,3,10,9,3,1,1,1,29,343.16,343.16,343.16,Sweaters,0.8823529411764706,5,2,4,27,0
u-0483,2026-02-01,44,6,6,3,3,10,10,1,0,1,0,34,56,0,56,Accessories,0.6818181818181819,8,1,1,24,0
u-0484,2026-02-01,83,2,2,2,2,8,8,3,1,2,1,18,178,42,89,T-Shirts,0.7228915662650602,6,1,2.5,23,1
u-0485,2026-02-01,267,2,2,6,6,29,29,5,1,5,2,11,1510.6,646.76,302.12,Jackets,0.5617977528089887,15,5,3.4,72,0
u-0486,2026-02-01,50,2,2,7,7,22,22,4,1,2,1,5,473.84,104,236.92,Dresses,1.2,13,3,2.5,57,0
u-0487,2026-02-01,269,4,4,4,4,21,21,2,2,8,1,27,2493.52,289.8,311.69,Outerwear,0.8921933085501859,12,7,2.625,51,0
u-0488,2026-02-01,298,45,45,0,0,0,0,0,0,4,0,110,1598.12,0,399.53,Outerwear,0.40268456375838924,0,5,3,0,1
u-0489,2026-02-01,350,1,1,3,3,11,11,3,0,8,1,24,2279.2,334.88,284.9,Shoes,0.6857142857142857,8,2,2.5,29,0
u-0490,2026-02-01,202,1,1,4,4,15,15,4,1,7,1,16,1757.44,278.76,251.06,Trousers,1.0396039603960396,11,4,2.4285714285714284,40,0
u-0491,2026-02-01,390,215,215,0,0,0,0,0,0,2,0,289,598,0,299,Sweaters,0.15384615384615385,0,2,3.5,0,0
u-0492,2026-02-01,365,6,6,2,2,8,8,1,0,8,0,33,1946.92,0,243.37,Jackets,0.6575342465753425,7,7,2.5,19,0
u-0493,2026-02-01,278,19,19,2,2,5,5,1,1,5,0,51,882.24,0,176.45,Trousers,0.539568345323741,4,4,2.2,14,1
u-0494,2026-02-01,315,167,167,0,0,0,0,0,0,3,0,214,325,0,108.33,T-Shirts,0.2857142857142857,0,3,2.3333333333333335,0,1
u-0495,2026-02-01,210,1,1,5,5,21,21,6,2,8,3,1,893,337,111.63,T-Shirts,1.1428571428571428,12,5,1.875,58,1
u-0496,2026-02-01,210,2,1,6,6,22,22,5,0,5,1,17,617.68,256.68,123.54,Trousers,0.7142857142857143,13,2,1.4,56,0
u-0497,2026-02-01,337,6,5,2,2,8,8,3,1,6,1,19,897,146,149.5,T-Shirts,0.5341246290801187,8,4,2.3333333333333335,23,0
u-0498,2026-02-01,113,2,2,5,5,22,22,4,1,4,1,26,1271.84,120,317.96,Accessories,1.0619469026548674,12,3,2.5,55,0
u-0499,2026-02-01,313,5,5,3,3,11,11,3,2,3,0,38,402.32,0,134.11,T-Shirts,0.28753993610223644,8,3,2,30,0
u-0500,2026-02-01,195,0,0,7,7,34,34,3,2,10,2,2,2280.48,408.96,228.05,Accessories,1.5384615384615385,15,3,2.7,82,0
u-0501,2026-02-01,316,1,1,7,7,32,32,6,1,10,2,6,1970.28,289,197.03,Shirts,0.949367088607595,15,6,2.4,80,0
u-0502,2026-02-01,139,4,4,6,6,22,22,6,3,3,1,4,605.2,224,201.73,Shoes,0.6474820143884892,11,3,2.3333333333333335,60,0
u-0503,2026-02-01,393,68,68,0,0,0,0,0,0,7,0,265,3162.12,0,451.73,Outerwear,0.5343511450381679,0,6,3.142857142857143,0,0
u-0504,2026-02-01,84,9,9,2,2,9,9,2,0,2,1,23,620.08,362.48,310.04,Shoes,0.7142857142857143,8,3,3,23,0
u-0505,2026-02-01,371,2,2,7,7,30,30,3,6,6,1,2,1600.52,283.36,266.75,Dresses,0.4851752021563342,15,6,2.8333333333333335,77,1
u-0506,2026-02-01,124,60,60,0,0,0,0,0,0,1,0,120,185,0,185,Outerwear,0.24193548387096772,0,1,1,0,1
u-0507,2026-02-01,136,5,5,1,1,3,3,1,0,3,0,76,661.32,0,220.44,Jackets,0.6617647058823529,3,1,2.3333333333333335,8,0
u-0508,2026-02-01,54,3,3,3,3,14,14,1,0,1,0,45,76,0,76,T-Shirts,0.5555555555555556,10,1,2,32,0
u-0509,2026-02-01,89,2,2,3,3,9,9,1,1,3,1,13,1236.72,469.2,412.24,Outerwear,1.0112359550561798,8,3,3,24,0
u-0510,2026-02-01,110,8,8,2,2,3,3,1,0,3,1,20,626.84,136,208.95,Shirts,0.8181818181818182,2,3,2.6666666666666665,10,0
u-0511,2026-02-01,246,0,0,3,3,17,17,1,0,4,0,55,874.68,0,218.67,Accessories,0.48780487804878053,11,5,2.5,38,0
u-0512,2026-02-01,160,1,1,5,5,22,22,6,1,7,2,11,1580.36,584.2,225.77,Trousers,1.3125,14,5,2.5714285714285716,58,1
u-0513,2026-02-01,272,4,4,6,6,24,24,1,1,10,0,31,1808.68,0,180.87,Trousers,1.1029411764705883,13,5,1.9,56,0
u-0514,2026-02-01,36,7,7,4,4,13,13,3,0,1,0,33,249.32,0,249.32,Trousers,0.8333333333333334,9,1,3,33,0
u-0515,2026-02-01,121,8,7,2,2,9,9,1,1,2,1,20,285,95,142.5,Trousers,0.49586776859504134,7,1,1.5,23,0
u-0516,2026-02-01,196,2,2,2,2,8,8,0,2,4,0,44,1694.64,0,423.66,Outerwear,0.6122448979591837,6,3,2.75,20,0
u-0517,2026-02-01,163,30,30,0,0,0,0,0,0,1,0,161,287.04,0,287.04,Dresses,0.18404907975460122,0,1,3,0,1
u-0518,2026-02-01,351,5,5,4,4,14,14,2,3,6,0,45,938.48,0,156.41,Shirts,0.5128205128205129,10,4,1.8333333333333333,37,0
u-0519,2026-02-01,352,50,50,0,0,0,0,0,0,11,0,105,2812.92,0,255.72,Jackets,0.9375000000000001,0,5,2.727272727272727,0,1
u-0520,2026-02-01,112,69,69,0,0,0,0,0,0,1,0,110,240,0,240,Accessories,0.26785714285714285,0,1,2,0,1
u-0521,2026-02-01,149,50,50,0,0,0,0,0,0,4,0,87,390.04,0,97.51,T-Shirts,0.8053691275167785,0,2,1.75,0,1
u-0522,2026-02-01,348,19,19,2,2,5,5,1,0,12,0,46,2265.2,0,188.77,Jackets,1.0344827586206897,4,2,2,13,1
u-0523,2026-02-01,150,6,6,3,3,15,15,2,1,5,1,6,941.68,325.68,188.34,Jackets,1,12,4,2.2,37,1
u-0524,2026-02-01,190,12,12,2,2,4,4,1,0,3,0,65,563.68,0,187.89,Sweaters,0.4736842105263158,3,2,2,11,0
u-0525,2026-02-01,196,7,7,3,3,13,13,3,0,6,3,7,2617.48,1120.64,436.25,Outerwear,0.9183673469387755,8,4,2.8333333333333335,35,0
u-0526,2026-02-01,179,17,17,1,1,1,0,0,0,3,0,120,727.44,0,242.48,Outerwear,0.5027932960893855,0,3,1.6666666666666667,2,1
u-0528,2026-02-01,193,4,4,3,3,13,13,3,2,4,1,28,523,168,130.75,Sweaters,0.6217616580310881,11,3,1.5,35,0
u-0529,2026-02-01,186,28,28,1,1,1,1,0,0,4,0,73,1117.8,0,279.45,Trousers,0.6451612903225806,1,3,3,3,0
u-0530,2026-02-01,75,2,2,7,7,22,22,5,0,3,2,9,876.76,641.24,292.25,Dresses,1.2,12,3,3.3333333333333335,58,0
u-0531,2026-02-01,359,5,5,3,3,15,15,1,0,7,1,11,1109.68,104,158.53,T-Shirts,0.584958217270195,10,6,2.4285714285714284,35,0
u-0532,2026-02-01,201,101,101,0,0,0,0,0,0,1,0,195,371.68,0,371.68,Dresses,0.14925373134328357,0,2,4,0,1
u-0533,2026-02-01,147,25,25,1,1,1,1,0,0,3,0,65,607,0,202.33,Shirts,0.6122448979591836,1,4,2,3,1
u-0534,2026-02-01,350,117,117,0,0,0,0,0,0,6,0,185,1383.6,0,230.6,Shoes,0.5142857142857143,0,3,2,0,1
u-0535,2026-02-01,177,50,50,0,0,0,0,0,0,1,0,172,435.16,0,435.16,Trousers,0.1694915254237288,0,2,4,0,1
u-0536,2026-02-01,152,27,27,1,1,1,1,0,0,3,0,59,866.64,0,288.88,Dresses,0.5921052631578948,1,2,3,3,1
u-0537,2026-02-01,289,6,6,2,2,7,7,1,1,6,1,6,1558.88,110,259.81,Sweaters,0.6228373702422145,5,1,3,19,0
u-0538,2026-02-01,300,56,56,0,0,0,0,0,0,6,0,121,1130.4,0,188.4,Accessories,0.6,0,3,2.5,0,0
u-0539,2026-02-01,337,12,12,2,2,10,10,1,1,7,1,12,1316,99,188,Jackets,0.6231454005934719,8,3,2,25,0
u-0540,2026-02-01,388,7,7,3,3,13,13,3,0,8,1,7,2051.88,427.8,256.49,Shoes,0.6185567010309279,9,5,2.25,33,1
u-0541,2026-02-01,158,5,5,3,3,9,9,2,1,4,0,74,387,0,96.75,T-Shirts,0.759493670886076,7,2,2.25,24,0
u-0542,2026-02-01,369,11,11,4,4,15,15,3,1,13,0,36,4232.36,0,325.57,Outerwear,1.056910569105691,10,7,2.5384615384615383,38,1
u-0543,2026-02-01,134,3,3,7,7,31,31,5,3,4,1,14,1295.44,340.4,323.86,Outerwear,0.8955223880597015,14,3,2.25,78,0
u-0544,2026-02-01,109,10,10,2,2,2,2,0,0,1,0,101,178,0,178,T-Shirts,0.27522935779816515,2,2,3,6,0
u-0545,2026-02-01,151,5,5,6,6,25,25,8,3,7,4,5,1574.6,971.84,224.94,Sweaters,1.390728476821192,12,4,2.4285714285714284,71,0
u-0546,2026-02-01,290,1,1,4,4,13,13,2,3,7,1,29,1650.72,112,235.82,Shoes,0.7241379310344828,11,2,2,36,0
u-0547,2026-02-01,271,2,2,3,3,14,14,3,1,6,1,26,1427.6,278.76,237.93,Dresses,0.6642066420664207,8,5,2.3333333333333335,36,0
u-0548,2026-02-01,149,4,4,3,3,11,11,4,3,5,2,4,1034.24,495.12,206.85,Accessories,1.006711409395973,9,5,2.8,34,0
u-0549,2026-02-01,342,210,210,0,0,0,0,0,0,3,0,262,762.28,0,254.09,Outerwear,0.2631578947368421,0,4,2,0,0
u-0550,2026-02-01,169,26,26,1,1,1,1,0,0,3,0,85,687.04,0,229.01,Dresses,0.5325443786982248,1,2,2.3333333333333335,3,1
u-0551,2026-02-01,114,1,1,7,7,24,24,6,2,3,1,5,756.4,140,252.13,Trousers,0.7894736842105263,14,3,2.6666666666666665,64,0
u-0552,2026-02-01,235,7,7,1,1,5,5,0,0,1,0,224,390.08,0,390.08,Dresses,0.12765957446808512,5,3,4,11,0
u-0553,2026-02-01,139,0,0,4,4,16,16,4,1,3,1,27,423,84,141,Accessories,0.6474820143884892,10,3,1.3333333333333333,42,0
u-0554,2026-02-01,228,18,18,1,1,1,1,0,0,4,0,60,969.44,0,242.36,Shoes,0.5263157894736842,1,2,2.25,3,1
u-0555,2026-02-01,182,9,9,3,3,9,9,3,0,6,1,27,1578.48,208,263.08,Shoes,0.989010989010989,9,5,2.6666666666666665,25,0
u-0556,2026-02-01,234,65,65,0,0,0,0,0,0,3,0,109,1026.8,0,342.27,Dresses,0.38461538461538464,0,2,3,0,0
u-0557,2026-02-01,270,5,5,3,3,12,12,3,2,4,2,5,702.88,398.88,175.72,Sweaters,0.4444444444444444,9,2,1.75,34,0
u-0558,2026-02-01,196,11,11,2,2,2,2,0,0,5,0,65,1597.2,0,319.44,Outerwear,0.7653061224489796,2,4,2.2,6,0
u-0559,2026-02-01,292,32,32,0,0,0,0,0,0,6,0,109,766,0,127.67,Sweaters,0.6164383561643836,0,3,1.3333333333333333,0,1
u-0560,2026-02-01,325,247,247,0,0,0,0,0,0,2,0,295,515.2,0,257.6,Shirts,0.1846153846153846,0,1,3.5,0,1
u-0561,2026-02-01,267,4,3,3,3,14,14,2,1,4,0,43,988.12,0,247.03,Shoes,0.449438202247191,8,3,2.25,34,0
u-0562,2026-02-01,389,2,2,4,4,15,15,7,1,12,3,2,1940.84,538.6,161.74,Trousers,0.9254498714652957,9,4,1.6666666666666667,45,0
u-0563,2026-02-01,170,4,4,4,4,18,18,3,0,6,1,4,1508.68,310.96,251.45,Jackets,1.0588235294117647,10,5,2.8333333333333335,44,0
u-0564,2026-02-01,307,99,99,0,0,0,0,0,0,5,0,99,575,0,115,T-Shirts,0.488599348534202,0,3,1.6,0,0
u-0565,2026-02-01,362,22,22,1,1,1,1,0,0,7,0,35,1402.2,0,200.31,Accessories,0.580110497237569,1,6,2.142857142857143,3,0
u-0566,2026-02-01,395,4,4,5,5,22,22,2,1,12,1,8,2125.16,269.56,177.1,Accessories,0.9113924050632912,11,5,2.0833333333333335,53,1
u-0567,2026-02-01,135,1,1,3,3,3,3,1,0,2,0,103,541.44,0,270.72,Trousers,0.4444444444444444,3,2,2.5,10,1
u-0568,2026-02-01,175,5,5,4,4,17,17,2,1,7,0,40,3323.12,0,474.73,Outerwear,1.2,11,4,3.142857142857143,41,0
u-0569,2026-02-01,30,2,2,3,5,9,8,4,0,1,1,19,199,199,199,Dresses,1,5,2,2,25,0
u-0570,2026-02-01,234,35,35,0,0,0,0,0,0,4,0,98,797.04,0,199.26,Jackets,0.5128205128205129,0,3,2,0,1
u-0571,2026-02-01,112,5,5,4,4,13,13,2,2,2,0,31,305,0,152.5,Outerwear,0.5357142857142857,9,2,1,34,0
u-0572,2026-02-01,66,32,32,0,0,0,0,0,0,1,0,57,224,0,224,Shoes,0.45454545454545453,0,2,2,0,1
u-0573,2026-02-01,73,4,4,3,3,9,9,5,0,4,2,4,769.92,428,192.48,Shirts,1.6438356164383563,7,4,2.5,28,0
u-0574,2026-02-01,187,95,95,0,0,0,0,0,0,1,0,185,147,0,147,Accessories,0.16042780748663102,0,2,2,0,1
u-0575,2026-02-01,128,64,64,0,0,0,0,0,0,1,0,117,140,0,140,Shoes,0.234375,0,1,1,0,0
u-0576,2026-02-01,120,15,15,1,1,1,1,0,0,2,0,78,615.92,0,307.96,Shoes,0.5,1,2,3,3,1
u-0577,2026-02-01,71,5,5,6,6,18,18,5,1,3,0,38,466,0,155.33,Sweaters,1.267605633802817,13,2,1.6666666666666667,48,1
u-0578,2026-02-01,249,3,3,3,3,15,15,4,3,4,1,3,495,99,123.75,Jackets,0.48192771084337344,10,1,1.25,41,0
u-0579,2026-02-01,315,2,2,3,3,13,13,2,1,10,0,33,2128.84,0,212.88,Jackets,0.9523809523809523,11,6,2.3,32,0
u-0580,2026-02-01,208,4,4,5,5,22,22,3,2,5,1,9,1229.32,198,245.86,Jackets,0.7211538461538461,13,5,2.8,55,0
u-0582,2026-02-01,120,1,1,6,6,21,21,5,1,3,1,9,264,42,88,T-Shirts,0.75,11,2,1.6666666666666667,55,0
u-0583,2026-02-01,25,1,1,6,7,20,19,4,0,2,2,11,191,191,95.5,Trousers,2,12,1,1,51,0
u-0584,2026-02-01,234,6,6,3,3,10,10,3,3,7,1,15,1847.64,287.04,263.95,Dresses,0.8974358974358975,7,4,2.857142857142857,30,0
u-0585,2026-02-01,335,33,33,0,0,0,0,0,0,4,0,219,1301.2,0,325.3,Outerwear,0.35820895522388063,0,2,2,0,1
u-0586,2026-02-01,238,0,0,6,6,19,19,5,1,7,2,4,1741.84,365.04,248.83,Dresses,0.8823529411764706,12,5,2.5714285714285716,52,0
u-0587,2026-02-01,91,2,2,8,8,31,31,7,2,5,1,9,1032.48,185,206.5,Trousers,1.6483516483516485,11,3,2.2,80,0
u-0588,2026-02-01,214,2,2,3,3,12,12,3,0,5,1,9,1655.6,110,331.12,Outerwear,0.7009345794392523,7,4,2.2,31,1
u-0589,2026-02-01,323,12,12,2,2,8,8,2,1,2,1,12,862.96,482.08,431.48,Sweaters,0.18575851393188852,8,3,4.5,22,0
u-0590,2026-02-01,275,6,6,6,6,21,20,2,3,9,0,45,981.68,0,109.08,T-Shirts,0.9818181818181819,13,4,1.7777777777777777,52,0
u-0591,2026-02-01,163,5,5,1,1,1,0,0,0,3,0,142,617.6,0,205.87,Accessories,0.5521472392638036,0,2,2,2,1
u-0592,2026-02-01,341,4,4,5,5,19,19,3,0,11,0,31,2677.96,0,243.45,Sweaters,0.9677419354838709,13,6,2.5454545454545454,46,0
u-0593,2026-02-01,210,2,2,3,3,13,13,3,1,6,1,27,1284.88,257.6,214.15,Trousers,0.8571428571428571,10,6,2.1666666666666665,34,0
u-0594,2026-02-01,348,7,7,3,3,14,14,1,1,6,1,7,1153.36,231.84,192.23,Accessories,0.5172413793103449,9,3,2.1666666666666665,34,1
u-0595,2026-02-01,310,26,26,1,1,1,1,0,0,6,0,100,1185.76,0,197.63,Trousers,0.5806451612903225,1,3,2.3333333333333335,3,0
u-0596,2026-02-01,296,6,6,4,4,16,16,1,1,8,0,37,1838.04,0,229.76,Shirts,0.8108108108108107,10,5,2.625,38,0
u-0597,2026-02-01,214,7,7,2,2,5,5,0,0,5,0,42,839,0,167.8,T-Shirts,0.7009345794392523,5,4,3,12,1
u-0598,2026-02-01,95,70,70,0,0,0,0,0,0,1,0,86,224,0,224,Shirts,0.31578947368421056,0,2,4,0,1
u-0599,2026-02-01,238,8,8,2,2,7,7,1,1,4,0,46,687.92,0,171.98,T-Shirts,0.5042016806722689,7,5,2.5,18,0
u-0600,2026-02-01,135,4,4,5,5,20,20,4,2,6,3,4,841,398,140.17,T-Shirts,1.3333333333333333,12,5,2.8333333333333335,54,0
u-0601,2026-02-01,188,1,1,6,6,25,25,4,4,8,1,24,1911.44,203,238.93,Jackets,1.2765957446808511,14,5,2.625,65,0
u-0602,2026-02-01,237,0,0,6,6,25,25,1,0,5,0,34,1405.88,0,281.18,Dresses,0.6329113924050632,14,3,2.8,57,0
u-0603,2026-02-01,117,5,5,3,3,12,12,3,0,3,1,5,528,214,176,Shirts,0.7692307692307693,9,3,2,31,0
u-0604,2026-02-01,133,4,4,7,7,25,25,5,1,7,1,18,2310.12,360.64,330.02,Shoes,1.5789473684210527,16,5,3,64,0
u-0605,2026-02-01,291,1,1,5,5,19,19,3,1,6,1,11,1325.36,368,220.89,Shoes,0.6185567010309279,10,4,2.1666666666666665,48,0
u-0606,2026-02-01,116,2,2,3,3,7,7,2,1,3,1,28,650.96,231.84,216.99,Shoes,0.7758620689655172,7,2,2,21,1
u-0607,2026-02-01,154,4,4,3,3,13,13,2,1,3,1,14,570,198,190,Jackets,0.5844155844155844,9,3,2,33,0
u-0608,2026-02-01,222,9,9,2,2,9,9,2,1,3,0,68,581.32,0,193.77,Trousers,0.4054054054054054,6,2,2.3333333333333335,23,0
u-0609,2026-02-01,318,3,3,5,5,23,23,5,3,9,3,3,2265.04,548.04,251.67,Trousers,0.8490566037735849,13,6,2.888888888888889,62,0
u-0610,2026-02-01,123,3,3,7,7,29,29,5,4,4,1,7,721.12,95,180.28,Trousers,0.9756097560975611,13,2,2,75,0
u-0611,2026-02-01,339,2,2,3,3,16,16,2,2,2,0,52,761.76,0,380.88,Outerwear,0.17699115044247787,9,2,2.5,39,0
u-0612,2026-02-01,71,6,6,3,3,13,13,5,1,3,2,6,559.12,503.12,186.37,Accessories,1.267605633802817,11,4,2,37,0
u-0613,2026-02-01,211,10,10,3,3,5,5,1,0,5,1,29,2257.68,428.72,451.54,Outerwear,0.7109004739336493,4,5,3.4,15,1
u-0614,2026-02-01,109,14,14,1,1,1,1,0,0,2,0,68,381,0,190.5,Shoes,0.5504587155963303,1,3,2,3,1
u-0615,2026-02-01,240,29,29,1,1,1,0,0,0,1,0,232,188,0,188,T-Shirts,0.125,0,2,3,2,1
u-0616,2026-02-01,141,2,2,3,3,16,16,2,0,2,0,47,546.56,0,273.28,Outerwear,0.425531914893617,11,2,2,37,0
u-0617,2026-02-01,307,0,0,4,4,9,9,2,2,10,0,34,1923.2,0,192.32,Sweaters,0.977198697068404,8,4,2.1,26,0
u-0618,2026-02-01,135,10,10,2,2,10,10,2,0,3,0,61,583.16,0,194.39,Sweaters,0.6666666666666666,8,4,2.3333333333333335,24,0
u-0619,2026-02-01,277,4,4,3,3,9,9,1,1,6,0,31,2567.8,0,427.97,Outerwear,0.6498194945848376,7,1,2.5,23,0
u-0620,2026-02-01,53,2,2,3,3,14,14,0,1,1,0,46,216,0,216,Accessories,0.5660377358490566,10,1,3,32,0
u-0621,2026-02-01,118,2,2,4,4,19,19,5,1,4,1,2,1152.4,431.48,288.1,Jackets,1.0169491525423728,10,3,2.5,49,0
u-0622,2026-02-01,116,3,3,5,5,22,22,5,2,3,1,23,646.32,272.32,215.44,Shirts,0.7758620689655172,12,2,2.6666666666666665,57,0
u-0623,2026-02-01,56,5,5,3,3,7,7,1,0,2,0,37,379.84,0,189.92,Trousers,1.0714285714285714,6,2,2.5,18,1
u-0624,2026-02-01,279,14,13,2,2,9,9,2,0,4,1,22,781.32,241.04,195.33,Shirts,0.4301075268817204,8,3,2.25,23,1
u-0625,2026-02-01,167,11,11,2,2,2,2,0,0,3,0,46,629.44,0,209.81,Shoes,0.5389221556886228,2,1,1.6666666666666667,6,0
u-0626,2026-02-01,307,7,7,3,3,10,10,1,1,8,1,27,736,102,92,T-Shirts,0.7817589576547231,9,2,2.125,26,0
u-0627,2026-02-01,91,9,9,2,2,9,9,2,1,1,0,86,88,0,88,Trousers,0.32967032967032966,6,1,1,23,1
u-0628,2026-02-01,264,3,3,2,2,2,2,0,0,3,0,63,994.6,0,331.53,Outerwear,0.3409090909090909,2,2,2,6,1
u-0629,2026-02-01,129,4,4,3,3,14,14,1,1,3,0,54,1294.44,0,431.48,Outerwear,0.6976744186046512,9,2,3,33,0
u-0630,2026-02-01,345,5,5,3,3,11,11,2,0,9,0,35,1642.08,0,182.45,Sweaters,0.782608695652174,9,5,2.111111111111111,27,0
u-0631,2026-02-01,93,4,4,2,2,11,11,2,0,2,1,19,391.56,292.56,195.78,Jackets,0.6451612903225806,8,2,2,27,1
u-0632,2026-02-01,65,1,1,5,5,17,17,3,1,2,1,9,300,76,150,Shoes,0.9230769230769231,10,2,1.5,44,0
u-0633,2026-02-01,26,1,1,4,4,13,12,3,2,1,1,17,282.44,282.44,282.44,Dresses,1,8,2,3,35,0
u-0634,2026-02-01,46,6,6,3,3,11,11,1,1,1,0,36,478.4,0,478.4,Dresses,0.6521739130434783,8,1,5,27,0
u-0635,2026-02-01,111,1,1,3,3,15,15,3,1,2,1,25,246,144,123,T-Shirts,0.5405405405405405,11,2,2.5,38,1
u-0636,2026-02-01,82,0,0,5,5,23,23,4,3,4,1,0,671,176,167.75,Jackets,1.4634146341463414,13,2,1.75,59,0
u-0637,2026-02-01,136,7,7,3,3,14,14,3,1,3,0,80,404,0,134.67,Sweaters,0.6617647058823529,10,2,1.6666666666666667,35,0
u-0638,2026-02-01,109,0,0,7,7,30,30,7,1,5,2,0,1488.56,616.4,297.71,Sweaters,1.3761467889908257,15,4,3.4,77,1
u-0639,2026-02-01,66,16,16,2,2,5,4,0,0,1,0,63,140,0,140,Shoes,0.45454545454545453,3,1,1,11,0
u-0640,2026-02-01,326,94,94,0,0,0,0,0,0,5,0,165,799.36,0,159.87,T-Shirts,0.460122699386503,0,3,2.2,0,1
u-0641,2026-02-01,380,23,23,1,1,4,4,0,1,8,0,71,1820.48,0,227.56,Jackets,0.6315789473684211,3,5,2.5,10,0
u-0642,2026-02-01,22,6,6,3,3,8,7,2,1,1,1,13,84,84,84,Sweaters,1,5,1,1,22,0
u-0643,2026-02-01,178,38,38,0,0,0,0,0,0,2,0,139,321,0,160.5,Trousers,0.33707865168539325,0,2,2,0,1
u-0644,2026-02-01,46,0,0,3,3,13,13,2,0,1,0,40,136,0,136,Accessories,0.6521739130434783,8,2,2,31,0
u-0645,2026-02-01,52,2,2,6,6,27,27,4,2,2,1,11,172,84,86,Sweaters,1.1538461538461537,14,2,1,67,0
u-0646,2026-02-01,53,3,3,8,8,29,29,7,2,4,2,14,837.96,297,209.49,Jackets,2.2641509433962264,13,3,2.25,77,0
u-0647,2026-02-01,237,1,1,2,2,6,6,0,1,3,0,74,610,0,203.33,Accessories,0.37974683544303794,5,3,2.6666666666666665,15,0
u-0648,2026-02-01,251,0,0,4,4,17,17,0,1,5,0,62,904.44,0,180.89,Trousers,0.597609561752988,12,2,2,39,0
u-0649,2026-02-01,154,29,29,1,1,3,3,0,1,6,0,33,1442.08,0,240.35,Shoes,1.1688311688311688,2,2,2.3333333333333335,8,1
u-0650,2026-02-01,68,3,2,3,3,15,15,2,1,1,0,45,176,0,176,Trousers,0.4411764705882353,10,1,2,36,0
u-0651,2026-02-01,81,1,1,5,5,20,20,2,1,2,1,1,535.44,241.04,267.72,Shirts,0.7407407407407407,11,3,3,49,0
u-0652,2026-02-01,354,331,331,0,0,0,0,0,0,1,0,343,110,0,110,Sweaters,0.0847457627118644,0,1,1,0,0
u-0653,2026-02-01,282,9,9,3,3,10,10,2,1,7,1,9,994.2,285.2,142.03,Jackets,0.7446808510638298,7,5,1.5714285714285714,27,0
u-0654,2026-02-01,387,8,8,3,3,10,10,2,0,11,1,15,3720.64,515.2,338.24,Shoes,0.8527131782945736,9,6,3.1818181818181817,26,0
u-0655,2026-02-01,41,0,0,3,3,13,13,1,0,1,0,31,241,0,241,Shirts,0.7317073170731707,9,2,3,30,1
u-0656,2026-02-01,115,97,97,0,0,0,0,0,0,2,0,104,449.76,0,224.88,Sweaters,0.5217391304347826,0,1,2.5,0,0
u-0657,2026-02-01,351,40,40,0,0,0,0,0,0,6,0,86,1163.24,0,193.87,Sweaters,0.5128205128205129,0,3,2,0,1
u-0658,2026-02-01,386,94,94,0,0,0,0,0,0,6,0,217,868,0,144.67,Shirts,0.46632124352331605,0,2,1.8333333333333333,0,0
u-0659,2026-02-01,190,0,0,5,5,14,14,2,2,4,0,74,706.76,0,176.69,Accessories,0.6315789473684211,8,5,2,37,0
u-0660,2026-02-01,104,5,5,5,5,24,24,3,3,3,0,41,700.84,0,233.61,Shirts,0.8653846153846153,11,4,3,59,0
u-0661,2026-02-01,313,3,3,7,7,30,30,4,1,8,1,17,1935.4,235.52,241.93,Jackets,0.7667731629392971,13,4,2.75,73,0
u-0662,2026-02-01,55,20,20,2,2,5,5,2,1,2,0,36,164,0,82,Trousers,1.090909090909091,5,2,1,15,1
u-0663,2026-02-01,324,1,1,8,8,31,31,7,3,9,1,18,1592.08,323.84,176.9,Trousers,0.8333333333333333,14,2,2,81,0
u-0664,2026-02-01,80,2,2,4,4,12,12,1,2,1,0,71,238,0,238,Shirts,0.375,8,1,3,31,0
u-0665,2026-02-01,239,5,5,3,3,5,5,2,0,10,1,9,1234,167,123.4,T-Shirts,1.2552301255230125,4,7,2.3,16,0
u-0666,2026-02-01,92,4,4,7,7,33,33,5,3,6,2,4,1230.04,443.32,205.01,Sweaters,1.9565217391304346,15,2,2.1666666666666665,83,0
u-0667,2026-02-01,112,1,1,6,6,23,23,4,2,7,2,9,1586.28,459.28,226.61,Jackets,1.875,14,4,2.2857142857142856,60,0
u-0668,2026-02-01,83,6,6,3,3,12,12,4,1,2,1,29,452.64,268.64,226.32,Shirts,0.7228915662650602,10,1,3,33,0
u-0669,2026-02-01,57,1,1,5,5,22,22,5,2,3,1,23,1503.28,393.76,501.09,Outerwear,1.5789473684210527,14,5,3.6666666666666665,57,0
u-0670,2026-02-01,30,3,3,7,8,22,21,6,2,2,2,22,226,226,113,Shirts,2,13,2,1.5,60,0
u-0671,2026-02-01,364,52,52,0,0,0,0,0,0,1,0,354,237.36,0,237.36,Shoes,0.08241758241758242,0,3,3,0,0
u-0672,2026-02-01,59,12,12,2,2,6,6,0,1,1,0,52,88,0,88,Trousers,0.5084745762711864,6,1,1,15,1
u-0673,2026-02-01,119,4,4,5,5,21,21,3,0,5,1,29,1146.28,176,229.26,Trousers,1.2605042016806722,12,3,2.4,51,1
u-0674,2026-02-01,328,5,5,4,4,18,18,0,1,2,0,43,636.64,0,318.32,Trousers,0.18292682926829268,12,4,4,41,0
u-0675,2026-02-01,369,320,320,0,0,0,0,0,0,3,0,336,895.84,0,298.61,Shoes,0.24390243902439024,0,3,2.6666666666666665,0,1
u-0676,2026-02-01,18,1,1,3,3,8,7,3,1,1,1,14,99,99,99,Jackets,1,5,1,1,23,0
u-0677,2026-02-01,340,12,12,6,6,17,17,3,2,14,1,24,2683.16,211,191.65,Jackets,1.2352941176470587,11,6,2.0714285714285716,46,1
u-0678,2026-02-01,28,1,1,5,5,11,9,3,0,1,1,19,224,224,224,Shirts,1,6,2,3,29,0
u-0679,2026-02-01,235,35,35,0,0,0,0,0,0,3,0,132,617.6,0,205.87,Shirts,0.3829787234042553,0,3,2.3333333333333335,0,1
u-0680,2026-02-01,139,5,5,4,4,19,19,2,1,2,0,31,338,0,169,Jackets,0.4316546762589928,12,3,2,45,0
u-0681,2026-02-01,332,4,4,6,6,29,29,4,2,9,1,4,1688.28,199,187.59,Dresses,0.8132530120481928,15,4,2,71,0
u-0682,2026-02-01,364,139,139,0,0,0,0,0,0,7,0,144,1495.52,0,213.65,Trousers,0.576923076923077,0,1,2.4285714285714284,0,1
u-0683,2026-02-01,108,2,2,2,2,10,10,3,0,3,1,18,540.48,362.48,180.16,T-Shirts,0.8333333333333333,7,4,2.6666666666666665,26,1
u-0684,2026-02-01,273,213,213,0,0,0,0,0,0,1,0,271,156,0,156,T-Shirts,0.10989010989010989,0,2,3,0,1
u-0685,2026-02-01,113,60,60,0,0,0,0,0,0,2,0,88,491.28,0,245.64,Shirts,0.5309734513274337,0,2,3,0,1
u-0686,2026-02-01,213,7,7,2,2,11,11,0,1,5,0,44,1155.44,0,231.09,Trousers,0.7042253521126761,9,4,2.6,25,0
u-0687,2026-02-01,108,32,32,0,0,0,0,0,0,2,0,58,1102.16,0,551.08,Outerwear,0.5555555555555556,0,2,3.5,0,1
u-0688,2026-02-01,210,5,5,3,3,15,15,2,2,6,1,15,1133.36,76,188.89,Shirts,0.8571428571428571,11,3,2.3333333333333335,38,0
u-0689,2026-02-01,217,142,142,0,0,0,0,0,0,1,0,211,185,0,185,Outerwear,0.1382488479262673,0,1,1,0,1
u-0690,2026-02-01,230,96,96,0,0,0,0,0,0,4,0,121,915.16,0,228.79,Trousers,0.5217391304347826,0,4,2.75,0,0
u-0691,2026-02-01,148,1,1,6,6,27,27,3,1,4,1,22,979.84,200,244.96,Dresses,0.8108108108108107,12,5,2.75,65,0
u-0692,2026-02-01,99,1,1,5,5,20,20,4,2,3,1,14,513.28,330.28,171.09,Trousers,0.9090909090909092,13,1,2,52,0
u-0693,2026-02-01,167,2,2,4,4,14,14,4,2,4,3,2,590,502,147.5,Accessories,0.718562874251497,11,2,2,41,0
u-0694,2026-02-01,185,15,15,2,2,7,7,2,0,5,1,15,910.4,176,182.08,Trousers,0.8108108108108107,6,4,2.2,19,1
u-0695,2026-02-01,96,31,31,0,0,0,0,0,0,1,0,93,208,0,208,Dresses,0.3125,0,1,2,0,0
u-0696,2026-02-01,208,5,5,4,4,14,14,4,1,6,1,28,1146.28,76,191.05,Shirts,0.8653846153846153,8,5,2,38,0
u-0697,2026-02-01,213,3,3,6,6,18,18,4,3,7,1,13,2293.76,232.76,327.68,Outerwear,0.9859154929577465,12,3,2.2857142857142856,50,0
u-0698,2026-02-01,338,9,9,1,1,1,0,0,0,2,0,259,416,0,208,Accessories,0.17751479289940827,0,3,3,2,1
u-0699,2026-02-01,184,3,3,4,4,14,14,2,1,6,1,28,1173.08,56,195.51,Accessories,0.9782608695652173,9,5,2.1666666666666665,36,0
u-0700,2026-02-01,313,2,2,6,6,23,23,5,1,11,0,51,2735,0,248.64,Sweaters,1.0543130990415335,15,4,2.4545454545454546,58,0
u-0701,2026-02-01,277,10,10,2,2,6,6,1,0,7,0,47,1582.4,0,226.06,Jackets,0.7581227436823106,4,5,2.2857142857142856,15,1
u-0702,2026-02-01,167,23,23,1,1,1,1,0,0,3,0,107,777.44,0,259.15,Dresses,0.5389221556886228,1,3,2.6666666666666665,3,1
u-0703,2026-02-01,333,4,4,9,9,33,33,6,2,11,1,10,2782.2,244.72,252.93,Shirts,0.990990990990991,15,6,3.090909090909091,84,0
u-0704,2026-02-01,38,11,11,2,2,9,9,1,1,2,1,24,412.16,92,206.08,Shirts,1.5789473684210527,7,2,2.5,23,1
u-0705,2026-02-01,336,3,3,5,5,19,19,5,2,7,1,28,707,236,101,T-Shirts,0.625,12,3,2.142857142857143,51,0
u-0706,2026-02-01,358,0,0,4,4,21,21,3,1,7,1,0,1803.72,198,257.67,Shoes,0.5865921787709497,13,4,2.4285714285714284,51,0
u-0707,2026-02-01,165,48,48,0,0,0,0,0,0,2,0,114,463.32,0,231.66,Jackets,0.36363636363636365,0,1,2.5,0,1
u-0709,2026-02-01,373,8,8,3,3,11,11,1,0,5,0,49,1177.64,0,235.53,Accessories,0.40214477211796246,8,6,3,26,0
u-0710,2026-02-01,382,70,70,0,0,0,0,0,0,5,0,113,1184.84,0,236.97,Dresses,0.39267015706806285,0,6,2.6,0,0
u-0711,2026-02-01,323,0,0,4,4,17,17,5,2,5,2,16,1409.08,447.68,281.82,Sweaters,0.46439628482972134,12,2,3,47,0
u-0712,2026-02-01,224,8,8,2,2,7,7,4,1,7,2,8,1303.4,175,186.2,Jackets,0.9375,6,5,2,23,0
u-0713,2026-02-01,307,6,6,3,3,13,13,3,2,7,1,25,2431.8,185,347.4,Outerwear,0.6840390879478828,9,2,2.142857142857143,35,0
u-0714,2026-02-01,192,2,2,6,6,24,24,5,4,9,1,22,2248.2,185,249.8,Outerwear,1.40625,13,6,1.7777777777777777,64,0
u-0715,2026-02-01,114,10,10,2,2,2,2,1,0,2,0,65,313.36,0,156.68,T-Shirts,0.5263157894736842,2,3,2.5,7,1
u-0716,2026-02-01,99,5,5,2,2,7,7,2,1,3,1,5,1077.48,618.24,359.16,Shoes,0.9090909090909092,7,2,3,20,0
u-0717,2026-02-01,44,1,1,4,4,15,15,2,1,2,0,31,180,0,90,T-Shirts,1.3636363636363638,10,2,1.5,37,0
u-0718,2026-02-01,370,2,2,3,3,3,3,1,0,10,0,82,1461.84,0,146.18,Shirts,0.8108108108108107,3,6,1.6,10,1
u-0719,2026-02-01,62,9,9,3,3,10,10,2,1,1,0,57,382.72,0,382.72,Dresses,0.48387096774193544,7,1,4,26,1
u-0720,2026-02-01,248,133,133,0,0,0,0,0,0,3,0,181,588.44,0,196.15,Jackets,0.36290322580645157,0,3,2.6666666666666665,0,1
u-0721,2026-02-01,340,0,0,3,3,14,14,1,2,5,1,0,1477.4,510.6,295.48,Outerwear,0.4411764705882353,9,3,2.2,35,0
u-0722,2026-02-01,258,64,64,0,0,0,0,0,0,2,0,235,351.12,0,175.56,Trousers,0.23255813953488372,0,1,2,0,1
u-0723,2026-02-01,67,1,1,5,5,26,26,2,1,1,0,65,104,0,104,Dresses,0.44776119402985076,13,1,1,60,0
u-0724,2026-02-01,175,20,20,1,1,1,1,0,0,3,0,80,1009.48,0,336.49,Outerwear,0.5142857142857143,1,5,3,3,0
u-0725,2026-02-01,165,79,79,0,0,0,0,0,0,2,0,123,442.84,0,221.42,Shoes,0.36363636363636365,0,2,2,0,1
u-0726,2026-02-01,35,3,3,8,9,28,27,3,3,1,1,26,376.28,376.28,376.28,Outerwear,0.8571428571428571,13,3,3,70,1
u-0727,2026-02-01,94,4,4,3,3,12,12,2,1,2,0,38,662.4,0,331.2,Accessories,0.6382978723404256,9,3,4,30,1
u-0728,2026-02-01,343,116,116,0,0,0,0,0,0,4,0,162,1067.84,0,266.96,Accessories,0.3498542274052478,0,4,3,0,1
u-0729,2026-02-01,148,38,38,0,0,0,0,0,0,1,0,145,247.48,0,247.48,Outerwear,0.2027027027027027,0,2,2,0,0
u-0730,2026-02-01,361,5,5,1,1,1,0,0,0,6,0,106,1930.72,0,321.79,Shoes,0.4986149584487535,0,4,3.1666666666666665,2,0
u-0731,2026-02-01,129,3,3,3,3,7,6,2,2,3,1,16,930.64,391.92,310.21,Shirts,0.6976744186046512,5,2,3.3333333333333335,21,1
u-0732,2026-02-01,230,13,13,2,2,4,4,0,1,4,0,66,594,0,148.5,Jackets,0.5217391304347826,4,1,1.5,11,1
u-0733,2026-02-01,25,6,6,3,3,5,4,2,1,1,1,16,84,84,84,Sweaters,1,4,1,1,16,0
u-0734,2026-02-01,184,9,9,2,2,8,8,1,1,3,0,63,694.64,0,231.55,Shoes,0.48913043478260865,5,4,2,20,1
u-0735,2026-02-01,226,148,148,0,0,0,0,0,0,1,0,224,110,0,110,Sweaters,0.13274336283185842,0,1,1,0,0
u-0736,2026-02-01,305,5,5,2,2,4,4,3,1,5,2,5,1393,569.48,278.6,Dresses,0.49180327868852464,4,3,2.8,16,0
u-0737,2026-02-01,27,0,0,5,5,15,14,5,0,2,2,8,305,305,152.5,Outerwear,2,11,2,1,41,0
u-0738,2026-02-01,378,9,9,3,3,14,14,2,1,7,0,60,1139.12,0,162.73,Trousers,0.5555555555555556,8,3,1.7142857142857142,34,0
u-0739,2026-02-01,386,164,164,0,0,0,0,0,0,4,0,308,708,0,177,Dresses,0.31088082901554404,0,2,1.75,0,1
u-0740,2026-02-01,235,192,192,0,0,0,0,0,0,1,0,231,232,0,232,Shirts,0.12765957446808512,0,2,2,0,0
u-0741,2026-02-01,82,17,17,2,2,6,6,3,0,2,1,24,360.32,88,180.16,Shirts,0.7317073170731707,5,2,2.5,18,0
u-0742,2026-02-01,63,1,1,5,5,18,18,2,1,2,0,46,418.24,0,209.12,Shoes,0.9523809523809523,12,3,2,44,0
u-0743,2026-02-01,35,16,16,2,2,4,4,1,0,1,0,32,233,0,233,Accessories,0.8571428571428571,4,2,2,11,0
u-0744,2026-02-01,300,2,2,3,3,12,12,3,1,10,0,48,2577.28,0,257.73,Shoes,1,11,6,2.4,31,0
u-0745,2026-02-01,335,5,5,3,3,14,14,2,0,10,1,15,3731.84,510.6,373.18,Outerwear,0.8955223880597015,7,5,2.4,34,0
u-0746,2026-02-01,265,0,0,3,3,11,11,2,2,5,1,13,815,245,163,Shirts,0.5660377358490566,9,4,1.8,30,0
u-0747,2026-02-01,383,4,4,7,7,29,29,5,4,10,1,23,1273,42,127.3,T-Shirts,0.7832898172323759,15,4,2.2,75,0
u-0748,2026-02-01,117,2,2,3,3,14,14,2,1,2,0,52,302,0,151,Accessories,0.5128205128205129,11,3,1.5,34,0
u-0749,2026-02-01,106,11,11,2,2,12,12,2,0,3,1,11,588.24,104,196.08,Jackets,0.8490566037735849,7,3,2,29,1
u-0750,2026-02-01,154,6,6,2,2,6,6,1,1,2,0,65,445.92,0,222.96,Dresses,0.3896103896103896,5,3,2.5,16,0
u-0751,2026-02-01,176,4,4,1,1,2,2,0,0,1,0,173,198,0,198,Jackets,0.17045454545454547,2,1,2,5,0
u-0752,2026-02-01,163,9,9,3,3,12,12,3,1,3,0,52,933.04,0,311.01,Shoes,0.5521472392638036,7,2,2.6666666666666665,31,0
u-0753,2026-02-01,189,4,4,6,6,22,22,4,1,5,1,24,850.44,299.92,170.09,Sweaters,0.7936507936507937,11,3,2,56,1
u-0754,2026-02-01,158,8,8,2,2,8,8,1,0,2,0,35,239,0,119.5,Jackets,0.379746835443038,7,2,1,19,0
u-0755,2026-02-01,219,104,104,0,0,0,0,0,0,5,0,111,1198.08,0,239.62,Sweaters,0.684931506849315,0,5,2.8,0,1
u-0756,2026-02-01,300,2,2,7,7,28,28,6,2,13,3,2,2667.28,618.8,205.18,Shirts,1.3,11,4,2.3846153846153846,74,0
u-0757,2026-02-01,136,0,0,3,3,6,6,1,0,5,1,7,1809.72,510.6,361.94,Outerwear,1.1029411764705883,6,2,2.4,17,0
u-0758,2026-02-01,86,0,0,3,3,9,9,3,1,2,1,27,427.04,287.04,213.52,Shirts,0.6976744186046512,7,2,3,26,0
u-0759,2026-02-01,264,3,3,3,3,9,9,2,2,5,1,18,1026.16,198,205.23,Sweaters,0.5681818181818181,7,3,2.6,26,0
u-0760,2026-02-01,211,5,5,2,2,4,4,0,0,2,0,59,240,0,120,Trousers,0.2843601895734597,3,3,1.5,10,1
u-0761,2026-02-01,327,4,4,5,5,22,22,1,2,11,0,42,2646.08,0,240.55,Trousers,1.0091743119266054,12,6,2.5454545454545454,52,0
u-0762,2026-02-01,71,4,4,5,5,19,19,5,1,2,1,8,198,99,99,Jackets,0.8450704225352113,11,1,1,50,0
u-0763,2026-02-01,258,3,3,3,3,9,9,1,0,6,0,49,1912,0,318.67,Outerwear,0.6976744186046512,8,3,2,22,0
u-0764,2026-02-01,119,3,3,3,3,13,13,1,2,2,0,46,477.04,0,238.52,Dresses,0.5042016806722689,8,2,2.5,32,0
u-0765,2026-02-01,220,109,109,0,0,0,0,0,0,2,0,183,240,0,120,T-Shirts,0.27272727272727276,0,2,2.5,0,1
u-0766,2026-02-01,225,25,25,1,1,1,1,0,0,5,0,85,1658.76,0,331.75,Dresses,0.6666666666666666,1,2,3,3,1
u-0767,2026-02-01,248,7,7,4,4,17,17,1,2,6,0,41,1475.52,0,245.92,Accessories,0.7258064516129031,12,2,2.6666666666666665,41,1
u-0768,2026-02-01,304,6,6,2,2,6,6,0,1,8,0,32,1655.64,0,206.95,Trousers,0.7894736842105263,5,3,2.375,15,1
u-0769,2026-02-01,133,5,5,4,4,13,13,2,0,3,0,58,374,0,124.67,Trousers,0.6766917293233082,8,3,1.3333333333333333,32,0
u-0770,2026-02-01,191,8,8,1,1,1,0,0,0,4,0,56,1096,0,274,Accessories,0.6282722513089005,0,2,2.75,2,0
u-0771,2026-02-01,235,80,80,0,0,0,0,0,0,4,0,105,1208.96,0,302.24,Outerwear,0.5106382978723405,0,3,2,0,1
u-0772,2026-02-01,300,5,5,1,1,1,0,0,0,1,0,296,216,0,216,Accessories,0.1,0,1,3,2,1
u-0773,2026-02-01,315,13,13,2,2,5,5,1,0,7,0,87,2343.72,0,334.82,Jackets,0.6666666666666666,4,7,3.7142857142857144,13,0
u-0774,2026-02-01,144,1,1,6,6,24,24,6,2,5,3,8,826,466,165.2,Accessories,1.0416666666666667,13,3,1.8,65,0
u-0775,2026-02-01,203,2,2,3,3,9,9,3,0,4,1,23,871,126,217.75,Shirts,0.5911330049261084,5,3,2.25,25,0
u-0776,2026-02-01,255,1,1,8,8,39,39,4,3,6,0,37,1151.92,0,191.99,Shirts,0.7058823529411765,15,3,2.5,93,0
u-0777,2026-02-01,263,60,60,0,0,0,0,0,0,3,0,204,403,0,134.33,Jackets,0.34220532319391633,0,3,1.3333333333333333,0,1
u-0778,2026-02-01,289,76,76,0,0,0,0,0,0,6,0,88,1362.88,0,227.15,Shirts,0.6228373702422145,0,3,2.5,0,1
u-0779,2026-02-01,167,2,2,3,3,7,7,1,1,3,0,55,984.88,0,328.29,Shoes,0.5389221556886228,6,3,3,19,0
u-0780,2026-02-01,130,18,18,1,1,1,1,0,0,1,0,120,224,0,224,Shirts,0.23076923076923078,1,2,4,3,1
u-0781,2026-02-01,63,2,2,6,6,22,22,3,2,1,0,56,120,0,120,Accessories,0.47619047619047616,10,1,1,55,0
u-0782,2026-02-01,133,4,4,3,3,12,12,2,1,3,1,4,451,187,150.33,Trousers,0.6766917293233082,7,2,1.6666666666666667,31,0
u-0783,2026-02-01,329,15,15,1,1,1,0,0,0,5,0,170,1265.36,0,253.07,Shoes,0.45592705167173253,0,2,2.2,2,1
u-0784,2026-02-01,29,3,3,5,5,18,17,3,1,1,1,27,450.8,450.8,450.8,Outerwear,1,10,2,3,45,0
u-0785,2026-02-01,188,7,7,3,3,16,16,4,2,4,1,16,573.92,168,143.48,Accessories,0.6382978723404256,11,2,2,42,0
u-0786,2026-02-01,86,3,3,2,2,2,1,0,0,1,0,76,353.28,0,353.28,Shoes,0.3488372093023256,1,2,3,5,1
u-0787,2026-02-01,53,10,10,3,3,6,6,0,2,2,0,38,648.6,0,324.3,Trousers,1.1320754716981132,6,5,3,17,0
u-0788,2026-02-01,324,0,0,7,7,30,30,4,3,10,1,0,2245.28,152,224.53,Sweaters,0.9259259259259258,13,3,2.5,75,0
u-0789,2026-02-01,204,5,5,5,5,21,21,1,2,5,0,55,854.2,0,170.84,Shirts,0.7352941176470589,10,3,2,50,0
u-0790,2026-02-01,179,18,18,1,1,1,1,0,0,2,0,118,495.04,0,247.52,Dresses,0.33519553072625696,1,1,2.5,3,1
u-0791,2026-02-01,375,0,0,3,3,14,14,0,1,5,0,31,888.8,0,177.76,Sweaters,0.4,9,3,2,32,0
u-0792,2026-02-01,282,11,11,2,2,6,6,2,0,3,0,47,653.4,0,217.8,Jackets,0.3191489361702127,6,1,2.3333333333333335,16,0
u-0793,2026-02-01,288,4,4,6,6,28,28,6,3,10,2,11,2947.4,576.84,294.74,Shoes,1.0416666666666667,13,7,2.9,73,0
u-0794,2026-02-01,134,12,12,2,2,3,3,2,0,5,1,20,899.64,88,179.93,Trousers,1.1194029850746268,3,3,2,11,0
u-0795,2026-02-01,138,1,1,7,7,23,23,6,2,7,4,8,2460.4,1270.84,351.49,Outerwear,1.5217391304347827,10,4,2.5714285714285716,65,0
u-0796,2026-02-01,152,89,89,0,0,0,0,0,0,1,0,148,441.6,0,441.6,Shirts,0.19736842105263158,0,3,5,0,1
u-0797,2026-02-01,82,1,1,6,6,22,22,1,2,3,0,30,719.88,0,239.96,Shirts,1.0975609756097562,13,3,2.3333333333333335,53,0
u-0798,2026-02-01,231,95,95,0,0,0,0,0,0,2,0,170,188,0,94,Shirts,0.2597402597402597,0,2,1,0,1
u-0799,2026-02-01,272,14,14,2,2,7,7,2,1,2,0,38,560.28,0,280.14,Trousers,0.22058823529411764,6,2,3,19,0
u-0800,2026-02-01,211,2,2,6,6,29,29,6,2,7,1,29,2420.84,482.08,345.83,Shoes,0.9952606635071091,14,6,3.142857142857143,73,0
u-0801,2026-02-01,248,108,108,0,0,0,0,0,0,4,0,121,940.92,0,235.23,Dresses,0.48387096774193544,0,4,2.75,0,1
u-0802,2026-02-01,194,165,165,0,0,0,0,0,0,1,0,192,242.88,0,242.88,Accessories,0.15463917525773196,0,1,4,0,1
u-0803,2026-02-01,21,1,1,3,4,4,3,3,1,1,1,13,279.68,279.68,279.68,Shirts,1,3,2,3,15,0
u-0804,2026-02-01,31,1,1,4,4,13,12,5,1,2,2,7,623.76,623.76,311.88,Trousers,1.9354838709677418,8,2,3.5,37,0
u-0805,2026-02-01,319,7,7,3,3,10,10,3,2,8,1,18,1853.96,352.36,231.75,Jackets,0.7523510971786834,8,6,2.25,29,0
u-0806,2026-02-01,107,0,0,7,7,29,29,5,3,3,1,13,432,104,144,Dresses,0.8411214953271028,14,2,1.3333333333333333,74,0
u-0807,2026-02-01,17,7,7,3,3,5,4,4,1,2,2,7,84,84,42,T-Shirts,2,4,1,1,19,1
u-0808,2026-02-01,28,6,6,3,4,4,3,3,0,1,1,19,140,140,140,Shoes,1,3,1,1,14,0
u-0809,2026-02-01,84,41,41,0,0,0,0,0,0,1,0,79,208,0,208,Dresses,0.35714285714285715,0,1,2,0,0
u-0810,2026-02-01,204,2,1,3,3,11,11,1,1,2,1,24,278,84,139,Sweaters,0.29411764705882354,8,1,1.5,28,0
u-0811,2026-02-01,176,1,1,9,9,37,37,4,3,9,3,10,1877.72,611.64,208.64,Shirts,1.5340909090909092,15,3,2.6666666666666665,93,0
u-0812,2026-02-01,224,4,4,5,5,20,20,3,4,7,1,4,1088.64,208,155.52,Dresses,0.9375,12,2,1.5714285714285714,53,0
u-0813,2026-02-01,61,6,6,7,7,19,19,3,3,2,1,20,340,140,170,Shoes,0.9836065573770493,13,2,1.5,52,0
u-0814,2026-02-01,196,3,3,1,1,1,0,0,0,6,0,129,1356.04,0,226.01,Jackets,0.9183673469387755,0,5,2.6666666666666665,2,0
u-0815,2026-02-01,251,0,0,9,9,45,45,7,5,9,1,14,4073.76,450.8,452.64,Outerwear,1.0756972111553784,16,6,3,112,0
u-0816,2026-02-01,195,4,4,2,2,2,2,1,0,4,0,63,655.4,0,163.85,Accessories,0.6153846153846154,2,4,2,7,0
u-0817,2026-02-01,146,61,61,0,0,0,0,0,0,3,0,61,837.76,0,279.25,Jackets,0.6164383561643836,0,3,3,0,1
u-0818,2026-02-01,371,260,260,0,0,0,0,0,0,4,0,312,982.28,0,245.57,Trousers,0.32345013477088946,0,3,2.5,0,1
u-0819,2026-02-01,379,4,4,6,6,26,26,5,1,12,0,34,2006,0,167.17,Jackets,0.949868073878628,12,6,1.8333333333333333,64,0
u-0820,2026-02-01,280,108,108,0,0,0,0,0,0,3,0,108,460.96,0,153.65,Accessories,0.3214285714285714,0,2,1.6666666666666667,0,0
u-0821,2026-02-01,333,4,4,4,4,17,17,3,2,10,2,10,2969.4,610.04,296.94,Outerwear,0.9009009009009009,11,6,2.1,45,0
u-0822,2026-02-01,228,71,71,0,0,0,0,0,0,2,0,183,390,0,195,Sweaters,0.2631578947368421,0,2,2,0,1
u-0823,2026-02-01,47,3,3,5,5,16,16,4,1,1,0,41,366.16,0,366.16,Shirts,0.6382978723404256,11,1,5,42,1
u-0824,2026-02-01,296,4,4,3,3,14,14,2,1,9,1,16,959.52,76,106.61,T-Shirts,0.9121621621621622,9,4,1.8888888888888888,35,0
u-0825,2026-02-01,349,2,2,4,4,20,20,3,4,12,1,2,2279.12,96,189.93,Shirts,1.0315186246418337,12,6,2.1666666666666665,52,0
u-0826,2026-02-01,100,3,3,3,3,14,14,1,3,2,0,55,538.08,0,269.04,Sweaters,0.6,9,2,3,35,0
u-0827,2026-02-01,127,11,11,1,1,1,1,0,0,4,0,46,551,0,137.75,Dresses,0.9448818897637795,1,3,1.25,3,0
u-0828,2026-02-01,124,10,10,4,4,13,13,1,1,2,0,36,278,0,139,Sweaters,0.48387096774193544,8,1,1.5,32,0
u-0829,2026-02-01,25,11,11,3,3,7,6,2,1,1,1,18,112,112,112,Shoes,1,4,1,1,20,0
u-0830,2026-02-01,109,2,2,6,6,29,29,4,1,5,1,28,1116.4,336.72,223.28,Trousers,1.3761467889908257,13,5,2.6,70,0
u-0831,2026-02-01,289,150,150,0,0,0,0,0,0,4,0,222,1325.72,0,331.43,Outerwear,0.4152249134948097,0,4,2.5,0,1
u-0832,2026-02-01,57,10,10,3,3,13,13,0,0,1,0,47,112,0,112,Shoes,0.5263157894736842,8,1,1,29,1
u-0833,2026-02-01,269,14,14,2,2,12,12,2,0,4,0,41,1111.84,0,277.96,Dresses,0.44609665427509293,9,3,3,28,0
u-0834,2026-02-01,270,18,18,1,1,1,0,0,0,5,0,106,1436.68,0,287.34,Accessories,0.5555555555555556,0,3,3,2,1
u-0835,2026-02-01,148,2,2,5,5,14,14,3,2,5,0,33,930.16,0,186.03,Shirts,1.0135135135135134,11,2,2.2,38,0
u-0836,2026-02-01,326,9,9,2,2,10,10,2,1,3,1,18,429,120,143,Shirts,0.2760736196319018,6,3,1.6666666666666667,26,0
u-0837,2026-02-01,231,185,185,0,0,0,0,0,0,1,0,229,208,0,208,Dresses,0.12987012987012986,0,1,2,0,1
u-0838,2026-02-01,331,121,121,0,0,0,0,0,0,4,0,174,577,0,144.25,Shirts,0.36253776435045315,0,4,1.75,0,1
u-0839,2026-02-01,174,42,42,0,0,0,0,0,0,5,0,48,1130.76,0,226.15,Sweaters,0.8620689655172414,0,3,2.6,0,1
u-0840,2026-02-01,94,3,3,4,4,13,13,4,3,3,2,3,569,353,189.67,Accessories,0.9574468085106383,11,2,2,39,0
u-0841,2026-02-01,322,8,8,3,3,10,10,1,1,6,1,27,1290.24,167,215.04,Jackets,0.5590062111801243,7,6,2.1666666666666665,26,1
u-0842,2026-02-01,28,2,2,5,5,17,16,3,0,2,2,6,371.04,371.04,185.52,Dresses,2,9,2,2,43,0
u-0843,2026-02-01,200,1,1,4,4,14,14,2,2,5,1,22,1109.32,266.8,221.86,Jackets,0.75,9,4,2.4,37,0
u-0844,2026-02-01,268,14,14,2,2,4,4,2,1,6,0,63,874,0,145.67,Accessories,0.6716417910447761,4,3,1.8333333333333333,13,0
u-0845,2026-02-01,192,87,87,0,0,0,0,0,0,2,0,157,441.6,0,220.8,Shirts,0.3125,0,1,3,0,1
u-0846,2026-02-01,66,5,5,2,2,2,2,1,0,1,0,60,194,0,194,Sweaters,0.45454545454545453,2,1,2,7,1
u-0847,2026-02-01,349,9,9,2,2,5,5,1,0,7,0,77,2745.36,0,392.19,Outerwear,0.6017191977077364,4,4,2.7142857142857144,13,0
u-0848,2026-02-01,175,1,1,6,6,23,23,2,3,11,0,30,2589.44,0,235.4,Shirts,1.885714285714286,12,4,2.8181818181818183,57,0
u-0849,2026-02-01,188,1,1,4,4,16,16,3,2,4,1,1,635,104,158.75,Dresses,0.6382978723404256,8,3,1.5,42,0
u-0850,2026-02-01,286,0,0,6,6,21,21,6,3,3,1,12,608.72,42,202.91,Shoes,0.3146853146853147,13,2,2,58,0
u-0851,2026-02-01,388,0,0,3,3,12,12,2,1,5,0,89,902.16,0,180.43,T-Shirts,0.3865979381443299,9,4,2.6,30,1
u-0852,2026-02-01,235,1,1,5,5,26,26,4,1,9,2,1,2110.6,391.04,234.51,Dresses,1.148936170212766,15,3,2.4444444444444446,64,0
u-0853,2026-02-01,331,82,82,0,0,0,0,0,0,9,0,82,1987.08,0,220.79,Sweaters,0.8157099697885196,0,6,2.2222222222222223,0,1
u-0854,2026-02-01,357,1,1,6,6,25,25,5,4,14,2,1,3238.92,334.24,231.35,Sweaters,1.1764705882352942,11,5,2.2857142857142856,67,0
u-0855,2026-02-01,165,45,45,0,0,0,0,0,0,3,0,84,210,0,70,T-Shirts,0.5454545454545454,0,2,1.3333333333333333,0,0
u-0856,2026-02-01,391,223,223,0,0,0,0,0,0,3,0,331,563,0,187.67,Jackets,0.23017902813299232,0,2,2,0,1
u-0857,2026-02-01,319,36,35,0,0,0,0,0,0,1,0,238,185,0,185,Outerwear,0.09404388714733543,0,1,1,0,1
u-0858,2026-02-01,314,194,194,0,0,0,0,0,0,1,0,307,224,0,224,Shoes,0.09554140127388534,0,1,2,0,0
u-0859,2026-02-01,269,5,5,3,3,12,12,3,1,7,1,14,1352.68,78,193.24,Shirts,0.7806691449814126,8,6,2.142857142857143,32,0
u-0860,2026-02-01,84,1,1,7,7,29,29,3,1,5,1,23,917.64,301.76,183.53,Shoes,1.7857142857142858,13,4,1.8,70,0
u-0861,2026-02-01,37,4,4,6,6,12,11,2,2,1,1,29,423.2,423.2,423.2,Shirts,0.8108108108108107,8,1,5,34,1
u-0862,2026-02-01,166,11,10,2,2,7,7,2,1,2,0,64,334,0,167,Jackets,0.3614457831325301,5,3,2,19,0
u-0863,2026-02-01,182,94,94,0,0,0,0,0,0,3,0,150,594.2,0,198.07,Trousers,0.4945054945054945,0,2,2.3333333333333335,0,1
u-0864,2026-02-01,112,6,5,5,5,20,20,6,1,3,2,11,377,192,125.67,T-Shirts,0.8035714285714286,8,3,2,54,0
u-0865,2026-02-01,224,43,43,0,0,0,0,0,0,4,0,134,868.08,0,217.02,Sweaters,0.5357142857142857,0,2,2.5,0,0
u-0866,2026-02-01,344,1,1,6,6,29,29,6,2,13,2,10,2937.84,198,225.99,Jackets,1.1337209302325582,13,4,2.4615384615384617,74,0
u-0867,2026-02-01,269,85,85,0,0,0,0,0,0,3,0,167,363,0,121,T-Shirts,0.3345724907063197,0,2,2,0,0
u-0868,2026-02-01,54,7,7,3,3,6,6,1,2,1,0,44,319.24,0,319.24,Shirts,0.5555555555555556,6,3,5,18,0
u-0869,2026-02-01,156,10,10,1,1,1,1,0,0,3,0,77,704.48,0,234.83,Shoes,0.5769230769230769,1,1,2,3,0
u-0870,2026-02-01,103,7,7,2,2,8,8,1,0,2,0,36,365.48,0,182.74,Trousers,0.5825242718446603,5,2,2,19,0
u-0871,2026-02-01,108,0,0,4,4,19,19,2,2,3,1,7,842.32,110,280.77,Sweaters,0.8333333333333333,10,2,3,47,1
u-0872,2026-02-01,160,2,2,7,7,34,34,4,4,5,2,13,1372.36,596.16,274.47,Accessories,0.9375,13,4,3.4,85,0
u-0873,2026-02-01,69,5,5,3,3,12,12,3,1,1,0,64,452.64,0,452.64,Accessories,0.4347826086956522,10,2,4,31,0
u-0874,2026-02-01,301,9,9,2,2,10,10,0,0,5,0,35,526,0,105.2,T-Shirts,0.4983388704318937,7,4,2,22,1
u-0875,2026-02-01,89,12,12,1,1,1,1,0,0,1,0,87,250.24,0,250.24,Trousers,0.33707865168539325,1,1,3,3,1
u-0876,2026-02-01,35,1,1,6,6,21,20,7,2,2,2,6,252,252,126,T-Shirts,1.7142857142857142,12,2,3.5,58,0
u-0877,2026-02-01,223,0,0,7,7,31,31,5,2,10,3,5,1860.16,559.08,186.02,Shirts,1.3452914798206277,13,5,2.3,79,0
u-0878,2026-02-01,250,1,1,4,4,17,17,6,0,9,2,1,1421.72,280,157.97,T-Shirts,1.0799999999999998,11,6,2.6666666666666665,46,0
u-0879,2026-02-01,82,2,2,4,4,18,18,2,2,2,0,44,280,0,140,Shoes,0.7317073170731707,12,1,1,44,0
u-0880,2026-02-01,299,63,63,0,0,0,0,0,0,2,0,107,720.36,0,360.18,Outerwear,0.20066889632107024,0,2,3,0,1
u-0881,2026-02-01,284,33,33,0,0,0,0,0,0,9,0,101,1727.04,0,191.89,Shirts,0.9507042253521126,0,3,2.3333333333333335,0,1
u-0882,2026-02-01,286,0,0,3,3,14,14,3,2,7,1,18,1823.04,364.32,260.43,Jackets,0.7342657342657343,10,3,2.857142857142857,37,0
u-0883,2026-02-01,377,6,6,2,2,2,2,0,0,7,1,20,1413.44,246,201.92,Sweaters,0.5570291777188329,2,5,2,7,0
u-0884,2026-02-01,163,7,7,2,2,6,6,1,1,4,0,33,947.16,0,236.79,Trousers,0.7361963190184049,5,3,2.75,16,0
u-0885,2026-02-01,346,188,188,0,0,0,0,0,0,4,0,188,802,0,200.5,Sweaters,0.3468208092485549,0,3,2.25,0,1
u-0886,2026-02-01,145,3,3,3,3,6,6,3,1,4,1,3,1001.28,96,250.32,Shirts,0.8275862068965518,6,2,3,20,0
u-0887,2026-02-01,28,4,4,4,4,12,11,3,1,1,1,17,246.56,246.56,246.56,Dresses,1,6,3,3,32,0
u-0888,2026-02-01,180,2,2,7,7,26,26,4,3,5,0,47,1386.36,0,277.27,Dresses,0.8333333333333334,15,6,2.8,66,0
u-0889,2026-02-01,299,3,3,4,4,20,20,2,3,6,1,11,1727.8,287.04,287.97,Dresses,0.6020066889632107,11,6,2.8333333333333335,50,0
u-0890,2026-02-01,340,0,0,7,7,28,28,5,3,11,1,22,1262.68,190,114.79,T-Shirts,0.9705882352941176,13,5,2.272727272727273,72,0
u-0891,2026-02-01,103,0,0,3,3,7,7,1,1,2,1,0,587.88,276,293.94,Accessories,0.5825242718446603,6,3,3.5,20,0
u-0892,2026-02-01,337,46,46,0,0,0,0,0,0,3,0,168,1005.44,0,335.15,Dresses,0.26706231454005935,0,2,3.3333333333333335,0,1
u-0893,2026-02-01,345,28,28,1,1,1,0,0,0,1,0,343,110,0,110,Sweaters,0.08695652173913043,0,1,1,2,1
u-0894,2026-02-01,115,2,2,4,4,20,20,3,1,3,0,54,767.04,0,255.68,Trousers,0.7826086956521738,12,3,3,48,0
u-0895,2026-02-01,333,257,257,0,0,0,0,0,0,1,0,330,364.32,0,364.32,Jackets,0.0900900900900901,0,1,4,0,1
u-0896,2026-02-01,25,7,7,3,3,8,7,3,0,1,1,19,680.8,680.8,680.8,Outerwear,1,7,1,4,22,0
u-0897,2026-02-01,169,3,3,3,3,13,13,0,0,3,0,63,341,0,113.67,Jackets,0.5325443786982248,9,3,1.3333333333333333,29,0
u-0898,2026-02-01,50,1,1,7,7,32,32,4,3,2,1,27,917.24,415.84,458.62,Accessories,1.2,14,3,4,79,0
u-0899,2026-02-01,318,31,31,0,0,0,0,0,0,6,0,123,1878.72,0,313.12,Dresses,0.5660377358490566,0,4,3.1666666666666665,0,1
u-0900,2026-02-01,272,3,3,5,5,19,19,1,3,8,1,3,1416.6,76,177.07,Sweaters,0.8823529411764706,13,3,2,48,0
u-0901,2026-02-01,117,6,6,4,4,17,17,1,1,5,0,34,771.04,0,154.21,Shirts,1.2820512820512822,10,3,2.2,40,0
u-0902,2026-02-01,17,2,2,4,4,12,11,4,0,1,1,10,78,78,78,Shirts,1,9,1,1,32,0
u-0903,2026-02-01,62,25,25,1,1,1,1,0,0,1,0,59,76,0,76,Shirts,0.48387096774193544,1,1,1,3,1
u-0904,2026-02-01,387,9,9,2,2,8,8,2,2,3,1,9,930.68,546.48,310.23,Jackets,0.23255813953488372,8,2,3.3333333333333335,23,0
u-0905,2026-02-01,164,2,2,4,4,11,11,1,2,5,0,36,691,0,138.2,Accessories,0.9146341463414634,8,3,1.6,29,0
u-0906,2026-02-01,166,1,1,4,4,16,16,2,2,2,0,90,695.6,0,347.8,Outerwear,0.3614457831325301,10,1,2,40,0
u-0907,2026-02-01,132,5,5,5,5,14,14,4,1,4,0,57,445,0,111.25,T-Shirts,0.9090909090909091,12,3,2,38,0
u-0908,2026-02-01,248,0,0,7,7,36,36,5,4,9,2,4,1391,456,154.56,Accessories,1.0887096774193548,14,3,1.6666666666666667,90,0
u-0909,2026-02-01,227,9,9,3,3,12,12,1,0,5,1,29,1285.68,224,257.14,Shoes,0.6607929515418502,8,3,2.4,29,0
u-0910,2026-02-01,247,79,79,0,0,0,0,0,0,3,0,156,1055.96,0,351.99,Dresses,0.3643724696356276,0,3,3.3333333333333335,0,1
u-0911,2026-02-01,172,112,112,0,0,0,0,0,0,1,0,164,224,0,224,Shoes,0.1744186046511628,0,1,2,0,1
u-0912,2026-02-01,286,25,25,1,1,1,1,0,0,6,0,42,1210.12,0,201.69,Dresses,0.6293706293706294,1,3,2.1666666666666665,3,0
u-0913,2026-02-01,141,4,4,3,3,15,15,3,1,4,1,4,919.2,279.68,229.8,Sweaters,0.851063829787234,10,3,2.75,38,0
u-0914,2026-02-01,163,117,117,0,0,0,0,0,0,1,0,155,293.48,0,293.48,Accessories,0.18404907975460122,0,3,3,0,1
u-0915,2026-02-01,226,11,11,2,2,5,5,2,2,5,1,11,1164.92,297.16,232.98,Trousers,0.6637168141592921,4,3,2.8,17,0
u-0916,2026-02-01,127,12,12,1,1,1,1,0,0,3,0,62,594.08,0,198.03,Sweaters,0.7086614173228346,1,3,2.6666666666666665,3,1
u-0917,2026-02-01,363,0,0,7,7,31,31,5,1,5,2,0,1385.48,264,277.1,Accessories,0.4132231404958678,14,4,3,77,0
u-0918,2026-02-01,302,217,217,0,0,0,0,0,0,5,0,230,1055.68,0,211.14,Trousers,0.49668874172185434,0,2,2.4,0,1
u-0919,2026-02-01,199,1,1,7,7,28,28,5,2,7,0,37,1967.4,0,281.06,Sweaters,1.0552763819095476,13,5,3.142857142857143,70,0
u-0920,2026-02-01,97,3,3,4,4,15,15,2,1,2,1,3,457.32,249.32,228.66,Trousers,0.6185567010309279,11,2,2.5,38,0
u-0921,2026-02-01,263,6,6,3,3,11,11,2,1,4,0,49,1052.68,0,263.17,Jackets,0.4562737642585551,11,4,3,28,0
u-0922,2026-02-01,76,5,5,4,4,12,12,3,2,2,1,14,680.8,340.4,340.4,Outerwear,0.7894736842105263,8,1,2,34,0
u-0923,2026-02-01,28,3,3,4,5,9,8,2,1,1,1,24,241.96,241.96,241.96,Outerwear,1,7,2,2,25,0
u-0924,2026-02-01,56,5,5,6,6,24,24,3,1,1,0,46,346.84,0,346.84,Trousers,0.5357142857142857,13,2,3,58,0
u-0925,2026-02-01,107,8,8,3,3,13,13,4,0,4,2,8,925.32,490.36,231.33,Sweaters,1.1214953271028036,8,4,2.75,35,0
u-0926,2026-02-01,140,4,4,3,3,11,11,3,0,4,1,4,618.12,154,154.53,T-Shirts,0.8571428571428571,7,4,2.25,29,0
u-0927,2026-02-01,65,1,1,8,8,29,29,5,2,2,0,56,427.68,0,213.84,Outerwear,0.9230769230769231,15,3,2,73,0
u-0928,2026-02-01,60,5,5,3,3,10,10,3,3,2,1,14,513.48,293.48,256.74,Sweaters,1,8,2,2.5,30,0
u-0929,2026-02-01,325,28,28,1,1,1,1,1,0,8,0,91,2104.52,0,263.06,Jackets,0.7384615384615384,1,6,2.5,4,1
u-0930,2026-02-01,182,94,93,0,0,0,0,0,0,1,0,171,84,0,84,Sweaters,0.16483516483516483,0,1,1,0,1
u-0931,2026-02-01,265,1,1,6,6,30,30,3,2,9,2,1,1933.8,408,214.87,Shirts,1.0188679245283019,15,5,2.3333333333333335,73,0
u-0932,2026-02-01,353,0,0,8,8,29,29,4,2,10,1,28,2074.12,267.72,207.41,Jackets,0.8498583569405098,14,9,2.2,73,0
u-0933,2026-02-01,158,1,1,8,8,26,26,2,4,4,1,11,1079.92,276,269.98,Shoes,0.759493670886076,13,4,2.75,67,0
u-0934,2026-02-01,50,0,0,9,9,35,35,4,3,1,0,43,102,0,102,T-Shirts,0.6,15,1,3,86,0
u-0935,2026-02-01,346,8,8,2,2,10,10,3,1,5,1,20,1151.44,194,230.29,Sweaters,0.43352601156069365,9,3,2.4,27,1
u-0936,2026-02-01,176,3,3,7,7,31,31,4,3,6,1,13,1131.64,268.64,188.61,Shirts,1.0227272727272727,14,2,2.5,77,1
u-0937,2026-02-01,302,4,4,4,4,17,17,4,1,7,1,24,1851.36,258.52,264.48,Sweaters,0.695364238410596,12,7,2.857142857142857,44,0
u-0938,2026-02-01,260,186,186,0,0,0,0,0,0,1,0,253,412.16,0,412.16,Accessories,0.11538461538461539,0,2,4,0,1
u-0939,2026-02-01,148,2,2,4,4,15,15,4,1,6,2,18,1713.16,644,285.53,Dresses,1.2162162162162162,10,6,2.8333333333333335,41,0
u-0940,2026-02-01,146,4,4,2,2,2,2,1,0,5,0,69,1142.96,0,228.59,Trousers,1.0273972602739727,2,1,2.6,7,0
u-0941,2026-02-01,198,5,5,4,4,13,13,1,1,5,0,34,1423.16,0,284.63,Shoes,0.7575757575757576,7,5,2.6,32,1
u-0942,2026-02-01,362,1,1,8,8,30,30,4,3,8,0,35,3392.6,0,424.07,Outerwear,0.6629834254143646,12,5,2.875,75,0
u-0943,2026-02-01,89,7,7,2,2,6,6,2,1,2,0,55,473.12,0,236.56,Trousers,0.6741573033707865,5,2,2.5,17,1
u-0944,2026-02-01,379,10,10,3,3,8,8,2,0,8,1,24,1313.8,92,164.22,Shirts,0.633245382585752,7,4,1.875,22,0
u-0945,2026-02-01,97,5,5,2,2,6,6,1,1,5,1,12,1097.52,136,219.5,Shirts,1.5463917525773196,6,6,2.2,17,0
u-0946,2026-02-01,187,103,103,0,0,0,0,0,0,1,0,183,56,0,56,Accessories,0.16042780748663102,0,1,1,0,1
u-0947,2026-02-01,292,3,3,3,3,9,9,2,1,10,1,20,1653.76,92,165.38,Trousers,1.0273972602739727,6,5,1.8,25,0
u-0948,2026-02-01,158,1,1,5,5,22,22,4,1,4,1,16,615.64,195,153.91,Jackets,0.759493670886076,12,4,1.75,55,0
u-0949,2026-02-01,105,6,6,2,2,7,7,1,0,2,0,32,855.6,0,427.8,Outerwear,0.5714285714285714,6,3,3,17,0
u-0950,2026-02-01,145,82,82,0,0,0,0,0,0,1,0,141,246,0,246,Shirts,0.20689655172413796,0,2,3,0,0
u-0951,2026-02-01,163,0,0,5,5,21,21,4,1,6,2,6,1745.24,521.64,290.87,Trousers,1.1042944785276072,10,6,3.3333333333333335,54,0
u-0952,2026-02-01,105,1,1,5,5,20,20,2,2,3,1,1,412,102,137.33,T-Shirts,0.8571428571428571,14,3,2.6666666666666665,50,1
u-0953,2026-02-01,375,6,6,4,4,20,20,3,1,4,1,11,925.16,283.36,231.29,Jackets,0.32,12,3,2.5,49,0
u-0954,2026-02-01,319,2,2,3,3,11,11,2,2,3,1,21,965.08,274.16,321.69,Trousers,0.2821316614420063,8,2,4,30,0
u-0955,2026-02-01,193,8,8,4,4,16,16,4,3,5,2,23,553,141,110.6,Trousers,0.7772020725388601,12,5,1.4,45,0
u-0956,2026-02-01,35,5,5,3,3,5,4,2,0,1,1,25,96,96,96,Accessories,0.8571428571428571,4,1,2,15,0
u-0957,2026-02-01,40,4,4,4,4,11,11,2,1,1,0,36,239,0,239,Trousers,0.75,8,2,3,29,0
u-0958,2026-02-01,392,18,18,1,1,1,1,0,0,8,0,32,1525.76,0,190.72,Trousers,0.6122448979591837,1,5,2.125,3,1
u-0959,2026-02-01,256,45,45,0,0,0,0,0,0,2,0,214,708.4,0,354.2,Sweaters,0.234375,0,1,3.5,0,1
u-0960,2026-02-01,162,3,3,6,6,21,21,2,5,4,1,23,687.52,96,171.88,Accessories,0.7407407407407407,14,3,2.25,56,0
u-0961,2026-02-01,319,143,143,0,0,0,0,0,0,2,0,241,1077.32,0,538.66,Outerwear,0.18808777429467086,0,4,4,0,1
u-0962,2026-02-01,363,6,6,3,3,13,13,2,2,10,1,28,1974.36,76,197.44,Jackets,0.8264462809917356,8,5,2.4,34,0
u-0963,2026-02-01,219,41,41,0,0,0,0,0,0,1,0,216,56,0,56,Accessories,0.136986301369863,0,1,1,0,1
u-0964,2026-02-01,393,151,151,0,0,0,0,0,0,3,0,229,464,0,154.67,T-Shirts,0.22900763358778625,0,2,3.3333333333333335,0,1
u-0965,2026-02-01,264,61,61,0,0,0,0,0,0,2,0,218,381.52,0,190.76,Shirts,0.22727272727272727,0,2,3,0,1
u-0966,2026-02-01,80,67,67,0,0,0,0,0,0,1,0,72,293.48,0,293.48,Shoes,0.375,0,2,3,0,1
u-0967,2026-02-01,208,89,89,0,0,0,0,0,0,1,0,203,303.6,0,303.6,Trousers,0.14423076923076922,0,2,3,0,1
u-0968,2026-02-01,27,10,10,3,4,6,5,2,1,1,1,22,99,99,99,Jackets,1,5,1,1,18,0
u-0969,2026-02-01,49,5,5,3,3,8,8,2,0,1,0,47,242,0,242,Dresses,0.6122448979591837,7,2,3,21,0
u-0970,2026-02-01,395,163,163,0,0,0,0,0,0,3,0,295,761.84,0,253.95,Shirts,0.2278481012658228,0,3,3,0,1
u-0971,2026-02-01,367,41,41,0,0,0,0,0,0,3,0,270,710.24,0,236.75,Jackets,0.2452316076294278,0,2,2.3333333333333335,0,1
u-0972,2026-02-01,394,174,174,0,0,0,0,0,0,5,0,247,969.64,0,193.93,Trousers,0.3807106598984772,0,3,2.4,0,0
u-0973,2026-02-01,395,9,9,1,1,1,1,0,0,6,0,90,2970.76,0,495.13,Outerwear,0.4556962025316456,1,2,3.1666666666666665,3,1
u-0974,2026-02-01,226,5,5,3,3,8,8,3,0,7,1,5,1465.12,104,209.3,Dresses,0.9292035398230089,7,3,2.142857142857143,23,0
u-0975,2026-02-01,48,5,5,3,3,10,10,0,1,1,0,38,185,0,185,Outerwear,0.625,7,1,1,24,0
u-0976,2026-02-01,381,4,4,3,3,14,14,3,2,7,0,33,1566.76,0,223.82,Accessories,0.5511811023622047,10,6,2.5714285714285716,36,0
u-0977,2026-02-01,41,4,4,4,4,20,20,0,1,1,0,34,208,0,208,Dresses,0.7317073170731707,10,1,2,45,0
u-0978,2026-02-01,17,1,1,4,4,6,5,3,1,1,1,9,208,208,208,Dresses,1,5,1,2,20,0
u-0979,2026-02-01,346,5,5,3,3,15,15,3,2,5,1,5,1019.48,244.72,203.9,Accessories,0.43352601156069365,12,7,2.4,39,0
u-0980,2026-02-01,324,31,31,0,0,0,0,0,0,5,0,126,715,0,143,T-Shirts,0.4629629629629629,0,4,2.8,0,0
u-0981,2026-02-01,322,3,3,3,3,11,11,3,2,7,1,3,1254.2,96,179.17,Accessories,0.6521739130434783,9,5,1.8571428571428572,31,0
u-0982,2026-02-01,33,2,2,5,5,13,13,5,1,2,1,2,655.2,515.2,327.6,Shoes,1.8181818181818181,10,1,2.5,38,0
u-0983,2026-02-01,329,79,79,0,0,0,0,0,0,6,0,156,1369.6,0,228.27,Shirts,0.547112462006079,0,3,2.6666666666666665,0,1
u-0984,2026-02-01,280,14,14,2,2,6,6,2,1,5,0,37,1367.04,0,273.41,Jackets,0.5357142857142857,5,2,3,17,1
u-0985,2026-02-01,382,23,23,1,1,1,1,0,0,5,0,110,1113.88,0,222.78,Accessories,0.39267015706806285,1,3,2.6,3,1
u-0986,2026-02-01,115,72,72,0,0,0,0,0,0,1,0,108,230.92,0,230.92,Trousers,0.2608695652173913,0,2,3,0,1
u-0987,2026-02-01,220,95,94,0,0,0,0,0,0,3,0,131,593.92,0,197.97,Shirts,0.4090909090909091,0,2,2.3333333333333335,0,0
u-0988,2026-02-01,77,6,6,3,3,10,10,2,1,2,0,58,602.6,0,301.3,Outerwear,0.7792207792207791,9,2,2,26,0
u-0989,2026-02-01,72,0,0,3,3,15,15,3,2,3,2,0,587.36,235,195.79,Trousers,1.25,8,2,2,40,0
u-0990,2026-02-01,135,102,102,0,0,0,0,0,0,2,0,102,356.6,0,178.3,Shoes,0.4444444444444444,0,2,1.5,0,0
u-0991,2026-02-01,79,6,6,3,3,13,13,2,0,3,1,6,790.36,287.04,263.45,Dresses,1.139240506329114,10,4,2.6666666666666665,32,0
u-0992,2026-02-01,329,219,219,0,0,0,0,0,0,2,0,311,520.8,0,260.4,Shoes,0.182370820668693,0,3,3,0,1
u-0993,2026-02-01,158,74,74,0,0,0,0,0,0,1,0,148,156,0,156,Shirts,0.189873417721519,0,2,2,0,0
u-0994,2026-02-01,127,40,40,0,0,0,0,0,0,1,0,122,42,0,42,T-Shirts,0.23622047244094488,0,1,1,0,1
u-0995,2026-02-01,60,3,3,3,3,16,16,2,1,1,0,52,194,0,194,Sweaters,0.5,10,1,2,38,0
u-0996,2026-02-01,84,1,1,3,3,15,15,4,1,4,2,1,869.52,557.52,217.38,Dresses,1.4285714285714286,10,2,2.25,40,0
u-0997,2026-02-01,171,73,73,0,0,0,0,0,0,1,0,166,198,0,198,Sweaters,0.17543859649122806,0,2,2,0,0
u-0998,2026-02-01,310,2,2,3,3,13,13,2,0,9,1,22,1422.76,144,158.08,T-Shirts,0.8709677419354839,9,5,2.5555555555555554,32,1
u-0999,2026-02-01,301,5,5,4,4,13,13,5,3,8,2,14,2847.56,852.84,355.94,Outerwear,0.7973421926910299,8,5,2.875,40,0
u-1000,2026-02-01,213,52,52,0,0,0,0,0,0,3,0,148,478,0,159.33,Shirts,0.4225352112676057,0,3,2,0,1
u-1001,2026-02-01,375,142,142,0,0,0,0,0,0,3,0,298,321,0,107,Accessories,0.24,0,3,1.3333333333333333,0,1
u-1002,2026-02-01,285,6,6,2,2,2,2,2,0,7,0,79,655,0,93.57,T-Shirts,0.7368421052631579,1,4,2,8,1
u-1003,2026-02-01,32,3,3,3,3,6,5,4,0,1,1,23,249.32,249.32,249.32,Trousers,0.9375,5,1,3,19,0
u-1004,2026-02-01,177,16,16,1,1,1,1,1,0,5,0,87,1072.72,0,214.54,Sweaters,0.847457627118644,1,4,2.2,4,1
u-1005,2026-02-01,273,206,206,0,0,0,0,0,0,2,0,206,179,0,89.5,Sweaters,0.21978021978021978,0,2,1,0,1
u-1006,2026-02-01,84,9,9,1,1,1,1,1,0,2,0,55,695.6,0,347.8,Outerwear,0.7142857142857143,1,1,2,4,1
u-1007,2026-02-01,375,6,6,3,3,12,12,2,2,4,1,6,1144.08,297.16,286.02,Shoes,0.32,8,4,2.75,32,0
u-1008,2026-02-01,139,6,6,3,3,9,9,2,1,4,1,16,608,168,152,Accessories,0.8633093525179856,7,1,2,25,0
u-1009,2026-02-01,35,1,1,4,4,11,10,4,3,1,1,25,152,152,152,Shirts,0.8571428571428571,7,2,2,33,0
u-1010,2026-02-01,385,44,44,0,0,0,0,0,0,7,0,108,1118.28,0,159.75,Accessories,0.5454545454545454,0,3,2.142857142857143,0,0
u-1011,2026-02-01,266,5,5,4,4,6,6,1,0,9,1,22,1921.2,84,213.47,Sweaters,1.0150375939849623,5,3,2.2222222222222223,18,1
u-1012,2026-02-01,378,5,5,2,2,8,8,1,0,5,1,19,1403.72,333.04,280.74,Shoes,0.39682539682539686,6,6,3,20,0
u-1013,2026-02-01,84,15,15,1,1,1,1,1,0,2,0,69,396.16,0,198.08,Jackets,0.7142857142857143,1,2,2,4,0
u-1014,2026-02-01,317,3,3,6,6,31,31,3,2,5,0,38,1053.72,0,210.74,Shirts,0.47318611987381703,13,4,2.2,73,0
u-1015,2026-02-01,264,20,20,1,1,1,1,0,0,4,0,131,957.04,0,239.26,Trousers,0.45454545454545453,1,3,2.5,3,1
u-1016,2026-02-01,186,64,64,0,0,0,0,0,0,3,0,118,343,0,114.33,Accessories,0.48387096774193544,0,3,1.6666666666666667,0,1
u-1017,2026-02-01,356,6,6,2,2,10,10,3,0,9,1,6,1568.88,56,174.32,Accessories,0.7584269662921348,7,5,2.2222222222222223,26,0
u-1018,2026-02-01,101,2,2,6,6,24,24,2,1,4,1,5,1553.04,208,388.26,Shoes,1.188118811881188,13,3,3.25,58,0
u-1019,2026-02-01,170,2,2,7,7,27,27,6,1,7,2,7,1563.68,208,223.38,Dresses,1.2352941176470587,13,3,2.2857142857142856,70,0
u-1020,2026-02-01,131,10,10,2,2,5,5,2,1,2,0,44,707.92,0,353.96,Shoes,0.45801526717557256,4,4,4,15,0
u-1021,2026-02-01,321,8,8,2,2,10,10,0,0,4,0,47,928.88,0,232.22,Sweaters,0.3738317757009346,6,5,2.5,22,0
u-1022,2026-02-01,395,6,6,4,4,19,19,3,1,11,1,15,2777.72,194,252.52,Sweaters,0.8354430379746836,10,7,3,47,0
u-1023,2026-02-01,209,1,1,4,4,10,10,1,1,3,1,18,738.6,185,246.2,Outerwear,0.43062200956937796,8,3,1.6666666666666667,27,0
u-1024,2026-02-01,355,5,5,2,2,6,6,1,0,6,1,18,1613.52,198,268.92,Jackets,0.5070422535211268,5,6,3,16,0
u-1025,2026-02-01,56,6,6,4,4,15,15,2,0,2,0,44,342,0,171,T-Shirts,1.0714285714285714,12,3,3.5,36,0
u-1026,2026-02-01,301,6,6,5,5,17,17,5,3,8,1,24,3532.92,371.68,441.61,Outerwear,0.7973421926910299,11,6,3.125,48,0
u-1027,2026-02-01,237,54,54,0,0,0,0,0,0,5,0,72,1556.44,0,311.29,Jackets,0.6329113924050632,0,3,3.4,0,1
u-1028,2026-02-01,169,9,9,2,2,9,9,1,0,4,0,47,1072.04,0,268.01,Trousers,0.7100591715976331,6,4,3,21,0
u-1029,2026-02-01,183,3,3,1,1,1,1,0,0,2,0,115,252,0,126,T-Shirts,0.3278688524590164,1,2,3.5,3,0
u-1030,2026-02-01,278,7,7,4,4,12,12,2,1,10,2,10,3533.12,342.48,353.31,Outerwear,1.079136690647482,8,5,2.3,33,1
u-1031,2026-02-01,193,5,5,9,9,32,32,6,3,5,1,5,1962.36,258.52,392.47,Outerwear,0.7772020725388601,12,4,2.8,83,1
u-1032,2026-02-01,395,130,130,0,0,0,0,0,0,2,0,362,370,0,185,Outerwear,0.1518987341772152,0,1,1,0,1
u-1033,2026-02-01,275,2,2,3,3,13,13,1,1,6,0,53,1183.64,0,197.27,Accessories,0.6545454545454545,9,5,2,31,0
u-1034,2026-02-01,165,5,5,3,3,14,14,4,2,4,2,5,498,320,124.5,T-Shirts,0.7272727272727273,9,2,2.25,39,0
u-1035,2026-02-01,308,258,258,0,0,0,0,0,0,1,0,305,242,0,242,Accessories,0.0974025974025974,0,3,5,0,1
u-1036,2026-02-01,394,9,9,2,2,6,6,1,1,12,1,9,2593.32,364.32,216.11,Jackets,0.9137055837563453,5,5,2.4166666666666665,17,0
u-1037,2026-02-01,341,8,8,1,1,1,1,0,0,5,0,116,916.24,0,183.25,Shirts,0.4398826979472141,1,2,2.6,3,1
u-1038,2026-02-01,231,18,18,2,2,8,8,3,1,9,2,18,2602.4,480.48,289.16,Outerwear,1.1688311688311688,8,4,2.2222222222222223,24,1
u-1039,2026-02-01,89,3,3,2,2,8,8,1,0,1,0,82,309.12,0,309.12,Shoes,0.33707865168539325,7,1,3,19,0
u-1040,2026-02-01,330,3,3,4,4,13,13,1,1,5,0,47,1001.68,0,200.34,Sweaters,0.45454545454545453,9,2,2,32,0
u-1041,2026-02-01,164,2,2,4,4,6,6,0,0,2,1,7,256,154,128,T-Shirts,0.36585365853658536,5,2,2.5,17,0
u-1042,2026-02-01,38,5,5,3,3,14,14,1,2,1,0,35,455.4,0,455.4,Jackets,0.7894736842105263,9,1,5,34,0
u-1043,2026-02-01,99,0,0,4,4,11,11,0,2,2,0,43,347.12,0,173.56,T-Shirts,0.6060606060606061,7,3,3,28,0
u-1044,2026-02-01,326,1,1,9,9,33,33,6,5,10,1,28,2225.28,120,222.53,Accessories,0.920245398773006,14,2,2.3,87,0
u-1045,2026-02-01,310,69,69,0,0,0,0,0,0,4,0,187,531,0,132.75,Shirts,0.3870967741935484,0,2,1.75,0,1
u-1046,2026-02-01,344,81,81,0,0,0,0,0,0,4,0,251,894.04,0,223.51,Accessories,0.3488372093023256,0,4,2.75,0,1
u-1047,2026-02-01,326,39,39,0,0,0,0,0,0,5,0,184,1967.88,0,393.58,Outerwear,0.460122699386503,0,4,2.8,0,1
u-1048,2026-02-01,96,4,4,3,3,13,13,2,1,2,0,46,378.68,0,189.34,Sweaters,0.625,9,2,2,32,0
u-1049,2026-02-01,187,2,2,4,4,16,16,4,3,7,1,27,2004.68,56,286.38,Outerwear,1.1229946524064172,11,4,2,44,0
u-1050,2026-02-01,255,3,2,4,4,13,13,2,1,6,0,43,1653.32,0,275.55,Shoes,0.7058823529411765,11,4,2.6666666666666665,33,0
u-1051,2026-02-01,169,24,24,1,1,1,1,0,0,2,0,122,714.84,0,357.42,Trousers,0.35502958579881655,1,3,4,3,1
u-1052,2026-02-01,212,5,5,3,3,14,14,2,2,4,0,56,874.04,0,218.51,Dresses,0.5660377358490566,11,3,2.25,35,0
u-1053,2026-02-01,137,11,11,2,2,10,10,1,0,4,0,32,971.84,0,242.96,Shirts,0.8759124087591241,9,4,2.75,23,0
u-1054,2026-02-01,317,3,3,3,3,13,13,2,1,7,1,14,1641,42,234.43,Trousers,0.6624605678233438,9,4,2.7142857142857144,33,0
u-1055,2026-02-01,186,8,8,3,3,11,11,3,0,4,0,52,768.24,0,192.06,Jackets,0.6451612903225806,9,1,2,28,0
u-1056,2026-02-01,46,3,3,8,8,35,35,5,4,2,1,19,551.08,273.24,275.54,Jackets,1.3043478260869565,15,2,3,88,0
u-1057,2026-02-01,366,2,2,2,2,2,2,1,0,9,0,98,1702.48,0,189.16,Sweaters,0.7377049180327869,2,2,2,7,1
u-1058,2026-02-01,133,22,22,1,1,1,1,1,0,3,0,110,246,0,82,T-Shirts,0.6766917293233082,1,1,2.3333333333333335,4,0
u-1059,2026-02-01,186,55,55,0,0,0,0,0,0,3,0,106,715.48,0,238.49,Trousers,0.48387096774193544,0,2,2.6666666666666665,0,1
u-1060,2026-02-01,202,115,115,0,0,0,0,0,0,1,0,200,99,0,99,Jackets,0.1485148514851485,0,1,1,0,1
u-1061,2026-02-01,141,3,3,3,3,12,12,1,1,2,0,47,574.56,0,287.28,Sweaters,0.425531914893617,8,3,3,29,0
u-1062,2026-02-01,340,236,236,0,0,0,0,0,0,2,0,279,405.76,0,202.88,Dresses,0.1764705882352941,0,2,2,0,1
u-1063,2026-02-01,323,0,0,5,5,25,25,5,1,6,1,19,2585.36,776.48,430.89,Outerwear,0.5572755417956656,12,3,2.6666666666666665,62,0
u-1064,2026-02-01,374,200,200,0,0,0,0,0,0,3,0,255,471.24,0,157.08,Jackets,0.24064171122994651,0,1,1.6666666666666667,0,1
u-1065,2026-02-01,271,177,177,0,0,0,0,0,0,1,0,269,313.72,0,313.72,Shirts,0.11070110701107011,0,2,3,0,1
u-1066,2026-02-01,147,11,11,1,1,1,1,0,0,2,0,78,416.4,0,208.2,T-Shirts,0.4081632653061224,1,2,2,3,0
u-1067,2026-02-01,184,0,0,3,3,15,15,1,1,5,0,46,1424.36,0,284.87,Outerwear,0.8152173913043478,10,3,2,35,0
u-1068,2026-02-01,149,97,97,0,0,0,0,0,0,1,0,139,129,0,129,T-Shirts,0.20134228187919462,0,2,2,0,1
u-1069,2026-02-01,19,0,0,6,6,21,20,3,0,1,1,14,168,168,168,Accessories,1,11,1,2,51,0
u-1070,2026-02-01,350,147,147,0,0,0,0,0,0,4,0,211,854.8,0,213.7,Outerwear,0.34285714285714286,0,3,1.75,0,0
u-1071,2026-02-01,251,2,2,3,3,9,9,0,3,3,0,75,617.92,0,205.97,Trousers,0.3585657370517928,7,2,2,24,0
u-1072,2026-02-01,59,2,2,6,6,24,24,2,2,2,1,2,344.32,95,172.16,Trousers,1.0169491525423728,13,1,2,59,0
u-1073,2026-02-01,159,17,17,1,1,1,1,0,0,8,0,41,997,0,124.63,T-Shirts,1.509433962264151,1,5,2.375,3,0
u-1074,2026-02-01,242,183,183,0,0,0,0,0,0,1,0,238,178,0,178,T-Shirts,0.12396694214876033,0,2,3,0,1
u-1075,2026-02-01,61,5,5,7,7,23,23,2,4,2,0,35,506.48,0,253.24,Accessories,0.9836065573770493,14,4,2.5,59,0
u-1076,2026-02-01,243,58,58,0,0,0,0,0,0,4,0,98,753.36,0,188.34,Shoes,0.4938271604938272,0,3,1.75,0,1
u-1077,2026-02-01,66,4,4,3,3,15,15,3,2,2,1,4,152,76,76,T-Shirts,0.9090909090909091,11,1,2,39,0
u-1078,2026-02-01,226,3,3,2,2,10,10,1,0,7,1,3,1794.48,371.68,256.35,Dresses,0.9292035398230089,7,6,2.7142857142857144,24,0
u-1079,2026-02-01,65,13,13,2,2,3,3,0,0,1,0,59,290.72,0,290.72,Shirts,0.46153846153846156,2,1,4,8,1
u-1080,2026-02-01,43,1,1,4,4,16,16,2,2,1,0,39,120,0,120,Accessories,0.6976744186046512,11,1,1,40,0
u-1081,2026-02-01,54,1,1,4,4,12,12,4,2,2,1,9,563.04,253.92,281.52,Shirts,1.1111111111111112,9,3,4,35,0
u-1082,2026-02-01,271,4,4,8,8,32,32,5,3,9,0,48,2129.52,0,236.61,Trousers,0.996309963099631,14,4,2.7777777777777777,80,0
u-1083,2026-02-01,212,52,52,0,0,0,0,0,0,1,0,202,232,0,232,Accessories,0.14150943396226415,0,2,4,0,0
u-1085,2026-02-01,229,23,23,1,1,1,1,0,0,6,0,69,1426.84,0,237.81,Trousers,0.7860262008733624,1,4,2.5,3,1
u-1086,2026-02-01,299,79,79,0,0,0,0,0,0,4,0,205,933.04,0,233.26,Trousers,0.4013377926421405,0,3,2.5,0,1
u-1087,2026-02-01,138,0,0,6,6,25,25,7,2,5,2,16,847.04,316,169.41,Shirts,1.0869565217391306,12,1,2.2,67,0
u-1088,2026-02-01,264,9,9,2,2,6,6,2,0,6,0,41,1528.68,0,254.78,Trousers,0.6818181818181818,6,5,2.8333333333333335,16,0
u-1089,2026-02-01,30,6,6,3,4,13,12,3,2,1,1,22,239.2,239.2,239.2,Trousers,1,9,2,3,34,0
u-1090,2026-02-01,172,0,0,1,1,1,1,1,0,2,0,135,865.8,0,432.9,Outerwear,0.3488372093023256,1,1,2.5,4,0
u-1091,2026-02-01,247,159,159,0,0,0,0,0,0,3,0,164,416,0,138.67,Accessories,0.3643724696356276,0,2,2,0,0
u-1092,2026-02-01,310,1,1,4,4,11,11,3,1,6,0,41,1895.08,0,315.85,Sweaters,0.5806451612903225,9,3,3.5,30,0
u-1093,2026-02-01,202,3,3,3,3,8,8,3,1,4,1,12,2138.16,421.36,534.54,Outerwear,0.594059405940594,5,2,3.25,24,0
u-1094,2026-02-01,313,1,1,4,4,18,18,3,1,10,1,9,2256.76,104,225.68,Dresses,0.9584664536741214,10,4,2.2,45,0
u-1095,2026-02-01,135,45,45,0,0,0,0,0,0,3,0,69,545.92,0,181.97,Shirts,0.6666666666666666,0,1,2.3333333333333335,0,0
u-1096,2026-02-01,161,12,12,2,2,6,6,0,1,2,0,86,352,0,176,Jackets,0.3726708074534162,4,3,1.5,15,0
u-1097,2026-02-01,107,16,16,2,2,5,5,2,1,5,1,26,956.12,99,191.22,Jackets,1.4018691588785046,5,2,2,16,0
u-1098,2026-02-01,42,7,7,3,3,16,16,4,0,3,2,7,796.8,611.8,265.6,Outerwear,2.142857142857143,8,2,1.6666666666666667,41,1
u-1099,2026-02-01,276,119,119,0,0,0,0,0,0,2,0,224,526.48,0,263.24,Trousers,0.2173913043478261,0,3,2.5,0,1
u-1100,2026-02-01,385,193,193,0,0,0,0,0,0,3,0,314,360,0,120,Dresses,0.23376623376623376,0,3,1.3333333333333333,0,0
u-0001,2026-03-01,196,54,54,0,0,0,0,0,0,3,0,62,489,0,163,Sweaters,0.45918367346938777,0,3,1.6666666666666667,0,0
u-0002,2026-03-01,78,3,3,3,3,7,7,2,1,3,1,29,850.16,92,283.39,Outerwear,1.1538461538461537,5,2,2,21,0
u-0003,2026-03-01,264,12,12,2,2,9,9,2,1,4,0,66,719.04,0,179.76,Dresses,0.45454545454545453,7,2,1.75,23,0
u-0004,2026-03-01,230,1,1,4,4,14,14,3,2,7,0,32,1436.32,0,205.19,Dresses,0.9130434782608695,9,5,2.2857142857142856,37,0
u-0005,2026-03-01,144,5,4,4,4,13,13,1,2,4,0,36,673.96,0,168.49,Accessories,0.8333333333333334,9,2,1.75,33,1
u-0006,2026-03-01,107,7,7,3,3,13,13,3,1,4,2,17,1257.44,400,314.36,Accessories,1.1214953271028036,8,3,3,35,1
u-0007,2026-03-01,276,3,3,3,3,15,15,1,2,5,0,36,501,0,100.2,T-Shirts,0.5434782608695653,9,4,2,36,0
u-0008,2026-03-01,51,4,4,8,8,31,31,7,3,4,2,19,541.92,329.92,135.48,Shirts,2.3529411764705883,13,2,1.75,82,0
u-0009,2026-03-01,210,1,1,3,3,10,10,2,1,6,0,33,1476.48,0,246.08,Shirts,0.8571428571428571,7,4,2.5,26,0
u-0010,2026-03-01,322,18,18,1,1,1,1,1,0,4,0,134,1518,0,379.5,Outerwear,0.3726708074534162,1,5,3,4,0
u-0011,2026-03-01,403,3,3,3,3,14,14,0,2,5,0,49,1333.92,0,266.78,Sweaters,0.37220843672456577,9,4,2.8,33,0
u-0012,2026-03-01,353,1,1,4,4,16,16,2,1,7,0,40,1866.56,0,266.65,Shoes,0.5949008498583569,8,3,2.5714285714285716,39,0
u-0013,2026-03-01,406,70,70,0,0,0,0,0,0,3,0,308,1206.2,0,402.07,Outerwear,0.22167487684729065,0,1,2.3333333333333335,0,0
u-0014,2026-03-01,348,1,1,1,1,6,6,1,0,1,0,342,246,0,246,Jackets,0.08620689655172414,5,2,3,14,0
u-0015,2026-03-01,100,10,10,2,2,9,9,2,0,3,1,22,1359.4,510.6,453.13,Outerwear,0.8999999999999999,9,2,3,23,0
u-0016,2026-03-01,389,161,161,0,0,0,0,0,0,4,0,170,646.32,0,161.58,Jackets,0.30848329048843187,0,2,1.75,0,1
u-0017,2026-03-01,166,94,94,0,0,0,0,0,0,1,0,158,293.48,0,293.48,Shoes,0.18072289156626506,0,2,3,0,1
u-0018,2026-03-01,191,5,5,3,3,10,10,1,1,4,0,91,556,0,139,Jackets,0.6282722513089005,9,2,1.5,25,0
u-0019,2026-03-01,52,3,3,6,6,18,18,5,1,2,0,44,395.28,0,197.64,Trousers,1.1538461538461537,11,3,2.5,48,0
u-0020,2026-03-01,369,2,2,2,2,6,6,3,0,5,1,10,1148.48,140,229.7,Jackets,0.4065040650406504,5,5,2.2,18,0
u-0021,2026-03-01,46,4,4,3,3,13,13,0,0,1,0,44,126,0,126,Accessories,0.6521739130434783,7,2,2,29,0
u-0022,2026-03-01,269,122,122,0,0,0,0,0,0,2,0,166,214,0,107,Dresses,0.22304832713754646,0,2,1,0,1
u-0023,2026-03-01,249,6,6,5,5,16,16,2,2,8,1,22,3171.36,231.84,396.42,Shoes,0.9638554216867469,8,5,3.75,42,0
u-0024,2026-03-01,213,11,11,2,2,3,3,1,1,5,0,31,1299.6,0,259.92,Dresses,0.7042253521126761,3,4,2.6,10,0
u-0025,2026-03-01,288,7,7,3,3,9,9,3,0,6,1,19,1742.32,503.24,290.39,Jackets,0.625,8,5,2.8333333333333335,25,1
u-0026,2026-03-01,408,28,28,1,1,5,5,1,0,11,0,52,2426.48,0,220.59,Trousers,0.8088235294117647,5,5,2.4545454545454546,12,0
u-0027,2026-03-01,143,6,6,4,4,18,18,1,2,3,0,33,452,0,150.67,T-Shirts,0.6293706293706294,10,4,2.3333333333333335,43,0
u-0028,2026-03-01,414,377,377,0,0,0,0,0,0,2,0,377,444.96,0,222.48,T-Shirts,0.14492753623188406,0,2,2.5,0,0
u-0029,2026-03-01,111,8,8,3,3,9,9,1,1,2,1,19,398.08,252.08,199.04,Trousers,0.5405405405405405,8,3,2.5,24,0
u-0030,2026-03-01,68,0,0,6,6,22,22,4,3,3,1,12,922.84,272.32,307.61,Dresses,1.3235294117647058,12,3,3,58,0
u-0031,2026-03-01,342,5,5,3,3,12,12,2,2,8,1,5,3738.04,442.52,467.25,Outerwear,0.7017543859649122,7,4,3,32,1
u-0032,2026-03-01,355,4,3,3,3,13,13,2,0,3,0,52,509.6,0,169.87,Shoes,0.2535211267605634,10,1,1.3333333333333333,31,0
u-0033,2026-03-01,319,0,0,6,6,19,19,3,2,7,1,29,1670.52,482.08,238.65,Sweaters,0.658307210031348,12,4,2.5714285714285716,50,0
u-0034,2026-03-01,369,0,0,4,4,14,14,3,2,4,1,21,809.76,255.76,202.44,Sweaters,0.3252032520325203,9,4,2,38,0
u-0035,2026-03-01,413,2,2,3,3,7,7,3,0,9,1,2,2506.52,298.08,278.5,Sweaters,0.6537530266343825,7,4,3,21,0
u-0036,2026-03-01,307,11,11,2,2,11,11,1,1,4,0,60,697.12,0,174.28,Shirts,0.39087947882736157,7,2,1.75,26,0
u-0037,2026-03-01,247,2,2,1,1,1,0,0,0,4,0,100,1050.88,0,262.72,Trousers,0.4858299595141701,0,1,3,2,1
u-0038,2026-03-01,202,1,1,5,5,21,21,3,1,4,2,1,976.36,279,244.09,Shoes,0.594059405940594,12,3,2.25,53,0
u-0039,2026-03-01,233,10,10,2,2,8,8,2,2,5,1,21,1515.28,461.84,303.06,Shoes,0.6437768240343348,7,2,2.6,23,1
u-0040,2026-03-01,304,0,0,4,4,14,14,3,3,4,1,20,764.96,264.96,191.24,Accessories,0.39473684210526316,10,2,2.5,39,0
u-0041,2026-03-01,313,2,2,3,3,8,8,2,0,7,0,55,2598.76,0,371.25,Outerwear,0.6709265175718849,6,5,2.5714285714285716,21,0
u-0042,2026-03-01,64,7,7,2,2,6,6,2,2,2,1,7,384,176,192,Trousers,0.9375,6,3,2.5,19,0
u-0043,2026-03-01,147,9,9,4,4,16,16,3,2,4,0,49,899.72,0,224.93,Shirts,0.8163265306122448,9,3,2.75,41,1
u-0044,2026-03-01,169,8,8,1,1,1,1,0,0,3,0,94,694.52,0,231.51,Trousers,0.5325443786982248,1,4,2.3333333333333335,3,0
u-0045,2026-03-01,286,4,4,3,3,3,3,1,0,10,0,85,1947.6,0,194.76,Accessories,1.048951048951049,3,4,2.1,10,0
u-0046,2026-03-01,160,4,4,3,3,3,3,2,0,5,0,50,1005.44,0,201.09,Trousers,0.9375,2,2,2.2,11,0
u-0047,2026-03-01,95,7,7,2,2,9,9,4,0,5,2,7,1443.64,712.08,288.73,Outerwear,1.5789473684210527,6,4,2,26,1
u-0048,2026-03-01,82,11,11,2,2,11,11,2,0,1,0,71,303.6,0,303.6,Sweaters,0.36585365853658536,9,1,3,26,0
u-0049,2026-03-01,366,113,113,0,0,0,0,0,0,4,0,218,719.52,0,179.88,Shoes,0.3278688524590164,0,3,2,0,1
u-0050,2026-03-01,343,4,4,4,4,17,17,2,0,4,1,21,812.88,242.88,203.22,Accessories,0.3498542274052478,10,2,3,41,0
u-0051,2026-03-01,123,34,34,0,0,0,0,0,0,2,0,105,216,0,108,Dresses,0.48780487804878053,0,2,1,0,0
u-0053,2026-03-01,181,4,4,5,5,20,20,4,2,7,1,9,1238.08,170,176.87,Shirts,1.160220994475138,11,4,2,52,0
u-0054,2026-03-01,179,4,4,6,6,21,21,6,1,7,1,18,556,42,79.43,T-Shirts,1.1731843575418994,10,2,2.142857142857143,56,0
u-0055,2026-03-01,247,19,19,1,1,1,0,0,0,2,0,211,396,0,198,Jackets,0.24291497975708504,0,1,2,2,0
u-0056,2026-03-01,275,9,9,3,3,12,12,3,1,9,1,19,1011,88,112.33,T-Shirts,0.9818181818181819,7,5,1.7777777777777777,32,0
u-0057,2026-03-01,204,2,2,3,3,8,8,2,1,4,0,56,646.32,0,161.58,T-Shirts,0.5882352941176471,8,4,2.75,22,0
u-0058,2026-03-01,302,8,8,2,2,2,2,0,0,6,0,80,1699.36,0,283.23,Shoes,0.5960264900662252,1,2,2.6666666666666665,6,1
u-0059,2026-03-01,78,4,4,7,7,26,26,1,2,4,0,32,705.68,0,176.42,T-Shirts,1.5384615384615383,13,3,2.5,62,1
u-0060,2026-03-01,210,57,57,0,0,0,0,0,0,3,0,106,376,0,125.33,T-Shirts,0.42857142857142855,0,3,2.6666666666666665,0,1
u-0061,2026-03-01,209,96,96,0,0,0,0,0,0,1,0,200,56,0,56,Accessories,0.14354066985645933,0,1,1,0,1
u-0062,2026-03-01,393,9,9,2,2,4,4,1,2,7,0,31,1461.12,0,208.73,Accessories,0.5343511450381679,4,2,2.2857142857142856,13,0
u-0063,2026-03-01,132,0,0,3,3,9,9,2,1,2,0,46,434.96,0,217.48,Shirts,0.45454545454545453,7,3,3,24,0
u-0064,2026-03-01,165,88,88,0,0,0,0,0,0,1,0,160,99,0,99,Jackets,0.18181818181818182,0,1,1,0,1
u-0065,2026-03-01,97,3,3,3,3,12,12,2,2,2,1,3,474.88,334.88,237.44,Shoes,0.6185567010309279,8,1,2,32,0
u-0066,2026-03-01,274,78,78,0,0,0,0,0,0,3,0,95,373.28,0,124.43,Accessories,0.3284671532846716,0,2,2,0,0
u-0067,2026-03-01,272,10,10,2,2,2,2,1,0,5,0,127,802.4,0,160.48,Trousers,0.5514705882352942,2,3,1.8,7,0
u-0068,2026-03-01,387,312,312,0,0,0,0,0,0,1,0,381,99,0,99,Jackets,0.07751937984496124,0,1,1,0,0
u-0069,2026-03-01,104,24,24,1,1,1,1,1,0,1,0,101,294.4,0,294.4,Shoes,0.28846153846153844,1,2,3,4,0
u-0070,2026-03-01,140,7,7,4,4,15,15,3,1,2,0,36,366,0,183,Shirts,0.42857142857142855,9,2,2,38,1
u-0071,2026-03-01,122,5,5,3,3,9,9,1,1,2,0,69,409,0,204.5,Shirts,0.49180327868852464,9,2,2,23,0
u-0072,2026-03-01,423,395,395,0,0,0,0,0,0,1,0,416,276,0,276,Shoes,0.07092198581560284,0,2,3,0,1
u-0073,2026-03-01,235,5,5,4,4,16,16,2,2,6,0,56,785,0,130.83,T-Shirts,0.7659574468085106,11,6,2.1666666666666665,40,0
u-0074,2026-03-01,233,10,10,2,2,10,10,2,0,3,0,65,850.88,0,283.63,Accessories,0.38626609442060084,7,2,3,24,0
u-0075,2026-03-01,354,2,2,4,4,18,18,5,1,7,1,7,1669.92,285.2,238.56,Shoes,0.5932203389830508,12,5,2.142857142857143,47,0
u-0076,2026-03-01,312,0,0,8,8,25,25,9,1,13,3,0,2101.24,471,161.63,T-Shirts,1.25,14,8,2.923076923076923,71,0
u-0077,2026-03-01,311,9,9,3,3,16,16,3,1,6,1,9,1703.36,164,283.89,Accessories,0.5787781350482315,11,4,3.3333333333333335,40,1
u-0078,2026-03-01,255,11,11,2,2,8,8,0,1,5,0,55,520,0,104,T-Shirts,0.5882352941176471,6,3,2,19,0
u-0079,2026-03-01,113,0,0,4,4,18,18,4,1,4,2,0,1131.08,508.36,282.77,Accessories,1.0619469026548674,12,6,3.25,47,0
u-0080,2026-03-01,421,4,4,4,4,23,23,3,0,9,0,57,2113.96,0,234.88,Dresses,0.6413301662707839,12,4,2.4444444444444446,53,0
u-0081,2026-03-01,173,4,4,6,6,22,22,7,1,5,1,21,2050.68,340.4,410.14,Outerwear,0.8670520231213873,14,3,2.6,59,0
u-0082,2026-03-01,392,233,233,0,0,0,0,0,0,2,0,351,349.36,0,174.68,Shoes,0.15306122448979592,0,2,2,0,1
u-0083,2026-03-01,160,46,46,0,0,0,0,0,0,1,0,157,299.92,0,299.92,Shirts,0.1875,0,1,4,0,0
u-0084,2026-03-01,285,145,145,0,0,0,0,0,0,2,0,164,294,0,147,Shirts,0.21052631578947367,0,2,1.5,0,1
u-0085,2026-03-01,375,6,6,2,2,9,9,2,1,9,1,6,1519.64,78,168.85,Shirts,0.72,7,4,2.111111111111111,24,0
u-0086,2026-03-01,112,4,4,6,6,26,26,2,2,2,0,37,240,0,120,Shirts,0.5357142857142857,11,2,1.5,62,0
u-0087,2026-03-01,190,0,0,8,8,30,30,5,3,7,1,8,1704.64,395.6,243.52,Jackets,1.105263157894737,16,6,2.4285714285714284,77,0
u-0088,2026-03-01,180,5,5,3,3,12,12,2,1,3,0,40,396,0,132,Jackets,0.5,7,1,1.3333333333333333,30,0
u-0089,2026-03-01,199,0,0,3,3,16,16,2,1,5,1,12,1254,42,250.8,Outerwear,0.7537688442211055,10,3,1.8,39,0
u-0090,2026-03-01,292,4,4,3,3,15,15,3,1,6,1,4,1624.96,208,270.83,Dresses,0.6164383561643836,7,5,2.6666666666666665,38,0
u-0091,2026-03-01,290,0,0,6,6,16,16,4,2,11,1,8,2071.68,146,188.33,Shirts,1.1379310344827587,11,8,2.1818181818181817,45,0
u-0092,2026-03-01,69,10,10,3,3,8,8,1,1,1,0,60,340.4,0,340.4,Outerwear,0.4347826086956522,5,1,2,21,1
u-0093,2026-03-01,359,2,2,5,5,22,22,5,3,10,1,14,1201,102,120.1,T-Shirts,0.8356545961002786,12,4,2.3,58,0
u-0094,2026-03-01,318,3,3,6,6,26,26,3,0,11,0,54,3175.2,0,288.65,Sweaters,1.0377358490566038,13,5,3.4545454545454546,61,0
u-0095,2026-03-01,50,2,2,4,4,16,16,1,2,1,0,41,357.88,0,357.88,Outerwear,0.6,9,3,3,39,0
u-0096,2026-03-01,240,4,4,5,5,21,21,4,1,8,2,4,1885.52,783,235.69,Outerwear,1,14,5,1.75,54,0
u-0097,2026-03-01,176,3,3,5,5,25,25,5,0,7,1,29,1575.24,194,225.03,Sweaters,1.1931818181818183,13,3,2.4285714285714284,61,0
u-0098,2026-03-01,181,1,1,6,6,29,29,3,0,4,1,10,1139.52,334.88,284.88,Shoes,0.6629834254143646,14,2,2.5,68,0
u-0099,2026-03-01,108,8,8,3,3,11,11,1,3,2,0,59,152,0,76,T-Shirts,0.5555555555555556,7,1,2,29,0
u-0100,2026-03-01,119,6,6,4,4,17,17,1,1,4,1,6,824.16,208,206.04,Dresses,1.0084033613445378,11,3,2,41,0
u-0101,2026-03-01,51,1,1,9,9,31,31,6,3,2,1,11,452.4,204,226.2,Shirts,1.1764705882352942,14,5,3,81,0
u-0102,2026-03-01,286,253,253,0,0,0,0,0,0,1,0,284,241.04,0,241.04,Sweaters,0.1048951048951049,0,2,3,0,1
u-0103,2026-03-01,260,5,5,3,3,9,9,2,0,8,1,19,1989.64,499.56,248.71,Sweaters,0.9230769230769231,8,5,2.625,24,0
u-0104,2026-03-01,154,5,5,6,6,21,21,7,2,8,2,5,1168,332,146,T-Shirts,1.5584415584415583,12,6,2.875,59,0
u-0105,2026-03-01,379,2,2,3,3,12,12,2,2,7,1,26,2064.92,382.72,294.99,Dresses,0.554089709762533,8,3,3,32,0
u-0106,2026-03-01,218,135,135,0,0,0,0,0,0,2,0,189,408,0,204,Accessories,0.27522935779816515,0,1,3.5,0,1
u-0107,2026-03-01,292,9,9,3,3,13,13,2,2,5,0,50,1146.56,0,229.31,Dresses,0.5136986301369864,9,5,2.4,33,0
u-0108,2026-03-01,335,0,0,3,3,10,10,1,0,14,0,65,3311.76,0,236.55,Sweaters,1.2537313432835822,9,8,2.5,24,0
u-0109,2026-03-01,359,1,1,3,3,12,12,0,1,2,0,72,636.64,0,318.32,Shoes,0.1671309192200557,10,3,3,28,1
u-0110,2026-03-01,281,6,6,4,4,17,17,5,1,10,1,13,1773.8,198,177.38,Shirts,1.0676156583629892,9,5,1.9,45,0
u-0111,2026-03-01,304,61,61,0,0,0,0,0,0,4,0,127,932.08,0,233.02,Accessories,0.39473684210526316,0,3,2.75,0,1
u-0112,2026-03-01,345,0,0,6,6,23,23,5,0,15,3,0,3113.56,502.72,207.57,Shirts,1.3043478260869565,11,7,2.7333333333333334,60,1
u-0113,2026-03-01,217,1,1,4,4,21,21,3,1,5,1,1,1482.28,510.6,296.46,Outerwear,0.6912442396313364,11,2,1.8,51,0
u-0114,2026-03-01,55,11,11,2,2,9,9,1,0,2,1,20,559.4,340.4,279.7,Outerwear,1.090909090909091,8,2,2,22,0
u-0115,2026-03-01,420,1,1,5,5,17,17,2,2,11,1,17,2123.96,273.24,193.09,Jackets,0.7857142857142857,11,6,2.090909090909091,44,0
u-0116,2026-03-01,377,61,61,0,0,0,0,0,0,3,0,228,545,0,181.67,Trousers,0.2387267904509284,0,3,1.6666666666666667,0,1
u-0117,2026-03-01,80,43,43,0,0,0,0,0,0,1,0,73,554.76,0,554.76,Outerwear,0.375,0,2,4,0,1
u-0118,2026-03-01,268,0,0,3,3,10,10,3,0,4,1,12,808,208,202,Dresses,0.44776119402985076,8,2,2,27,0
u-0119,2026-03-01,292,86,86,0,0,0,0,0,0,2,0,234,1021.2,0,510.6,Outerwear,0.20547945205479454,0,1,3,0,1
u-0120,2026-03-01,366,6,6,4,4,14,14,3,1,7,0,34,2352,0,336,Outerwear,0.5737704918032788,11,2,2,36,1
u-0121,2026-03-01,129,8,8,3,3,14,14,2,0,3,1,29,941.76,203,313.92,Jackets,0.6976744186046512,11,3,3.3333333333333335,34,0
u-0122,2026-03-01,395,257,257,0,0,0,0,0,0,5,0,326,914.8,0,182.96,Shirts,0.379746835443038,0,3,2.2,0,0
u-0123,2026-03-01,393,145,145,0,0,0,0,0,0,4,0,321,1260.64,0,315.16,Outerwear,0.3053435114503817,0,3,2,0,1
u-0124,2026-03-01,370,4,4,1,1,1,1,0,0,11,0,45,2429.84,0,220.89,Trousers,0.8918918918918919,1,6,2.727272727272727,3,0
u-0125,2026-03-01,215,23,23,1,1,1,0,0,0,3,0,117,470,0,156.67,Trousers,0.41860465116279066,0,2,1.6666666666666667,2,1
u-0126,2026-03-01,254,4,4,2,2,2,2,0,0,6,0,39,1074.28,0,179.05,Trousers,0.7086614173228346,2,3,1.8333333333333333,6,0
u-0127,2026-03-01,213,1,1,3,3,9,9,1,1,4,0,42,1205.04,0,301.26,Outerwear,0.5633802816901409,8,4,2.25,23,0
u-0128,2026-03-01,204,5,5,3,3,5,5,3,0,3,1,15,815.2,287.04,271.73,Dresses,0.4411764705882353,4,2,2.6666666666666665,17,0
u-0129,2026-03-01,333,267,267,0,0,0,0,0,0,1,0,323,176,0,176,Trousers,0.0900900900900901,0,1,2,0,1
u-0130,2026-03-01,231,15,15,1,1,1,1,1,0,6,0,76,1214.08,0,202.35,Dresses,0.7792207792207793,1,4,2.1666666666666665,4,1
u-0131,2026-03-01,399,6,6,3,3,11,11,2,0,7,2,6,790.76,118,112.97,T-Shirts,0.5263157894736842,8,4,2.142857142857143,29,0
u-0132,2026-03-01,325,11,11,2,2,7,7,1,1,6,0,74,1083.4,0,180.57,T-Shirts,0.5538461538461538,5,6,3,18,0
u-0133,2026-03-01,219,107,107,0,0,0,0,0,0,3,0,107,867.32,0,289.11,Outerwear,0.4109589041095891,0,4,2.3333333333333335,0,0
u-0134,2026-03-01,86,3,3,5,5,19,19,3,1,2,1,9,581.44,338.56,290.72,Accessories,0.6976744186046512,12,3,4,48,0
u-0135,2026-03-01,111,22,22,1,1,1,1,0,0,1,0,100,112,0,112,Shoes,0.27027027027027023,1,1,1,3,0
u-0136,2026-03-01,227,2,2,4,4,18,18,4,0,5,1,27,866.4,76,173.28,Trousers,0.6607929515418502,11,4,2.2,45,0
u-0137,2026-03-01,63,7,7,4,4,16,16,2,2,2,1,18,341.6,257.6,170.8,Shoes,0.9523809523809523,9,2,1.5,41,0
u-0138,2026-03-01,274,2,2,8,8,28,28,7,5,8,0,49,1713.2,0,214.15,Jackets,0.8759124087591241,14,5,2.375,76,0
u-0139,2026-03-01,298,84,84,0,0,0,0,0,0,3,0,129,622.56,0,207.52,Sweaters,0.30201342281879195,0,3,2,0,1
u-0140,2026-03-01,201,193,193,0,0,0,0,0,0,1,0,193,168,0,168,Sweaters,0.14925373134328357,0,1,2,0,1
u-0141,2026-03-01,355,1,1,4,4,16,16,4,1,5,0,44,1316.68,0,263.34,Shirts,0.4225352112676056,11,4,3.2,41,0
u-0142,2026-03-01,82,3,3,6,6,23,23,3,4,3,0,43,1068.12,0,356.04,Outerwear,1.0975609756097562,12,3,2.3333333333333335,59,1
u-0143,2026-03-01,325,48,48,0,0,0,0,0,0,8,0,121,1560.64,0,195.08,Trousers,0.7384615384615384,0,6,2.25,0,1
u-0144,2026-03-01,424,6,6,1,1,1,0,0,0,7,0,130,1235.04,0,176.43,T-Shirts,0.49528301886792453,0,6,2.5714285714285716,2,1
u-0145,2026-03-01,62,3,3,7,7,32,32,5,2,1,0,55,273.24,0,273.24,Jackets,0.48387096774193544,16,1,3,78,0
u-0146,2026-03-01,54,4,4,5,5,21,21,3,0,1,0,46,92,0,92,Shirts,0.5555555555555556,9,1,1,50,0
u-0147,2026-03-01,208,2,2,4,4,15,15,2,1,6,1,16,964.64,256.68,160.77,Sweaters,0.8653846153846153,9,5,2.1666666666666665,38,0
u-0148,2026-03-01,271,33,33,0,0,0,0,0,0,4,0,210,1406.68,0,351.67,Shoes,0.44280442804428044,0,2,3,0,1
u-0149,2026-03-01,423,2,2,5,5,22,22,3,1,10,0,40,2184.32,0,218.43,Accessories,0.7092198581560284,12,5,2.4,53,1
u-0150,2026-03-01,263,8,8,2,2,10,10,1,2,5,0,52,896,0,179.2,Trousers,0.5703422053231939,8,3,1.8,25,1
u-0151,2026-03-01,165,1,1,4,4,16,16,5,2,6,1,24,1146.88,208,191.15,Shoes,1.0909090909090908,12,4,1.8333333333333333,44,0
u-0152,2026-03-01,163,9,9,2,2,7,7,2,1,4,0,46,918.72,0,229.68,Jackets,0.7361963190184049,7,1,2.5,19,1
u-0153,2026-03-01,353,3,3,5,5,22,22,3,2,7,1,26,1003.28,102,143.33,T-Shirts,0.5949008498583569,13,5,2.4285714285714284,55,0
u-0154,2026-03-01,419,150,150,0,0,0,0,0,0,4,0,158,813,0,203.25,Sweaters,0.2863961813842482,0,3,2.25,0,0
u-0155,2026-03-01,51,0,0,3,3,17,17,3,1,1,0,47,436.08,0,436.08,Trousers,0.5882352941176471,12,2,5,41,0
u-0156,2026-03-01,174,29,29,1,1,1,1,1,0,5,0,96,1104.4,0,220.88,Sweaters,0.8620689655172414,1,2,2.4,4,1
u-0157,2026-03-01,338,8,8,3,3,15,15,3,1,4,1,8,966.6,262.2,241.65,Trousers,0.35502958579881655,11,2,2.5,38,0
u-0158,2026-03-01,289,90,90,0,0,0,0,0,0,5,0,164,951.44,0,190.29,Dresses,0.5190311418685122,0,4,2.2,0,1
u-0159,2026-03-01,107,1,1,5,5,24,24,4,1,6,1,18,1541.4,391,256.9,Accessories,1.6822429906542056,13,4,2.3333333333333335,59,0
u-0160,2026-03-01,252,2,2,6,6,25,25,6,3,9,1,11,3548.16,340.4,394.24,Outerwear,1.0714285714285714,13,4,2.4444444444444446,66,0
u-0161,2026-03-01,260,3,3,5,5,18,18,6,1,9,2,3,1738.88,409.28,193.21,Accessories,1.0384615384615385,10,4,2.3333333333333335,50,0
u-0162,2026-03-01,64,5,5,4,4,21,21,4,1,2,1,26,365.76,110,182.88,Sweaters,0.9375,12,1,2,52,0
u-0163,2026-03-01,119,2,2,4,4,13,13,2,0,2,0,41,298,0,149,Trousers,0.5042016806722689,9,2,2,32,0
u-0164,2026-03-01,219,3,3,5,5,18,18,2,3,5,0,59,1411.68,0,282.34,Jackets,0.684931506849315,12,6,3,46,0
u-0165,2026-03-01,372,3,3,6,6,18,18,5,1,11,2,6,2449.6,518.88,222.69,Jackets,0.8870967741935484,11,6,2.4545454545454546,50,0
u-0166,2026-03-01,185,4,4,5,5,14,14,0,3,3,0,43,616.96,0,205.65,Jackets,0.48648648648648646,10,2,2.3333333333333335,36,0
u-0167,2026-03-01,260,5,5,4,4,16,16,4,2,5,0,37,1276.48,0,255.3,Trousers,0.576923076923077,10,4,3,42,0
u-0168,2026-03-01,64,3,3,3,3,14,14,2,2,3,1,23,432,200,144,Accessories,1.40625,11,3,2.3333333333333335,36,0
u-0169,2026-03-01,275,8,8,1,1,1,0,0,0,2,0,132,442.72,0,221.36,Jackets,0.2181818181818182,0,2,2.5,2,1
u-0170,2026-03-01,277,5,5,7,7,26,26,6,2,11,2,5,2050.6,481.12,186.42,Trousers,1.1913357400722022,13,5,2.1818181818181817,69,0
u-0171,2026-03-01,78,2,1,5,5,15,15,3,1,3,1,20,652.64,360.64,217.55,Shoes,1.1538461538461537,11,2,2,40,0
u-0172,2026-03-01,201,17,17,3,3,7,7,3,1,3,1,26,811.6,441.6,270.53,Outerwear,0.44776119402985076,6,2,1.6666666666666667,22,0
u-0173,2026-03-01,185,62,62,0,0,0,0,0,0,2,0,147,515.2,0,257.6,Shoes,0.3243243243243243,0,1,2,0,1
u-0174,2026-03-01,259,5,5,3,3,11,11,2,2,5,0,38,725,0,145,Shirts,0.5791505791505792,8,4,1.8,29,0
u-0175,2026-03-01,107,6,6,6,6,25,25,6,3,7,2,6,1595.72,696.56,227.96,Trousers,1.9626168224299065,12,6,2.4285714285714284,67,0
u-0176,2026-03-01,67,9,9,1,1,1,1,0,0,1,0,65,99,0,99,Jackets,0.44776119402985076,1,1,1,3,1
u-0177,2026-03-01,70,7,7,3,3,18,18,5,1,4,2,17,576,310,144,T-Shirts,1.7142857142857142,10,4,2.25,47,0
u-0178,2026-03-01,364,208,208,0,0,0,0,0,0,3,0,253,1456.36,0,485.45,Outerwear,0.24725274725274726,0,3,3.3333333333333335,0,0
u-0179,2026-03-01,206,86,86,0,0,0,0,0,0,2,0,200,370,0,185,Outerwear,0.29126213592233013,0,1,1,0,0
u-0180,2026-03-01,134,33,33,0,0,0,0,0,0,3,0,78,194,0,64.67,T-Shirts,0.6716417910447761,0,1,1.6666666666666667,0,0
u-0181,2026-03-01,143,8,8,2,2,9,9,1,0,3,0,47,801.44,0,267.15,Sweaters,0.6293706293706294,7,3,3,21,1
u-0182,2026-03-01,308,77,77,0,0,0,0,0,0,1,0,299,96,0,96,Accessories,0.0974025974025974,0,1,2,0,1
u-0183,2026-03-01,161,1,1,4,4,21,21,2,3,3,0,49,581.6,0,193.87,Trousers,0.5590062111801243,14,2,2,51,0
u-0184,2026-03-01,146,18,18,1,1,1,1,0,0,3,0,46,186,0,62,T-Shirts,0.6164383561643836,1,1,1.6666666666666667,3,0
u-0185,2026-03-01,78,5,5,4,4,14,14,3,2,3,2,5,1156.52,971.52,385.51,Outerwear,1.1538461538461537,10,3,2.6666666666666665,39,0
u-0186,2026-03-01,180,6,6,2,2,2,2,1,0,5,0,64,993.68,0,198.74,Shoes,0.8333333333333334,2,3,1.8,7,0
u-0187,2026-03-01,98,16,16,3,3,9,9,1,1,3,0,37,732.16,0,244.05,Jackets,0.9183673469387755,8,2,2.6666666666666665,23,0
u-0188,2026-03-01,85,24,24,1,1,1,1,1,0,1,0,74,99,0,99,Jackets,0.3529411764705882,1,1,1,4,1
u-0189,2026-03-01,309,2,2,4,4,18,18,5,0,9,1,10,1912.84,88,212.54,Trousers,0.8737864077669902,11,3,2.3333333333333335,46,0
u-0190,2026-03-01,374,303,303,0,0,0,0,0,0,1,0,365,242.88,0,242.88,Accessories,0.08021390374331551,0,1,4,0,1
u-0191,2026-03-01,163,19,19,1,1,1,0,0,0,1,0,161,110,0,110,Sweaters,0.18404907975460122,0,1,1,2,1
u-0192,2026-03-01,345,4,4,4,4,15,15,2,3,3,0,70,738.04,0,246.01,Trousers,0.2608695652173913,11,3,2.6666666666666665,39,0
u-0193,2026-03-01,110,2,2,6,6,26,26,3,1,5,0,36,972.04,0,194.41,Dresses,1.3636363636363638,11,4,1.8,62,0
u-0194,2026-03-01,181,103,103,0,0,0,0,0,0,1,0,179,42,0,42,T-Shirts,0.16574585635359115,0,1,1,0,1
u-0195,2026-03-01,132,86,86,0,0,0,0,0,0,1,0,125,268.64,0,268.64,Shirts,0.22727272727272727,0,1,4,0,1
u-0196,2026-03-01,87,8,8,3,3,9,9,3,2,2,0,39,291,0,145.5,Trousers,0.6896551724137931,7,3,1.5,26,0
u-0197,2026-03-01,318,73,73,0,0,0,0,0,0,1,0,309,301.76,0,301.76,Shoes,0.09433962264150944,0,2,3,0,1
u-0198,2026-03-01,246,136,136,0,0,0,0,0,0,2,0,234,445,0,222.5,Trousers,0.24390243902439027,0,2,2.5,0,1
u-0199,2026-03-01,201,2,2,6,6,19,19,4,3,6,1,18,1738.44,242.88,289.74,Trousers,0.8955223880597015,13,1,3.3333333333333335,52,0
u-0200,2026-03-01,92,9,9,2,2,11,11,3,1,3,1,9,692.16,331.2,230.72,Accessories,0.9782608695652173,9,2,3,29,1
u-0201,2026-03-01,122,7,7,4,4,16,16,4,1,5,1,17,811.2,120,162.24,Shirts,1.2295081967213115,9,5,1.8,42,0
u-0202,2026-03-01,138,3,3,6,6,22,22,4,3,4,1,13,578,236,144.5,Shoes,0.8695652173913044,10,4,1.75,58,0
u-0203,2026-03-01,167,4,4,3,3,12,12,0,1,3,1,19,567.68,250,189.23,Sweaters,0.5389221556886228,8,3,2,29,1
u-0204,2026-03-01,411,1,1,8,8,33,33,4,1,16,1,14,2102,76,131.38,T-Shirts,1.1678832116788322,12,7,2.6875,80,0
u-0205,2026-03-01,52,3,3,5,5,24,24,2,4,2,1,26,370,194,185,Trousers,1.1538461538461537,13,2,2,60,0
u-0206,2026-03-01,346,4,4,3,3,12,12,4,2,4,1,4,873.72,270.48,218.43,Jackets,0.3468208092485549,9,4,2.5,34,0
u-0207,2026-03-01,408,6,6,5,5,22,22,2,1,9,0,48,1706.16,0,189.57,Accessories,0.6617647058823529,11,5,2.2222222222222223,52,0
u-0208,2026-03-01,159,0,0,8,8,30,30,4,6,8,2,11,1957.68,549.28,244.71,Dresses,1.509433962264151,15,6,2.625,80,0
u-0209,2026-03-01,351,21,21,1,1,1,1,1,0,9,0,89,1528.32,0,169.81,Jackets,0.7692307692307693,1,3,1.8888888888888888,4,1
u-0210,2026-03-01,54,10,10,2,2,6,6,3,1,2,1,23,338.24,42,169.12,T-Shirts,1.1111111111111112,5,2,3,19,0
u-0211,2026-03-01,387,33,33,0,0,0,0,0,0,8,0,76,2820.12,0,352.51,Outerwear,0.6201550387596899,0,4,2.25,0,0
u-0212,2026-03-01,125,3,3,1,1,2,2,1,1,1,0,122,285.2,0,285.2,Shirts,0.24,2,2,4,7,0
u-0213,2026-03-01,263,5,5,3,3,16,16,3,1,7,1,17,1521.28,191,217.33,Trousers,0.7984790874524714,11,5,2.2857142857142856,40,0
u-0214,2026-03-01,68,11,11,2,2,8,8,1,2,1,0,58,324.76,0,324.76,Sweaters,0.4411764705882353,8,2,3,21,0
u-0215,2026-03-01,143,0,0,7,8,32,32,3,3,6,0,35,1352.92,0,225.49,Shirts,1.2587412587412588,13,5,2.5,77,0
u-0216,2026-03-01,343,3,3,4,4,13,13,5,2,10,1,12,2391.08,253.92,239.11,Shirts,0.8746355685131195,10,5,2.8,38,0
u-0217,2026-03-01,260,121,121,0,0,0,0,0,0,1,0,251,42,0,42,T-Shirts,0.11538461538461539,0,1,1,0,0
u-0218,2026-03-01,278,0,0,8,8,36,36,6,3,7,1,0,1545.6,382.72,220.8,Trousers,0.7553956834532374,15,4,2.4285714285714284,90,0
u-0219,2026-03-01,267,1,1,3,3,15,15,3,2,6,1,1,988.24,208,164.71,Dresses,0.6741573033707865,9,4,1.6666666666666667,39,0
u-0220,2026-03-01,139,4,4,3,3,7,7,5,0,6,2,4,1517.96,391.16,252.99,Shoes,1.2949640287769784,6,7,2.5,24,0
u-0221,2026-03-01,253,2,2,3,3,16,16,2,1,5,0,34,1391,0,278.2,Jackets,0.5928853754940712,10,3,3,38,0
u-0222,2026-03-01,247,0,0,8,8,35,35,3,6,9,2,6,2968.64,901.6,329.85,Shoes,1.0931174089068827,13,3,3.111111111111111,89,0
u-0223,2026-03-01,87,50,50,0,0,0,0,0,0,2,0,63,677.2,0,338.6,Shoes,0.6896551724137931,0,3,2.5,0,1
u-0224,2026-03-01,216,23,23,1,1,4,4,0,0,4,0,47,940.48,0,235.12,Shoes,0.5555555555555556,3,2,2,9,0
u-0225,2026-03-01,372,10,10,2,2,9,9,2,1,6,0,31,2101.04,0,350.17,Shoes,0.48387096774193544,7,7,3.3333333333333335,23,0
u-0226,2026-03-01,276,145,145,0,0,0,0,0,0,2,0,229,1164.72,0,582.36,Outerwear,0.2173913043478261,0,2,4,0,1
u-0227,2026-03-01,353,229,229,0,0,0,0,0,0,1,0,349,110,0,110,Sweaters,0.08498583569405098,0,1,1,0,1
u-0228,2026-03-01,159,20,20,1,1,1,1,0,0,3,0,82,475.36,0,158.45,Shirts,0.5660377358490566,1,5,2,3,0
u-0229,2026-03-01,415,296,296,0,0,0,0,0,0,2,0,370,454.32,0,227.16,Shirts,0.14457831325301204,0,2,3,0,1
u-0230,2026-03-01,270,3,3,6,6,26,26,7,2,12,3,8,3943.44,888.8,328.62,Outerwear,1.3333333333333333,13,5,2.1666666666666665,70,0
u-0231,2026-03-01,290,4,3,4,4,11,11,2,2,11,1,4,1848.64,102,168.06,T-Shirts,1.1379310344827587,7,7,3,31,0
u-0232,2026-03-01,346,12,12,3,3,4,4,0,0,11,0,97,2144.56,0,194.96,Sweaters,0.953757225433526,4,6,2.090909090909091,11,1
u-0233,2026-03-01,202,12,12,2,2,5,5,2,0,3,1,21,878.68,185,292.89,Outerwear,0.44554455445544555,4,3,2,15,0
u-0234,2026-03-01,95,2,2,6,6,22,22,3,4,3,0,47,865.8,0,288.6,Outerwear,0.9473684210526316,12,1,1.6666666666666667,57,0
u-0235,2026-03-01,216,104,104,0,0,0,0,0,0,3,0,187,950.44,0,316.81,Outerwear,0.41666666666666663,0,2,2,0,1
u-0236,2026-03-01,285,9,9,3,3,3,3,0,0,8,0,94,2548.96,0,318.62,Shoes,0.8421052631578947,3,6,2.875,9,1
u-0237,2026-03-01,146,79,79,0,0,0,0,0,0,1,0,136,261.28,0,261.28,Jackets,0.20547945205479454,0,2,2,0,0
u-0238,2026-03-01,320,47,47,0,0,0,0,0,0,7,0,76,1427.88,0,203.98,Accessories,0.65625,0,4,2,0,0
u-0239,2026-03-01,258,0,0,4,4,18,18,4,2,8,2,0,1280.44,412.68,160.06,Sweaters,0.9302325581395349,11,4,1.875,48,0
u-0240,2026-03-01,321,0,0,8,8,32,32,3,4,16,2,18,3776.32,208,236.02,Dresses,1.4953271028037385,15,7,2.4375,81,0
u-0241,2026-03-01,303,95,95,0,0,0,0,0,0,4,0,162,431,0,107.75,T-Shirts,0.39603960396039606,0,4,1.75,0,1
u-0242,2026-03-01,88,30,30,0,0,0,0,0,0,1,0,82,231.84,0,231.84,Trousers,0.34090909090909094,0,2,3,0,1
u-0243,2026-03-01,424,6,6,2,2,8,8,1,0,6,0,51,937.12,0,156.19,Dresses,0.42452830188679247,5,4,1.6666666666666667,19,0
u-0244,2026-03-01,264,146,146,0,0,0,0,0,0,1,0,257,84,0,84,Sweaters,0.11363636363636363,0,1,1,0,1
u-0245,2026-03-01,364,71,71,0,0,0,0,0,0,8,0,101,2414.8,0,301.85,Dresses,0.6593406593406593,0,5,3.25,0,1
u-0246,2026-03-01,368,0,0,7,7,31,31,7,1,5,2,0,458,152,91.6,Accessories,0.4076086956521739,14,2,1.6,79,0
u-0247,2026-03-01,305,13,13,2,2,4,4,1,0,3,0,48,465,0,155,Trousers,0.29508196721311475,4,2,1.3333333333333333,11,1
u-0248,2026-03-01,255,22,22,1,1,1,1,0,0,5,0,32,1372.72,0,274.54,Dresses,0.5882352941176471,1,6,2.8,3,0
u-0249,2026-03-01,340,178,178,0,0,0,0,0,0,6,0,197,3017.68,0,502.95,Outerwear,0.5294117647058824,0,4,3.3333333333333335,0,0
u-0250,2026-03-01,345,87,86,0,0,0,0,0,0,11,0,114,3046.08,0,276.92,Shoes,0.9565217391304348,0,6,2.5454545454545454,0,1
u-0251,2026-03-01,54,9,9,1,1,1,1,1,0,1,0,50,208,0,208,Dresses,0.5555555555555556,1,1,2,4,0
u-0252,2026-03-01,337,9,9,2,2,9,9,0,0,6,0,32,1451.6,0,241.93,Dresses,0.5341246290801187,8,4,2.3333333333333335,20,0
u-0253,2026-03-01,236,1,1,2,2,2,2,0,0,3,0,126,314,0,104.67,Accessories,0.38135593220338987,2,3,1.3333333333333333,6,0
u-0254,2026-03-01,310,8,8,1,1,1,1,0,0,8,0,38,2060.24,0,257.53,Shoes,0.7741935483870968,1,5,2.5,3,1
u-0255,2026-03-01,238,173,173,0,0,0,0,0,0,1,0,231,176,0,176,Shirts,0.12605042016806722,0,2,2,0,1
u-0256,2026-03-01,160,46,46,0,0,0,0,0,0,3,0,122,599.68,0,199.89,Dresses,0.5625,0,3,2,0,1
u-0257,2026-03-01,363,137,136,0,0,0,0,0,0,4,0,137,1174.08,0,293.52,Shoes,0.3305785123966942,0,3,2.75,0,1
u-0258,2026-03-01,97,9,9,2,2,8,8,2,2,2,0,69,407,0,203.5,Dresses,0.6185567010309279,7,4,2,22,0
u-0259,2026-03-01,313,1,1,5,5,21,21,5,1,9,1,29,959,42,106.56,T-Shirts,0.8626198083067093,12,4,2,54,0
u-0260,2026-03-01,257,136,136,0,0,0,0,0,0,2,0,195,533.8,0,266.9,Jackets,0.23346303501945526,0,2,3,0,1
u-0261,2026-03-01,387,6,6,4,4,20,20,1,2,4,1,26,914.68,99,228.67,Jackets,0.31007751937984496,10,2,2.25,48,0
u-0262,2026-03-01,314,75,75,0,0,0,0,0,0,4,0,142,879.96,0,219.99,Accessories,0.38216560509554137,0,3,2,0,1
u-0263,2026-03-01,157,6,6,5,5,22,22,5,3,6,1,22,1031.24,174,171.87,T-Shirts,1.1464968152866242,14,4,2.5,58,0
u-0264,2026-03-01,334,6,6,4,4,21,21,4,1,9,1,22,2088.4,104,232.04,Shirts,0.8083832335329342,12,6,2.7777777777777777,52,0
u-0265,2026-03-01,299,10,10,2,2,2,2,2,0,4,0,161,356,0,89,T-Shirts,0.4013377926421405,2,2,2.25,8,1
u-0266,2026-03-01,47,2,2,5,5,19,19,4,1,2,1,8,455.72,244.72,227.86,Jackets,1.2765957446808511,11,3,2.5,49,1
u-0267,2026-03-01,162,8,8,2,2,2,2,0,0,3,0,120,662.16,0,220.72,T-Shirts,0.5555555555555555,2,5,3,6,1
u-0268,2026-03-01,278,57,56,0,0,0,0,0,0,3,0,123,816.04,0,272.01,Trousers,0.3237410071942446,0,2,3,0,0
u-0269,2026-03-01,332,1,1,2,2,5,5,2,1,4,1,1,1077.44,443.44,269.36,Shoes,0.3614457831325301,4,4,2.5,16,0
u-0270,2026-03-01,358,163,163,0,0,0,0,0,0,2,0,304,381.96,0,190.98,Shoes,0.16759776536312848,0,3,1.5,0,1
u-0271,2026-03-01,397,115,115,0,0,0,0,0,0,5,0,181,486,0,97.2,T-Shirts,0.3778337531486146,0,2,2.6,0,1
u-0272,2026-03-01,95,0,0,3,3,9,9,1,2,2,1,11,511.32,295.32,255.66,Trousers,0.6315789473684211,7,3,3,25,0
u-0273,2026-03-01,248,8,8,2,2,8,8,2,0,4,1,8,958.88,95,239.72,Jackets,0.48387096774193544,5,3,2.75,21,0
u-0274,2026-03-01,76,17,17,2,2,8,8,1,0,2,1,17,600.96,198,300.48,Jackets,0.7894736842105263,7,3,2.5,20,1
u-0275,2026-03-01,414,9,9,2,2,10,10,1,1,14,0,54,4475.8,0,319.7,Outerwear,1.0144927536231882,9,8,2.2857142857142856,24,0
u-0276,2026-03-01,129,49,49,0,0,0,0,0,0,1,0,123,455.4,0,455.4,Jackets,0.23255813953488372,0,1,5,0,1
u-0277,2026-03-01,186,3,3,3,3,16,16,1,1,6,0,44,1210.28,0,201.71,Shoes,0.9677419354838709,12,3,1.6666666666666667,37,0
u-0278,2026-03-01,73,15,15,2,2,11,11,1,1,1,0,67,194,0,194,Sweaters,0.4109589041095891,7,1,2,26,0
u-0279,2026-03-01,73,1,1,7,7,35,35,5,1,3,1,12,1712.12,510.6,570.71,Outerwear,1.2328767123287672,15,3,3.6666666666666665,84,0
u-0280,2026-03-01,167,2,2,4,4,18,18,4,3,6,1,21,1016,241.96,169.33,T-Shirts,1.0778443113772456,13,4,2.5,48,0
u-0281,2026-03-01,214,4,4,3,3,12,12,3,0,6,1,15,2162.36,460,360.39,Outerwear,0.8411214953271028,12,5,2.6666666666666665,31,0
u-0282,2026-03-01,164,5,5,3,3,15,15,1,1,3,1,14,464,104,154.67,Dresses,0.5487804878048781,10,2,1.6666666666666667,36,0
u-0283,2026-03-01,290,15,15,1,1,1,0,0,0,4,0,191,1737.96,0,434.49,Outerwear,0.4137931034482759,0,2,2.75,2,0
u-0284,2026-03-01,173,8,8,3,3,16,16,2,1,4,0,35,1510.64,0,377.66,Outerwear,0.6936416184971098,10,5,3,38,0
u-0285,2026-03-01,397,128,127,0,0,0,0,0,0,4,0,189,844.88,0,211.22,Shirts,0.3022670025188917,0,1,2.75,0,1
u-0286,2026-03-01,300,0,0,6,6,19,19,3,2,12,1,16,3064.04,350.52,255.34,Trousers,1.2,12,6,2.9166666666666665,50,0
u-0287,2026-03-01,163,1,1,6,6,24,24,3,2,7,1,25,1436.96,290.72,205.28,Shirts,1.2883435582822085,11,3,2.5714285714285716,60,0
u-0288,2026-03-01,80,3,3,5,5,21,21,5,1,2,1,3,451.2,120,225.6,Accessories,0.75,11,1,2,54,0
u-0289,2026-03-01,388,102,102,0,0,0,0,0,0,5,0,160,918,0,183.6,Jackets,0.3865979381443299,0,3,1.8,0,1
u-0290,2026-03-01,237,0,0,7,7,27,27,4,4,10,1,6,1924.52,195,192.45,Trousers,1.2658227848101264,14,7,2.2,70,0
u-0291,2026-03-01,56,15,15,1,1,1,1,0,0,1,0,54,185,0,185,Outerwear,0.5357142857142857,1,1,1,3,1
u-0292,2026-03-01,142,3,3,4,4,18,18,4,0,7,1,16,1565.2,191,223.6,Trousers,1.4788732394366197,10,3,2.2857142857142856,45,0
u-0293,2026-03-01,175,26,26,1,1,1,1,0,0,4,0,118,1035.24,0,258.81,Sweaters,0.6857142857142857,1,5,2.75,3,1
u-0294,2026-03-01,103,5,5,1,1,1,1,0,0,2,1,5,525.12,309.12,262.56,Accessories,0.5825242718446603,1,1,3.5,4,0
u-0295,2026-03-01,421,3,3,5,5,21,21,4,3,12,2,3,2954.08,746.12,246.17,Trousers,0.8551068883610451,12,7,2.75,56,0
u-0296,2026-03-01,186,38,37,0,0,0,0,0,0,1,0,165,239.2,0,239.2,Trousers,0.16129032258064516,0,2,3,0,0
u-0297,2026-03-01,344,141,141,0,0,0,0,0,0,6,0,177,1372.16,0,228.69,Jackets,0.5232558139534884,0,4,2.5,0,1
u-0298,2026-03-01,343,1,1,6,6,23,23,3,1,7,0,73,2026.96,0,289.57,Jackets,0.6122448979591837,13,7,2.857142857142857,56,0
u-0299,2026-03-01,115,5,4,4,4,14,14,4,0,2,1,5,393.92,140,196.96,Jackets,0.5217391304347826,10,3,2,37,0
u-0300,2026-03-01,318,6,6,6,6,20,20,6,4,12,1,9,4076.32,510.6,339.69,Outerwear,1.1320754716981132,12,5,2.5833333333333335,57,0
u-0301,2026-03-01,201,3,3,4,4,17,17,3,2,4,0,48,662.56,0,165.64,Accessories,0.5970149253731343,11,4,1.75,43,0
u-0302,2026-03-01,51,7,7,3,3,15,15,2,3,1,0,48,510.6,0,510.6,Outerwear,0.5882352941176471,10,1,3,38,0
u-0303,2026-03-01,48,3,3,3,3,13,13,2,1,3,1,19,602.92,112,200.97,Accessories,1.875,9,4,2.3333333333333335,33,0
u-0304,2026-03-01,343,11,11,2,2,11,11,3,1,11,1,22,2562.72,56,232.97,Accessories,0.9620991253644314,9,7,2.3636363636363638,29,0
u-0305,2026-03-01,241,22,22,1,1,1,1,0,0,4,1,22,474,184,118.5,T-Shirts,0.4979253112033195,1,4,2.25,4,1
u-0306,2026-03-01,183,2,2,3,3,10,10,2,1,5,1,13,861.36,283.36,172.27,Accessories,0.819672131147541,7,4,1.8,27,0
u-0307,2026-03-01,170,117,117,0,0,0,0,0,0,1,0,161,250,0,250,Shoes,0.1764705882352941,0,2,2,0,0
u-0308,2026-03-01,240,4,4,3,3,15,15,3,2,6,2,4,1347.36,208,224.56,Dresses,0.75,11,4,2.3333333333333335,40,0
u-0309,2026-03-01,351,21,21,1,1,1,1,0,0,8,0,149,1820,0,227.5,Shoes,0.6837606837606838,1,2,2.125,3,1
u-0310,2026-03-01,86,0,0,8,8,27,27,7,2,4,2,0,2212.6,1021.2,553.15,Outerwear,1.3953488372093024,12,1,3.25,73,0
u-0311,2026-03-01,56,0,0,7,7,29,29,1,2,2,0,37,459.48,0,229.74,Shirts,1.0714285714285714,13,3,2,68,0
u-0312,2026-03-01,125,1,0,6,6,15,15,3,3,2,0,31,366,0,183,Accessories,0.48,10,3,2,42,0
u-0313,2026-03-01,94,2,2,4,4,20,20,5,1,4,2,2,774.12,416,193.53,Trousers,1.2765957446808511,11,3,2,52,0
u-0314,2026-03-01,140,0,0,9,9,32,32,6,3,5,3,7,1437.36,840.04,287.47,Trousers,1.0714285714285714,13,4,3.2,85,1
u-0315,2026-03-01,293,4,4,3,3,13,13,2,1,6,1,11,1789.72,185,298.29,Outerwear,0.614334470989761,8,3,1.8333333333333333,33,0
u-0316,2026-03-01,189,6,6,2,2,12,12,1,0,4,0,33,510,0,127.5,T-Shirts,0.6349206349206349,8,3,2.5,27,0
u-0317,2026-03-01,91,31,31,0,0,0,0,0,0,1,0,85,408.48,0,408.48,Accessories,0.32967032967032966,0,2,4,0,1
u-0318,2026-03-01,365,5,5,3,3,6,6,2,0,10,1,23,2174.04,364.32,217.4,Dresses,0.8219178082191781,5,7,2.3,18,0
u-0319,2026-03-01,378,238,238,0,0,0,0,0,0,3,0,247,678.08,0,226.03,Dresses,0.2380952380952381,0,1,2.3333333333333335,0,1
u-0320,2026-03-01,161,13,13,2,2,2,2,0,0,4,0,107,1204.16,0,301.04,Dresses,0.7453416149068324,2,2,3.25,6,1
u-0321,2026-03-01,395,1,1,4,4,11,11,4,0,13,1,9,4736.32,185,364.33,Outerwear,0.9873417721518988,9,6,2.3846153846153846,31,0
u-0322,2026-03-01,186,10,10,2,2,6,6,1,1,5,0,32,1240.84,0,248.17,Dresses,0.8064516129032258,6,4,2.6,16,0
u-0323,2026-03-01,156,1,1,3,3,6,6,0,0,2,0,105,579.6,0,289.8,Sweaters,0.3846153846153846,5,3,3,15,1
u-0324,2026-03-01,312,5,5,3,3,8,8,2,0,7,0,55,1394.44,0,199.21,Dresses,0.673076923076923,6,5,2,21,0
u-0325,2026-03-01,402,1,1,3,3,13,13,1,1,9,0,31,2120.88,0,235.65,Jackets,0.6716417910447761,11,6,2.3333333333333335,31,0
u-0326,2026-03-01,213,79,79,0,0,0,0,0,0,4,0,79,626.16,0,156.54,T-Shirts,0.5633802816901409,0,4,2.5,0,1
u-0327,2026-03-01,340,8,8,2,2,2,2,2,0,8,0,45,1393.76,0,174.22,Accessories,0.7058823529411764,2,3,2.25,8,0
u-0328,2026-03-01,98,3,3,6,6,18,18,4,2,3,1,17,818.56,368,272.85,Shoes,0.9183673469387755,11,2,2.6666666666666665,49,0
u-0329,2026-03-01,294,6,6,7,7,27,27,2,2,7,0,80,1114.8,0,159.26,Shirts,0.7142857142857142,15,5,1.8571428571428572,65,0
u-0330,2026-03-01,134,49,49,0,0,0,0,0,0,1,0,130,288.88,0,288.88,Shoes,0.22388059701492538,0,2,3,0,1
u-0331,2026-03-01,108,6,6,4,4,17,17,3,3,3,1,6,336,84,112,Sweaters,0.8333333333333333,11,1,1.3333333333333333,45,0
u-0332,2026-03-01,257,90,90,0,0,0,0,0,0,3,0,169,758.16,0,252.72,Outerwear,0.3501945525291829,0,2,1.6666666666666667,0,1
u-0333,2026-03-01,164,36,36,0,0,0,0,0,0,2,0,49,384,0,192,Accessories,0.36585365853658536,0,1,2.5,0,0
u-0334,2026-03-01,277,6,5,1,1,3,3,0,1,1,0,256,415.84,0,415.84,Accessories,0.10830324909747294,3,2,4,8,0
u-0335,2026-03-01,47,0,0,1,1,5,5,1,1,2,1,0,371.84,140,185.92,Shoes,1.2765957446808511,4,1,1.5,14,0
u-0336,2026-03-01,69,9,9,3,3,12,12,1,1,2,0,37,552.72,0,276.36,Accessories,0.8695652173913044,10,4,3,29,0
u-0337,2026-03-01,263,186,186,0,0,0,0,0,0,2,0,242,204,0,102,Shoes,0.22813688212927755,0,2,1,0,0
u-0338,2026-03-01,46,1,1,5,5,20,20,1,1,1,0,41,228,0,228,Sweaters,0.6521739130434783,13,2,3,47,0
u-0339,2026-03-01,308,154,154,0,0,0,0,0,0,5,0,216,1373.6,0,274.72,Sweaters,0.48701298701298695,0,4,3.2,0,1
u-0340,2026-03-01,213,2,2,5,5,12,12,4,2,6,1,15,1469.6,230.92,244.93,Trousers,0.8450704225352114,8,3,2.8333333333333335,36,0
u-0341,2026-03-01,315,2,2,7,7,25,25,5,2,10,2,2,1962.48,454.16,196.25,Trousers,0.9523809523809523,13,4,2.2,66,1
u-0342,2026-03-01,146,2,2,5,5,23,23,3,4,7,1,16,1376.24,102,196.61,T-Shirts,1.4383561643835618,14,4,3,59,0
u-0343,2026-03-01,180,9,9,1,1,1,1,0,0,3,0,104,861.28,0,287.09,Shoes,0.5,1,1,2.3333333333333335,3,1
u-0344,2026-03-01,243,4,4,4,4,13,13,2,2,8,1,4,1501.6,190,187.7,Shirts,0.9876543209876544,9,5,2.5,35,0
u-0345,2026-03-01,84,0,0,3,3,3,3,0,0,3,1,0,354,56,118,Accessories,1.0714285714285714,3,2,2,10,0
u-0346,2026-03-01,409,6,6,3,3,12,12,2,1,9,0,49,2173.32,0,241.48,Sweaters,0.6601466992665037,10,6,2.5555555555555554,30,0
u-0347,2026-03-01,69,6,6,2,2,7,7,0,0,1,0,63,316.48,0,316.48,Shoes,0.4347826086956522,4,2,3,16,0
u-0348,2026-03-01,342,17,17,2,2,4,4,1,0,4,0,56,1399.48,0,349.87,Outerwear,0.3508771929824561,4,2,2.25,11,1
u-0349,2026-03-01,76,0,0,3,3,13,13,1,0,1,0,67,208,0,208,Dresses,0.39473684210526316,8,1,2,30,1
u-0350,2026-03-01,139,4,4,3,3,12,12,2,1,3,0,38,656,0,218.67,Shirts,0.6474820143884892,9,2,3,30,0
u-0351,2026-03-01,142,2,2,7,7,24,24,3,2,6,1,5,691.2,42,115.2,T-Shirts,1.267605633802817,13,6,1.8333333333333333,61,0
u-0352,2026-03-01,120,5,5,3,3,9,9,3,2,4,1,5,776.4,294.4,194.1,Shirts,1,8,5,2.75,27,1
u-0353,2026-03-01,274,11,11,2,2,2,2,0,0,5,0,83,815.04,0,163.01,T-Shirts,0.5474452554744526,2,5,2.4,6,1
u-0354,2026-03-01,225,1,1,3,3,12,12,2,0,3,0,73,414,0,138,Sweaters,0.4,9,1,1.3333333333333333,29,0
u-0355,2026-03-01,255,188,188,0,0,0,0,0,0,2,0,236,404,0,202,Dresses,0.23529411764705882,0,2,2,0,1
u-0356,2026-03-01,383,6,6,4,4,17,17,4,1,14,2,6,5632.16,851,402.3,Outerwear,1.0966057441253263,10,6,2.7142857142857144,45,0
u-0357,2026-03-01,415,1,1,3,3,10,10,3,1,8,1,12,1221,146,152.63,T-Shirts,0.5783132530120482,8,6,2.125,28,0
u-0358,2026-03-01,332,14,14,2,2,2,2,0,0,5,0,108,1409.16,0,281.83,Dresses,0.45180722891566266,2,6,3,6,1
u-0359,2026-03-01,200,47,47,0,0,0,0,0,0,1,0,194,102,0,102,T-Shirts,0.15,0,1,3,0,1
u-0360,2026-03-01,94,5,5,2,2,8,8,3,1,4,1,5,1071.6,376.28,267.9,Jackets,1.2765957446808511,8,3,3,23,0
u-0361,2026-03-01,402,288,288,0,0,0,0,0,0,2,0,369,521.64,0,260.82,Sweaters,0.14925373134328357,0,2,3,0,1
u-0362,2026-03-01,83,3,3,4,4,16,16,5,0,3,1,3,460,136,153.33,Accessories,1.0843373493975903,9,3,1.6666666666666667,42,1
u-0363,2026-03-01,212,9,9,3,3,12,12,2,2,3,0,69,551.96,0,183.99,Trousers,0.42452830188679247,9,2,2,31,1
u-0364,2026-03-01,177,5,5,3,3,10,10,0,0,4,0,92,794.76,0,198.69,Trousers,0.6779661016949152,7,6,2,23,0
u-0365,2026-03-01,213,5,5,3,3,8,8,1,0,3,0,39,736.32,0,245.44,Trousers,0.4225352112676057,7,3,2.6666666666666665,20,0
u-0366,2026-03-01,388,36,36,0,0,0,0,0,0,14,0,125,4647.36,0,331.95,Outerwear,1.0824742268041236,0,6,2.2857142857142856,0,1
u-0367,2026-03-01,125,67,67,0,0,0,0,0,0,1,0,115,188,0,188,Dresses,0.24,0,2,2,0,0
u-0368,2026-03-01,229,1,1,5,5,24,24,3,2,8,2,9,1585.4,288,198.17,Jackets,1.0480349344978166,12,6,2,60,0
u-0369,2026-03-01,295,32,32,0,0,0,0,0,0,8,0,88,1632.72,0,204.09,Sweaters,0.8135593220338982,0,4,2.375,0,0
u-0370,2026-03-01,225,69,69,0,0,0,0,0,0,3,0,116,949.44,0,316.48,Sweaters,0.4,0,2,3.6666666666666665,0,0
u-0371,2026-03-01,50,5,5,4,4,15,15,0,0,1,0,47,242.88,0,242.88,Trousers,0.6,8,1,3,34,0
u-0372,2026-03-01,320,61,61,0,0,0,0,0,0,7,0,111,1542.4,0,220.34,Trousers,0.65625,0,4,2.5714285714285716,0,1
u-0373,2026-03-01,241,3,3,4,4,16,16,6,1,7,2,3,1955.28,575.68,279.33,Shoes,0.8713692946058091,11,4,2.5714285714285716,45,0
u-0374,2026-03-01,138,0,0,4,4,14,14,3,2,3,0,30,761.32,0,253.77,Trousers,0.6521739130434783,13,2,3,37,0
u-0375,2026-03-01,350,2,2,3,3,11,11,3,1,8,1,2,1068.2,102,133.53,T-Shirts,0.6857142857142857,10,5,2.625,30,0
u-0376,2026-03-01,119,4,4,3,3,12,12,3,1,4,1,23,1365.92,265.88,341.48,Jackets,1.0084033613445378,8,5,3.25,32,0
u-0377,2026-03-01,130,0,0,4,4,17,17,4,3,3,0,39,282,0,94,Accessories,0.6923076923076924,9,3,1.6666666666666667,45,0
u-0378,2026-03-01,400,3,3,6,6,27,27,7,3,9,1,7,1610.48,180,178.94,Shirts,0.6749999999999999,12,4,2.2222222222222223,71,0
u-0379,2026-03-01,390,215,214,0,0,0,0,0,0,6,0,228,1124.76,0,187.46,Dresses,0.46153846153846156,0,3,1.8333333333333333,0,0
u-0380,2026-03-01,295,4,4,4,4,18,18,2,1,7,0,39,1641.32,0,234.47,Dresses,0.711864406779661,11,4,2.7142857142857144,43,0
u-0381,2026-03-01,258,161,161,0,0,0,0,0,0,2,0,216,531.84,0,265.92,Outerwear,0.23255813953488372,0,2,2,0,1
u-0382,2026-03-01,162,2,2,4,4,19,19,2,2,2,0,45,532.72,0,266.36,Sweaters,0.37037037037037035,10,3,3,46,0
u-0383,2026-03-01,283,136,136,0,0,0,0,0,0,4,0,171,1058.08,0,264.52,Dresses,0.42402826855123676,0,2,2.75,0,1
u-0384,2026-03-01,369,3,3,3,3,3,3,0,0,9,0,171,1088.24,0,120.92,T-Shirts,0.7317073170731707,3,6,2.111111111111111,9,0
u-0385,2026-03-01,288,23,23,1,1,1,0,0,0,1,0,284,613.64,0,613.64,Jackets,0.10416666666666667,0,2,5,2,1
u-0386,2026-03-01,64,0,0,2,2,4,4,0,0,1,0,58,312.8,0,312.8,Shirts,0.46875,4,1,4,10,0
u-0387,2026-03-01,47,0,0,8,8,32,32,5,5,2,1,15,416,191,208,Jackets,1.2765957446808511,14,3,2.5,83,0
u-0388,2026-03-01,261,190,190,0,0,0,0,0,0,1,0,251,184,0,184,Shirts,0.1149425287356322,0,1,2,0,1
u-0389,2026-03-01,116,0,0,8,8,37,37,5,4,3,0,34,616.08,0,205.36,Trousers,0.7758620689655172,16,1,2.3333333333333335,91,0
u-0390,2026-03-01,81,3,3,5,5,17,17,4,5,1,0,76,56,0,56,Accessories,0.37037037037037035,11,1,1,48,0
u-0391,2026-03-01,99,39,39,0,0,0,0,0,0,2,0,86,701.36,0,350.68,Accessories,0.6060606060606061,0,2,3.5,0,1
u-0392,2026-03-01,388,51,51,0,0,0,0,0,0,4,0,254,478,0,119.5,Dresses,0.30927835051546393,0,3,1.25,0,1
u-0393,2026-03-01,256,5,5,2,2,9,9,3,0,5,1,5,918.56,152,183.71,Sweaters,0.5859375,7,4,2,24,0
u-0394,2026-03-01,331,6,6,6,6,21,21,6,4,7,1,10,2014.88,271.4,287.84,Outerwear,0.6344410876132931,10,6,2.142857142857143,59,0
u-0395,2026-03-01,272,3,3,5,5,30,30,4,2,9,2,9,1934.48,439.08,214.94,Trousers,0.9926470588235294,12,3,2.4444444444444446,73,0
u-0396,2026-03-01,168,4,4,4,4,15,15,3,0,4,1,4,852.08,99,213.02,Jackets,0.7142857142857143,11,3,2.25,38,1
u-0397,2026-03-01,374,10,10,2,2,5,5,0,1,7,0,34,2053.52,0,293.36,Outerwear,0.5614973262032086,5,4,2,13,0
u-0398,2026-03-01,232,6,6,2,2,5,5,3,0,8,1,6,1773.04,274.16,221.63,Shirts,1.0344827586206897,4,4,2.75,16,0
u-0399,2026-03-01,383,4,4,2,2,8,8,1,2,5,0,71,872.04,0,174.41,Sweaters,0.39164490861618795,6,5,2.2,21,1
u-0400,2026-03-01,268,3,3,1,1,1,0,0,0,3,0,110,750.56,0,250.19,Shoes,0.33582089552238803,0,3,2.6666666666666665,2,1
u-0401,2026-03-01,321,178,178,0,0,0,0,0,0,4,0,255,1101.92,0,275.48,Shoes,0.3738317757009346,0,3,2.75,0,0
u-0402,2026-03-01,231,8,8,2,2,8,8,1,1,2,0,30,425.64,0,212.82,Jackets,0.2597402597402597,7,3,2.5,20,0
u-0403,2026-03-01,175,10,10,2,2,10,10,0,1,4,0,50,728,0,182,Accessories,0.6857142857142857,7,1,2.5,23,0
u-0404,2026-03-01,313,0,0,3,3,12,12,0,0,6,0,44,941.76,0,156.96,T-Shirts,0.5750798722044729,7,5,3.5,27,0
u-0405,2026-03-01,163,13,13,1,1,1,1,1,0,3,0,88,555.24,0,185.08,Jackets,0.5521472392638036,1,2,2,4,0
u-0406,2026-03-01,58,7,7,3,3,13,13,1,1,1,0,49,287.04,0,287.04,Trousers,0.5172413793103449,10,2,3,31,0
u-0407,2026-03-01,101,3,3,3,3,13,13,4,0,3,1,27,628.56,188,209.52,Sweaters,0.8910891089108911,8,3,2.3333333333333335,34,0
u-0408,2026-03-01,136,3,3,5,5,22,22,1,0,5,1,27,1421.48,282.44,284.3,Dresses,1.1029411764705883,13,3,2.8,51,0
u-0409,2026-03-01,387,174,174,0,0,0,0,0,0,4,0,238,262,0,65.5,T-Shirts,0.31007751937984496,0,1,1.75,0,1
u-0410,2026-03-01,319,1,1,1,1,1,0,0,0,4,0,201,662.24,0,165.56,Jackets,0.3761755485893417,0,2,1.75,2,1
u-0411,2026-03-01,75,12,12,2,2,8,8,1,2,2,0,33,459.92,0,229.96,Trousers,0.8,7,2,2.5,21,1
u-0412,2026-03-01,312,8,8,3,3,9,9,2,1,8,1,19,2734.04,436.08,341.75,Outerwear,0.7692307692307692,7,6,2.625,25,0
u-0413,2026-03-01,406,13,13,2,2,4,4,1,1,9,1,26,4102.88,417.68,455.88,Outerwear,0.6650246305418719,3,5,3.2222222222222223,13,0
u-0414,2026-03-01,73,4,4,4,4,16,16,2,0,1,0,70,76,0,76,Shirts,0.4109589041095891,13,1,1,38,0
u-0415,2026-03-01,384,184,184,0,0,0,0,0,0,6,0,199,1636.4,0,272.73,Jackets,0.46875,0,5,2.8333333333333335,0,0
u-0416,2026-03-01,277,3,3,4,4,17,17,1,1,5,0,39,1331.68,0,266.34,Shoes,0.5415162454873647,12,3,2.4,40,0
u-0417,2026-03-01,368,5,5,7,7,30,30,4,2,14,2,5,3497.4,482.72,249.81,Shoes,1.141304347826087,14,6,2.4285714285714284,75,0
u-0418,2026-03-01,254,5,5,4,4,11,11,3,3,6,1,5,703,42,117.17,T-Shirts,0.7086614173228346,6,4,2.3333333333333335,33,0
u-0419,2026-03-01,75,6,6,2,2,2,2,1,0,1,0,64,244.72,0,244.72,Shirts,0.4,2,2,3,7,0
u-0420,2026-03-01,120,6,6,3,3,9,9,2,2,3,0,39,713.6,0,237.87,Accessories,0.75,8,1,2.6666666666666665,25,0
u-0421,2026-03-01,252,149,149,0,0,0,0,0,0,2,0,149,372.48,0,186.24,T-Shirts,0.23809523809523808,0,2,4,0,0
u-0422,2026-03-01,332,87,87,0,0,0,0,0,0,3,0,149,573.68,0,191.23,T-Shirts,0.2710843373493976,0,4,3,0,1
u-0423,2026-03-01,59,2,2,5,5,21,21,4,3,2,0,35,144,0,72,T-Shirts,1.0169491525423728,13,1,2,54,0
u-0424,2026-03-01,78,0,0,6,6,28,28,5,1,4,2,8,751,230,187.75,Accessories,1.5384615384615383,14,4,2,70,0
u-0425,2026-03-01,166,4,4,3,3,11,11,3,1,4,1,29,641.92,368.92,160.48,T-Shirts,0.7228915662650602,7,4,2.5,30,0
u-0426,2026-03-01,100,6,6,3,3,9,9,2,1,2,1,16,247,104,123.5,Dresses,0.6,6,3,1.5,25,0
u-0427,2026-03-01,348,8,8,2,2,5,5,1,1,6,0,31,1329.4,0,221.57,Sweaters,0.5172413793103449,5,4,2.3333333333333335,14,0
u-0428,2026-03-01,207,24,24,1,1,1,1,0,0,4,0,101,659.76,0,164.94,Dresses,0.5797101449275363,1,5,2,3,0
u-0429,2026-03-01,220,89,89,0,0,0,0,0,0,3,0,133,579,0,193,Accessories,0.4090909090909091,0,2,1.6666666666666667,0,1
u-0430,2026-03-01,64,1,1,4,4,15,15,3,2,2,1,1,556.64,452.64,278.32,Dresses,0.9375,10,3,2.5,40,0
u-0431,2026-03-01,210,0,0,8,8,34,34,5,2,7,1,13,1882.24,244,268.89,Shoes,1,15,4,2.5714285714285716,84,0
u-0432,2026-03-01,269,6,6,3,3,16,16,3,1,9,2,14,1746,369.44,194,Sweaters,1.003717472118959,13,3,2.2222222222222223,41,0
u-0433,2026-03-01,165,8,8,3,3,12,12,0,1,4,0,35,202,0,50.5,T-Shirts,0.7272727272727273,8,2,1,28,0
u-0434,2026-03-01,237,3,3,3,3,9,9,4,2,7,1,12,2534.64,724.96,362.09,Outerwear,0.8860759493670886,7,6,2.5714285714285716,28,0
u-0435,2026-03-01,79,8,8,3,3,13,13,1,1,3,1,8,533.2,104,177.73,Dresses,1.139240506329114,10,4,2,32,0
u-0436,2026-03-01,321,5,5,1,1,3,3,0,0,9,0,148,1451.68,0,161.3,T-Shirts,0.8411214953271029,3,6,2.6666666666666665,7,0
u-0437,2026-03-01,263,2,2,7,7,27,27,5,3,5,1,26,845.88,241.04,169.18,Shirts,0.5703422053231939,13,3,2,70,0
u-0438,2026-03-01,132,0,0,6,6,33,33,4,4,5,1,4,1932.4,510.6,386.48,Outerwear,1.1363636363636362,15,2,2.4,81,1
u-0439,2026-03-01,398,223,223,0,0,0,0,0,0,3,0,273,433.68,0,144.56,Trousers,0.22613065326633164,0,3,1.6666666666666667,0,1
u-0440,2026-03-01,347,9,9,2,2,11,11,3,0,7,1,23,1374.2,239.2,196.31,Accessories,0.6051873198847262,8,5,1.8571428571428572,28,0
u-0441,2026-03-01,252,7,7,2,2,6,6,2,2,5,1,23,732.48,56,146.5,Accessories,0.5952380952380952,6,2,1.4,19,0
u-0442,2026-03-01,360,182,182,0,0,0,0,0,0,8,0,205,1016,0,127,T-Shirts,0.6666666666666666,0,4,2.375,0,1
u-0443,2026-03-01,315,4,4,4,4,14,14,3,2,11,2,21,2549.64,561.2,231.79,Sweaters,1.0476190476190477,8,6,2.5454545454545454,39,0
u-0444,2026-03-01,392,6,6,2,2,8,8,4,1,7,2,6,1705.04,835.36,243.58,Sweaters,0.5357142857142857,6,5,2.4285714285714284,25,0
u-0445,2026-03-01,365,65,65,0,0,0,0,0,0,7,0,84,1609.96,0,229.99,Jackets,0.5753424657534247,0,4,2.4285714285714284,0,1
u-0446,2026-03-01,326,1,1,6,6,29,29,4,0,10,1,1,2692.68,367.08,269.27,Trousers,0.920245398773006,14,7,3,69,0
u-0447,2026-03-01,398,73,73,0,0,0,0,0,0,6,0,121,1406.04,0,234.34,Shoes,0.4522613065326633,0,5,2.1666666666666665,0,1
u-0448,2026-03-01,166,57,57,0,0,0,0,0,0,1,0,162,273.24,0,273.24,Jackets,0.18072289156626506,0,1,3,0,1
u-0449,2026-03-01,386,3,3,5,5,16,16,3,4,10,1,3,1842.12,184,184.21,Trousers,0.7772020725388601,9,3,2.2,45,0
u-0450,2026-03-01,91,2,2,4,4,14,14,2,1,3,1,12,813.28,278.76,271.09,Trousers,0.989010989010989,9,3,3,36,0
u-0451,2026-03-01,291,5,5,3,3,15,15,3,1,4,2,5,1076.68,531.48,269.17,Shirts,0.4123711340206186,9,4,3.5,39,0
u-0452,2026-03-01,232,22,22,1,1,1,1,0,0,6,0,39,787.84,0,131.31,Shoes,0.7758620689655172,1,3,1.3333333333333333,3,0
u-0453,2026-03-01,221,6,6,3,3,18,18,4,2,6,1,14,500,42,83.33,T-Shirts,0.8144796380090498,11,3,1.6666666666666667,46,0
u-0455,2026-03-01,369,56,56,0,0,0,0,0,0,1,0,360,104,0,104,Dresses,0.08130081300813008,0,1,1,0,1
u-0456,2026-03-01,98,3,3,3,3,11,11,1,0,2,0,36,204,0,102,T-Shirts,0.6122448979591837,10,2,2.5,26,0
u-0457,2026-03-01,418,305,305,0,0,0,0,0,0,3,0,381,733.48,0,244.49,Jackets,0.21531100478468898,0,2,2.6666666666666665,0,1
u-0458,2026-03-01,266,5,5,3,3,7,7,2,0,5,0,42,1078.08,0,215.62,Accessories,0.5639097744360902,6,1,2.6,19,0
u-0459,2026-03-01,59,3,3,4,4,9,9,2,1,1,0,49,245.64,0,245.64,Sweaters,0.5084745762711864,7,2,3,25,1
u-0460,2026-03-01,103,0,0,9,9,37,37,5,4,6,2,0,1430,497.6,238.33,Sweaters,1.7475728155339807,16,2,2.5,94,0
u-0461,2026-03-01,168,0,0,4,4,13,13,3,1,3,0,46,703.24,0,234.41,Sweaters,0.5357142857142857,10,2,2.3333333333333335,34,0
u-0462,2026-03-01,94,6,6,3,3,14,14,2,1,4,1,24,594,198,148.5,Jackets,1.2765957446808511,10,1,1.5,35,0
u-0463,2026-03-01,52,8,8,3,3,16,16,0,1,1,0,47,345,0,345,Shoes,0.5769230769230769,11,2,3,36,0
u-0464,2026-03-01,204,106,106,0,0,0,0,0,0,1,0,196,386.4,0,386.4,Shoes,0.14705882352941177,0,1,3,0,1
u-0465,2026-03-01,278,0,0,3,3,6,6,1,1,7,0,93,1417.44,0,202.49,Shirts,0.7553956834532374,6,3,2.4285714285714284,17,0
u-0466,2026-03-01,212,7,7,2,2,8,8,2,1,5,1,7,730,110,146,Sweaters,0.7075471698113208,7,4,1.8,22,0
u-0467,2026-03-01,279,1,1,3,3,12,12,0,1,5,0,42,861.88,0,172.38,Accessories,0.5376344086021505,10,4,2.2,28,1
u-0468,2026-03-01,113,8,8,2,2,12,12,3,1,2,1,22,504.12,195,252.06,Accessories,0.5309734513274337,11,3,3,31,0
u-0469,2026-03-01,371,0,0,5,5,21,21,5,1,9,2,16,1841.2,394,204.58,Accessories,0.7277628032345013,11,4,2.3333333333333335,55,0
u-0470,2026-03-01,422,262,262,0,0,0,0,0,0,4,0,271,1555.44,0,388.86,Outerwear,0.2843601895734597,0,3,2.5,0,0
u-0471,2026-03-01,210,0,0,7,7,25,25,5,4,8,1,5,1686.28,324.76,210.78,Jackets,1.1428571428571428,14,5,2.375,67,1
u-0472,2026-03-01,396,0,0,3,3,10,10,1,1,4,0,45,578.16,0,144.54,Shirts,0.30303030303030304,7,2,2,25,1
u-0473,2026-03-01,227,5,5,3,3,13,13,3,1,4,1,5,507.52,76,126.88,T-Shirts,0.5286343612334802,11,3,2,34,0
u-0474,2026-03-01,290,127,127,0,0,0,0,0,0,2,0,192,383,0,191.5,Trousers,0.20689655172413796,0,3,2.5,0,1
u-0475,2026-03-01,269,20,20,1,1,1,1,1,0,8,0,67,1590.2,0,198.78,Jackets,0.8921933085501859,1,4,2.125,4,0
u-0476,2026-03-01,188,1,1,7,7,24,24,4,3,7,1,14,1593.2,264.04,227.6,Trousers,1.1170212765957448,11,2,2.5714285714285716,63,0
u-0477,2026-03-01,346,67,67,0,0,0,0,0,0,4,0,87,790.88,0,197.72,Accessories,0.3468208092485549,0,3,2,0,1
u-0478,2026-03-01,366,211,211,0,0,0,0,0,0,4,0,221,862.96,0,215.74,Accessories,0.3278688524590164,0,4,2.75,0,1
u-0479,2026-03-01,58,6,6,3,3,13,13,3,1,3,1,6,722.76,353.28,240.92,Jackets,1.5517241379310345,11,4,2.3333333333333335,34,0
u-0480,2026-03-01,199,9,9,2,2,6,6,0,0,5,1,21,2274.32,185,454.86,Outerwear,0.7537688442211055,6,3,2.8,15,0
u-0481,2026-03-01,342,5,5,4,4,13,13,3,2,11,1,19,2432,375.36,221.09,Sweaters,0.9649122807017544,10,7,2.727272727272727,36,0
u-0482,2026-03-01,62,3,3,3,3,12,12,3,1,2,1,3,612.72,269.56,306.36,Sweaters,0.9677419354838709,9,3,3.5,32,0
u-0483,2026-03-01,72,1,1,3,3,13,13,4,2,3,2,1,521.56,465.56,173.85,Dresses,1.25,10,3,1.6666666666666667,37,0
u-0484,2026-03-01,111,3,3,2,2,8,8,1,1,2,0,46,178,0,89,T-Shirts,0.5405405405405405,7,1,2.5,20,1
u-0485,2026-03-01,295,0,0,6,6,20,20,2,1,5,0,39,1510.6,0,302.12,Jackets,0.5084745762711864,13,5,3.4,49,0
u-0486,2026-03-01,78,1,1,8,8,33,33,6,5,3,1,1,742.48,268.64,247.49,Dresses,1.1538461538461537,12,4,2.6666666666666665,86,0
u-0487,2026-03-01,297,18,18,2,2,7,7,1,1,8,0,55,2493.52,0,311.69,Outerwear,0.8080808080808081,6,7,2.625,18,0
u-0488,2026-03-01,326,73,73,0,0,0,0,0,0,4,0,138,1598.12,0,399.53,Outerwear,0.36809815950920244,0,5,3,0,1
u-0489,2026-03-01,378,2,2,4,4,13,13,4,1,8,0,52,2279.2,0,284.9,Shoes,0.6349206349206349,9,2,2.5,35,0
u-0490,2026-03-01,230,17,17,2,2,7,7,0,1,7,0,44,1757.44,0,251.06,Trousers,0.9130434782608695,5,4,2.4285714285714284,17,0
u-0491,2026-03-01,418,7,7,3,3,11,11,3,1,3,1,23,997.28,399.28,332.43,Sweaters,0.21531100478468898,6,3,3.6666666666666665,30,0
u-0492,2026-03-01,393,8,8,2,2,5,5,2,1,9,1,8,2045.92,99,227.32,Jackets,0.6870229007633588,5,7,2.3333333333333335,16,0
u-0493,2026-03-01,306,47,47,0,0,0,0,0,0,5,0,79,882.24,0,176.45,Trousers,0.4901960784313726,0,4,2.2,0,0
u-0494,2026-03-01,343,195,195,0,0,0,0,0,0,3,0,242,325,0,108.33,T-Shirts,0.26239067055393583,0,3,2.3333333333333335,0,1
u-0495,2026-03-01,238,12,12,3,3,8,8,2,2,8,1,29,893,42,111.63,T-Shirts,1.0084033613445378,7,5,1.875,24,1
u-0496,2026-03-01,238,1,0,5,6,26,26,7,3,7,2,11,849.68,232,121.38,Trousers,0.8823529411764706,11,3,1.4285714285714286,69,0
u-0497,2026-03-01,365,6,5,3,3,10,10,1,1,7,1,23,1230.04,333.04,175.72,T-Shirts,0.5753424657534247,8,5,2.4285714285714284,26,1
u-0498,2026-03-01,141,5,5,4,4,18,18,2,2,4,0,54,1271.84,0,317.96,Accessories,0.851063829787234,9,3,2.5,44,0
u-0499,2026-03-01,341,0,0,4,4,15,15,3,0,3,0,66,402.32,0,134.11,T-Shirts,0.26392961876832843,11,3,2,37,0
u-0500,2026-03-01,223,3,3,7,7,32,32,2,3,10,0,30,2280.48,0,228.05,Accessories,1.3452914798206277,14,3,2.7,76,0
u-0501,2026-03-01,344,1,1,7,7,38,38,2,3,10,0,34,1970.28,0,197.03,Shirts,0.872093023255814,14,6,2.4,88,0
u-0502,2026-03-01,167,0,0,8,8,27,27,4,1,3,0,32,605.2,0,201.73,Shoes,0.5389221556886228,13,3,2.3333333333333335,67,0
u-0503,2026-03-01,421,96,96,0,0,0,0,0,0,7,0,293,3162.12,0,451.73,Outerwear,0.498812351543943,0,6,3.142857142857143,0,0
u-0504,2026-03-01,112,0,0,3,3,16,16,1,1,2,0,51,620.08,0,310.04,Shoes,0.5357142857142857,10,3,3,37,0
u-0505,2026-03-01,399,16,16,3,3,10,10,2,1,6,0,30,1600.52,0,266.75,Dresses,0.45112781954887216,8,6,2.8333333333333335,26,1
u-0506,2026-03-01,152,88,88,0,0,0,0,0,0,1,0,148,185,0,185,Outerwear,0.19736842105263158,0,1,1,0,1
u-0507,2026-03-01,164,6,6,4,4,12,12,2,0,5,2,6,1113.12,451.8,222.62,Jackets,0.9146341463414634,9,3,2.2,32,0
u-0508,2026-03-01,82,7,7,2,2,9,9,1,0,1,0,73,76,0,76,T-Shirts,0.36585365853658536,8,1,2,21,0
u-0509,2026-03-01,117,1,1,2,2,10,10,0,2,3,0,41,1236.72,0,412.24,Outerwear,0.7692307692307693,7,3,3,24,0
u-0510,2026-03-01,138,3,3,3,3,14,14,3,2,4,1,26,721.84,95,180.46,Trousers,0.8695652173913044,8,3,2.25,37,0
u-0511,2026-03-01,274,5,5,3,3,12,12,2,0,4,0,83,874.68,0,218.67,Accessories,0.43795620437956206,7,5,2.5,29,0
u-0512,2026-03-01,188,3,3,4,4,13,13,3,1,7,0,39,1580.36,0,225.77,Trousers,1.1170212765957448,7,5,2.5714285714285716,34,1
u-0513,2026-03-01,300,2,2,7,7,25,25,5,3,11,1,10,2000.68,192,181.88,Trousers,1.1,13,5,1.9090909090909092,66,0
u-0514,2026-03-01,64,4,4,4,4,19,19,1,1,2,1,27,337.32,88,168.66,Trousers,0.9375,13,1,2,45,0
u-0515,2026-03-01,149,9,8,2,2,11,11,0,1,2,0,48,285,0,142.5,Trousers,0.40268456375838924,9,1,1.5,25,0
u-0516,2026-03-01,224,3,3,2,2,4,4,1,1,4,0,72,1694.64,0,423.66,Outerwear,0.5357142857142857,3,3,2.75,12,0
u-0517,2026-03-01,191,58,58,0,0,0,0,0,0,1,0,189,287.04,0,287.04,Dresses,0.15706806282722513,0,1,3,0,1
u-0518,2026-03-01,379,3,3,3,3,11,11,1,0,7,1,14,1183.2,244.72,169.03,Shirts,0.554089709762533,7,5,2,27,1
u-0519,2026-03-01,380,78,78,0,0,0,0,0,0,11,0,133,2812.92,0,255.72,Jackets,0.868421052631579,0,5,2.727272727272727,0,1
u-0520,2026-03-01,140,97,97,0,0,0,0,0,0,1,0,138,240,0,240,Accessories,0.21428571428571427,0,1,2,0,0
u-0521,2026-03-01,177,78,78,0,0,0,0,0,0,4,0,115,390.04,0,97.51,T-Shirts,0.6779661016949152,0,2,1.75,0,1
u-0522,2026-03-01,376,18,18,1,1,1,1,0,0,12,0,74,2265.2,0,188.77,Jackets,0.9574468085106383,1,2,2,3,0
u-0523,2026-03-01,178,23,23,1,1,1,1,0,0,5,0,34,941.68,0,188.34,Jackets,0.8426966292134831,1,4,2.2,3,1
u-0524,2026-03-01,218,11,11,2,2,10,10,1,0,4,1,11,783.68,220,195.92,Sweaters,0.5504587155963303,7,2,2,24,1
u-0525,2026-03-01,224,23,23,1,1,1,1,0,0,6,0,35,2617.48,0,436.25,Outerwear,0.8035714285714286,1,4,2.8333333333333335,3,0
u-0526,2026-03-01,207,45,45,0,0,0,0,0,0,3,0,148,727.44,0,242.48,Outerwear,0.43478260869565216,0,3,1.6666666666666667,0,1
u-0528,2026-03-01,221,7,7,3,3,12,12,4,1,5,1,25,643,120,128.6,Sweaters,0.6787330316742082,9,4,1.4,33,0
u-0529,2026-03-01,214,56,56,0,0,0,0,0,0,4,0,101,1117.8,0,279.45,Trousers,0.5607476635514018,0,3,3,0,0
u-0530,2026-03-01,103,1,1,7,7,23,23,4,4,4,1,7,1169.32,292.56,292.33,Dresses,1.1650485436893205,11,4,3.25,62,0
u-0531,2026-03-01,387,3,3,4,4,16,16,4,2,8,1,3,1204.68,95,150.58,T-Shirts,0.6201550387596899,10,7,2.25,43,0
u-0532,2026-03-01,229,129,129,0,0,0,0,0,0,1,0,223,371.68,0,371.68,Dresses,0.13100436681222707,0,2,4,0,1
u-0533,2026-03-01,175,53,53,0,0,0,0,0,0,3,0,93,607,0,202.33,Shirts,0.5142857142857143,0,4,2,0,1
u-0534,2026-03-01,378,145,145,0,0,0,0,0,0,6,0,213,1383.6,0,230.6,Shoes,0.4761904761904762,0,3,2,0,0
u-0535,2026-03-01,205,78,78,0,0,0,0,0,0,1,0,200,435.16,0,435.16,Trousers,0.14634146341463417,0,2,4,0,1
u-0536,2026-03-01,180,2,2,4,4,15,15,1,0,3,0,87,866.64,0,288.88,Dresses,0.5,10,2,3,35,1
u-0537,2026-03-01,317,5,5,4,4,13,13,3,1,8,2,5,1948.56,389.68,243.57,Sweaters,0.7570977917981073,11,1,2.75,36,0
u-0538,2026-03-01,328,1,1,2,2,5,5,2,0,7,1,8,1298.4,168,185.49,Accessories,0.6402439024390244,5,3,2.4285714285714284,15,0
u-0539,2026-03-01,365,7,7,3,3,14,14,2,0,7,0,40,1316,0,188,Jackets,0.5753424657534247,10,3,2,33,0
u-0540,2026-03-01,416,8,8,3,3,14,14,1,1,8,0,35,2051.88,0,256.49,Shoes,0.5769230769230769,9,5,2.25,33,1
u-0541,2026-03-01,186,10,10,2,2,10,10,2,1,5,1,21,525,138,105,T-Shirts,0.8064516129032258,8,3,2.2,26,0
u-0542,2026-03-01,397,8,8,1,1,1,0,0,0,13,0,64,4232.36,0,325.57,Outerwear,0.9823677581863981,0,7,2.5384615384615383,2,1
u-0543,2026-03-01,162,2,2,6,6,21,21,5,3,6,2,2,2234.76,939.32,372.46,Outerwear,1.111111111111111,12,3,2.5,58,0
u-0544,2026-03-01,137,1,1,2,2,2,2,1,0,2,1,1,324,146,162,T-Shirts,0.43795620437956206,2,3,3,8,1
u-0545,2026-03-01,179,3,3,5,5,18,18,3,2,7,0,33,1574.6,0,224.94,Sweaters,1.1731843575418994,9,4,2.4285714285714284,46,0
u-0546,2026-03-01,318,7,7,3,3,11,11,1,1,7,0,57,1650.72,0,235.82,Shoes,0.6603773584905661,10,2,2,27,0
u-0547,2026-03-01,299,8,8,2,2,10,10,2,2,6,0,54,1427.6,0,237.93,Dresses,0.6020066889632107,9,5,2.3333333333333335,26,0
u-0548,2026-03-01,177,4,4,3,3,9,9,2,0,6,1,4,1274.24,240,212.37,Accessories,1.0169491525423728,9,5,2.6666666666666665,24,0
u-0549,2026-03-01,370,7,7,3,3,15,15,3,1,4,1,23,947.28,185,236.82,Outerwear,0.3243243243243243,10,4,1.75,38,0
u-0550,2026-03-01,197,54,54,0,0,0,0,0,0,3,0,113,687.04,0,229.01,Dresses,0.4568527918781726,0,2,2.3333333333333335,0,1
u-0551,2026-03-01,142,3,3,8,8,40,40,3,1,3,0,33,756.4,0,252.13,Trousers,0.6338028169014085,15,3,2.6666666666666665,92,0
u-0552,2026-03-01,263,8,8,3,3,11,11,2,1,2,1,26,598.08,208,299.04,Dresses,0.22813688212927755,8,3,3,29,0
u-0553,2026-03-01,167,5,5,4,4,19,19,3,1,4,1,12,651,228,162.75,Sweaters,0.718562874251497,14,4,1.75,47,1
u-0554,2026-03-01,256,2,2,2,2,2,1,0,0,4,0,88,969.44,0,242.36,Shoes,0.46875,1,2,2.25,5,1
u-0555,2026-03-01,210,0,0,4,4,14,14,5,2,7,1,18,1673.48,95,239.07,Shoes,1,11,5,2.4285714285714284,40,0
u-0556,2026-03-01,262,93,93,0,0,0,0,0,0,3,0,137,1026.8,0,342.27,Dresses,0.3435114503816794,0,2,3,0,0
u-0557,2026-03-01,298,8,8,3,3,6,6,3,3,5,1,17,896.88,194,179.38,Sweaters,0.5033557046979865,6,2,1.8,22,1
u-0558,2026-03-01,224,10,10,2,2,2,2,0,0,5,0,93,1597.2,0,319.44,Outerwear,0.6696428571428571,1,4,2.2,6,0
u-0559,2026-03-01,320,60,60,0,0,0,0,0,0,6,0,137,766,0,127.67,Sweaters,0.5625,0,3,1.3333333333333333,0,1
u-0560,2026-03-01,353,275,275,0,0,0,0,0,0,2,0,323,515.2,0,257.6,Shirts,0.16997167138810196,0,1,3.5,0,1
u-0561,2026-03-01,295,10,9,2,2,8,8,0,0,4,0,71,988.12,0,247.03,Shoes,0.4067796610169491,7,3,2.25,18,0
u-0562,2026-03-01,417,2,2,4,4,8,8,2,3,12,0,30,1940.84,0,161.74,Trousers,0.8633093525179856,7,4,1.6666666666666667,25,0
u-0563,2026-03-01,198,0,0,5,5,16,16,3,2,7,1,27,1586.68,78,226.67,Jackets,1.0606060606060606,10,6,2.5714285714285716,43,0
u-0564,2026-03-01,335,127,127,0,0,0,0,0,0,5,0,127,575,0,115,T-Shirts,0.44776119402985076,0,3,1.6,0,0
u-0565,2026-03-01,390,22,22,1,1,1,1,0,0,7,0,63,1402.2,0,200.31,Accessories,0.5384615384615384,1,6,2.142857142857143,3,0
u-0566,2026-03-01,423,1,1,7,7,23,23,2,4,12,0,36,2125.16,0,177.1,Accessories,0.851063829787234,11,5,2.0833333333333335,59,1
u-0567,2026-03-01,163,7,7,3,3,3,3,1,0,2,0,131,541.44,0,270.72,Trousers,0.36809815950920244,2,2,2.5,10,1
u-0568,2026-03-01,203,2,2,6,6,19,19,3,2,7,0,68,3323.12,0,474.73,Outerwear,1.0344827586206897,11,4,3.142857142857143,49,0
u-0569,2026-03-01,58,11,11,2,2,7,7,1,2,2,1,11,303,104,151.5,Dresses,1.0344827586206897,6,2,1.5,20,0
u-0570,2026-03-01,262,63,63,0,0,0,0,0,0,4,0,126,797.04,0,199.26,Jackets,0.45801526717557256,0,3,2,0,1
u-0571,2026-03-01,140,1,1,6,6,27,27,4,2,4,2,7,675,370,168.75,Outerwear,0.8571428571428571,15,2,1,68,0
u-0572,2026-03-01,94,60,60,0,0,0,0,0,0,1,0,85,224,0,224,Shoes,0.3191489361702128,0,2,2,0,1
u-0573,2026-03-01,101,9,9,2,2,5,5,1,0,5,1,19,845.92,76,169.18,Shirts,1.4851485148514851,5,4,2.2,14,1
u-0574,2026-03-01,215,123,123,0,0,0,0,0,0,1,0,213,147,0,147,Accessories,0.13953488372093023,0,2,2,0,1
u-0575,2026-03-01,156,3,3,1,1,3,3,1,1,2,1,3,216,76,108,T-Shirts,0.3846153846153846,2,2,1.5,10,1
u-0576,2026-03-01,148,8,8,2,2,2,2,0,0,2,0,106,615.92,0,307.96,Shoes,0.4054054054054054,2,2,3,6,1
u-0577,2026-03-01,99,8,8,3,3,8,8,1,1,3,0,66,466,0,155.33,Sweaters,0.9090909090909092,6,2,1.6666666666666667,21,1
u-0578,2026-03-01,277,1,1,4,4,19,19,1,1,5,1,14,693,198,138.6,Jackets,0.5415162454873647,10,3,1.4,45,0
u-0579,2026-03-01,343,9,9,2,2,8,8,0,1,10,0,61,2128.84,0,212.88,Jackets,0.8746355685131195,7,6,2.3,19,0
u-0580,2026-03-01,236,7,7,4,4,16,16,3,1,5,0,37,1229.32,0,245.86,Jackets,0.6355932203389831,10,5,2.8,40,0
u-0581,2026-03-01,46,0,0,5,6,20,20,5,1,2,2,7,443,443,221.5,Jackets,1.3043478260869565,13,3,2.5,53,0
u-0582,2026-03-01,148,0,0,6,6,22,22,5,0,3,0,37,264,0,88,T-Shirts,0.6081081081081081,15,2,1.6666666666666667,55,0
u-0583,2026-03-01,53,0,0,7,7,30,30,6,3,3,1,0,383,192,127.67,Trousers,1.6981132075471699,14,1,1.3333333333333333,77,0
u-0584,2026-03-01,262,0,0,5,5,18,18,4,2,8,1,20,2110.76,263.12,263.84,Dresses,0.9160305343511451,10,4,2.875,48,0
u-0585,2026-03-01,363,61,61,0,0,0,0,0,0,4,0,247,1301.2,0,325.3,Outerwear,0.3305785123966942,0,2,2,0,0
u-0586,2026-03-01,266,7,7,4,4,19,19,4,1,8,1,7,1941.84,200,242.73,Dresses,0.9022556390977443,11,6,2.5,48,0
u-0587,2026-03-01,119,5,5,6,6,25,25,4,3,5,0,37,1032.48,0,206.5,Trousers,1.2605042016806722,12,3,2.2,63,0
u-0588,2026-03-01,242,5,5,3,3,6,6,1,0,5,0,37,1655.6,0,331.12,Outerwear,0.6198347107438017,5,4,2.2,16,1
u-0589,2026-03-01,351,0,0,3,3,9,9,4,1,3,1,16,1142.64,279.68,380.88,Sweaters,0.25641025641025644,8,3,4,27,0
u-0590,2026-03-01,303,34,34,0,0,0,0,0,0,9,0,73,981.68,0,109.08,T-Shirts,0.8910891089108911,0,4,1.7777777777777777,0,0
u-0591,2026-03-01,191,33,33,0,0,0,0,0,0,3,0,170,617.6,0,205.87,Accessories,0.47120418848167545,0,2,2,0,1
u-0592,2026-03-01,369,2,2,7,7,23,23,7,2,13,2,5,3181.64,503.68,244.74,Sweaters,1.056910569105691,12,6,2.5384615384615383,64,0
u-0593,2026-03-01,238,7,7,2,2,6,6,0,0,6,0,55,1284.88,0,214.15,Trousers,0.7563025210084033,5,6,2.1666666666666665,14,0
u-0594,2026-03-01,376,25,25,1,1,1,1,0,0,6,0,35,1153.36,0,192.23,Accessories,0.4787234042553192,1,3,2.1666666666666665,3,1
u-0595,2026-03-01,338,23,23,1,1,1,1,0,0,6,0,128,1185.76,0,197.63,Trousers,0.5325443786982248,1,3,2.3333333333333335,3,0
u-0596,2026-03-01,324,9,9,3,3,14,14,2,2,8,0,65,1838.04,0,229.76,Shirts,0.7407407407407407,8,5,2.625,35,0
u-0597,2026-03-01,242,9,9,2,2,9,9,2,1,5,0,70,839,0,167.8,T-Shirts,0.6198347107438017,7,4,3,23,1
u-0598,2026-03-01,123,98,98,0,0,0,0,0,0,1,0,114,224,0,224,Shirts,0.24390243902439027,0,2,4,0,0
u-0599,2026-03-01,266,9,9,2,2,3,3,2,0,5,1,20,823.92,136,164.78,T-Shirts,0.5639097744360902,3,5,2.8,11,1
u-0600,2026-03-01,163,0,0,7,7,26,26,5,5,6,0,32,841,0,140.17,T-Shirts,1.1042944785276072,15,5,2.8333333333333335,69,0
u-0601,2026-03-01,216,3,3,6,6,30,30,7,2,9,1,18,2184.68,273.24,242.74,Jackets,1.25,13,5,2.6666666666666665,76,0
u-0602,2026-03-01,265,2,2,6,6,27,27,3,1,6,1,17,1619.88,214,269.98,Dresses,0.6792452830188679,16,4,2.6666666666666665,65,0
u-0603,2026-03-01,145,7,7,2,2,7,7,1,0,3,0,33,528,0,176,Shirts,0.6206896551724138,5,3,2,17,0
u-0604,2026-03-01,161,2,2,6,6,21,21,2,1,7,0,46,2310.12,0,330.02,Shoes,1.3043478260869565,11,5,3,51,0
u-0605,2026-03-01,319,0,0,10,10,43,43,7,2,7,1,7,1747.64,422.28,249.66,Shoes,0.658307210031348,16,4,2.4285714285714284,106,1
u-0606,2026-03-01,144,4,4,2,2,9,9,1,0,3,0,56,650.96,0,216.99,Shoes,0.625,7,2,2,21,0
u-0607,2026-03-01,182,6,6,3,3,14,14,2,2,3,0,42,570,0,190,Jackets,0.4945054945054945,9,3,2,35,0
u-0608,2026-03-01,250,3,3,3,3,9,9,0,1,3,0,96,581.32,0,193.77,Trousers,0.36,8,2,2.3333333333333335,22,0
u-0609,2026-03-01,346,5,5,4,4,10,10,1,1,9,0,31,2265.04,0,251.67,Trousers,0.7803468208092486,7,6,2.888888888888889,26,0
u-0610,2026-03-01,151,5,5,5,5,17,17,2,1,5,1,5,1109.36,388.24,221.87,Trousers,0.9933774834437087,10,3,2.6,43,0
u-0611,2026-03-01,367,4,4,2,2,7,7,1,1,3,1,16,817.76,56,272.59,Outerwear,0.2452316076294278,6,3,2,19,0
u-0612,2026-03-01,99,1,1,4,4,19,19,4,2,4,1,1,679.12,120,169.78,Accessories,1.2121212121212122,12,4,1.75,49,0
u-0613,2026-03-01,239,7,7,2,2,2,2,1,0,5,0,57,2257.68,0,451.54,Outerwear,0.6276150627615062,2,5,3.4,7,1
u-0614,2026-03-01,137,42,42,0,0,0,0,0,0,2,0,96,381,0,190.5,Shoes,0.43795620437956206,0,3,2,0,1
u-0615,2026-03-01,268,57,57,0,0,0,0,0,0,1,0,260,188,0,188,T-Shirts,0.11194029850746269,0,2,3,0,1
u-0616,2026-03-01,169,2,2,2,2,10,10,1,1,3,1,15,1088.44,541.88,362.81,Outerwear,0.5325443786982248,7,3,2.6666666666666665,25,0
u-0617,2026-03-01,335,1,1,4,4,9,9,2,0,10,0,62,1923.2,0,192.32,Sweaters,0.8955223880597015,6,4,2.1,24,0
u-0618,2026-03-01,163,6,6,3,3,7,7,3,0,4,1,27,625.16,42,156.29,Sweaters,0.7361963190184049,6,5,2,21,0
u-0619,2026-03-01,305,3,3,1,1,1,1,0,0,6,0,59,2567.8,0,427.97,Outerwear,0.5901639344262295,1,1,2.5,3,0
u-0620,2026-03-01,81,5,5,2,2,5,5,3,0,2,1,17,272,56,136,Accessories,0.7407407407407407,5,1,2,16,0
u-0621,2026-03-01,146,1,1,4,4,21,21,5,1,6,2,1,1714.72,562.32,285.79,Jackets,1.2328767123287672,12,3,2.6666666666666665,54,0
u-0622,2026-03-01,144,1,1,6,6,23,23,4,3,4,1,1,738.32,92,184.58,Shirts,0.8333333333333334,12,2,2.25,60,0
u-0623,2026-03-01,84,5,5,1,1,1,1,1,0,2,0,65,379.84,0,189.92,Trousers,0.7142857142857143,1,2,2.5,4,0
u-0624,2026-03-01,307,42,41,0,0,0,0,0,0,4,0,50,781.32,0,195.33,Shirts,0.39087947882736157,0,3,2.25,0,1
u-0625,2026-03-01,195,10,10,2,2,2,2,0,0,3,0,74,629.44,0,209.81,Shoes,0.46153846153846156,2,1,1.6666666666666667,6,0
u-0626,2026-03-01,335,23,23,1,1,1,1,0,0,8,0,55,736,0,92,T-Shirts,0.7164179104477613,1,2,2.125,3,0
u-0627,2026-03-01,119,15,15,2,2,7,6,1,0,1,0,114,88,0,88,Trousers,0.25210084033613445,4,1,1,16,1
u-0628,2026-03-01,292,9,9,1,1,1,1,1,0,3,0,91,994.6,0,331.53,Outerwear,0.3082191780821918,1,2,2,4,1
u-0629,2026-03-01,157,2,2,3,3,6,6,2,1,3,0,82,1294.44,0,431.48,Outerwear,0.5732484076433121,5,2,3,18,0
u-0630,2026-03-01,373,7,7,3,3,12,12,3,1,11,2,7,1946.08,304,176.92,Sweaters,0.8847184986595175,9,5,2,33,0
u-0631,2026-03-01,121,32,32,0,0,0,0,0,0,2,0,47,391.56,0,195.78,Jackets,0.49586776859504134,0,2,2,0,0
u-0632,2026-03-01,93,4,4,5,5,16,16,2,0,2,0,37,300,0,150,Shoes,0.6451612903225806,8,2,1.5,39,0
u-0633,2026-03-01,54,2,2,4,4,19,19,2,1,1,0,45,282.44,0,282.44,Dresses,0.5555555555555556,9,2,3,45,0
u-0634,2026-03-01,74,8,8,2,2,8,8,1,2,1,0,64,478.4,0,478.4,Dresses,0.4054054054054054,7,1,5,21,0
u-0635,2026-03-01,139,2,2,3,3,10,10,1,1,2,0,53,246,0,123,T-Shirts,0.4316546762589928,7,2,2.5,25,1
u-0636,2026-03-01,110,2,2,6,6,29,29,3,2,4,1,28,671,176,167.75,Jackets,1.090909090909091,13,2,1.75,70,0
u-0637,2026-03-01,164,5,5,3,3,9,9,3,0,4,1,12,544,140,136,Sweaters,0.7317073170731707,7,3,1.5,25,0
u-0638,2026-03-01,137,1,1,7,7,20,20,5,3,5,1,28,1488.56,333.04,297.71,Sweaters,1.094890510948905,11,4,3.4,56,1
u-0639,2026-03-01,94,44,44,0,0,0,0,0,0,1,0,91,140,0,140,Shoes,0.3191489361702128,0,1,1,0,0
u-0640,2026-03-01,354,122,122,0,0,0,0,0,0,5,0,193,799.36,0,159.87,T-Shirts,0.423728813559322,0,3,2.2,0,1
u-0641,2026-03-01,408,51,51,0,0,0,0,0,0,8,0,99,1820.48,0,227.56,Jackets,0.5882352941176471,0,5,2.5,0,0
u-0642,2026-03-01,50,8,8,3,3,11,11,4,3,3,2,8,456.24,372.24,152.08,Jackets,1.7999999999999998,8,2,1.6666666666666667,34,0
u-0643,2026-03-01,206,66,66,0,0,0,0,0,0,2,0,167,321,0,160.5,Trousers,0.29126213592233013,0,2,2,0,0
u-0644,2026-03-01,74,0,0,3,3,14,14,2,2,1,0,68,136,0,136,Accessories,0.4054054054054054,10,2,2,35,0
u-0645,2026-03-01,80,4,4,5,5,16,16,4,1,3,1,25,408,236,136,Trousers,1.125,11,3,1.3333333333333333,43,0
u-0646,2026-03-01,81,3,3,7,7,27,27,7,1,6,2,16,1302.2,464.24,217.03,Jackets,2.222222222222222,14,3,2.3333333333333335,71,1
u-0647,2026-03-01,265,1,1,3,3,12,12,1,1,3,0,102,610,0,203.33,Accessories,0.33962264150943394,8,3,2.6666666666666665,29,0
u-0648,2026-03-01,279,8,8,3,3,11,11,3,2,6,1,17,1162.04,257.6,193.67,Trousers,0.6451612903225806,9,3,2,31,0
u-0649,2026-03-01,182,57,57,0,0,0,0,0,0,6,0,61,1442.08,0,240.35,Shoes,0.989010989010989,0,2,2.3333333333333335,0,1
u-0650,2026-03-01,96,0,0,3,3,6,6,1,2,1,0,73,176,0,176,Trousers,0.3125,5,1,2,18,0
u-0651,2026-03-01,109,4,4,6,6,20,20,4,3,2,1,29,535.44,241.04,267.72,Shirts,0.5504587155963303,10,3,3,54,0
u-0652,2026-03-01,382,359,359,0,0,0,0,0,0,1,0,371,110,0,110,Sweaters,0.07853403141361257,0,1,1,0,0
u-0653,2026-03-01,310,14,14,3,3,11,11,1,1,8,1,26,1192.2,198,149.03,Jackets,0.7741935483870968,8,5,1.625,28,0
u-0654,2026-03-01,415,0,0,5,5,19,19,4,1,12,1,0,4024.24,303.6,335.35,Shoes,0.8674698795180723,10,6,3.1666666666666665,49,0
u-0655,2026-03-01,69,11,11,3,3,6,6,2,1,1,0,59,241,0,241,Shirts,0.4347826086956522,5,2,3,18,1
u-0656,2026-03-01,143,125,125,0,0,0,0,0,0,2,0,132,449.76,0,224.88,Sweaters,0.4195804195804196,0,1,2.5,0,0
u-0657,2026-03-01,379,68,68,0,0,0,0,0,0,6,0,114,1163.24,0,193.87,Sweaters,0.474934036939314,0,3,2,0,1
u-0658,2026-03-01,414,6,6,2,2,8,8,2,1,7,1,16,1092,224,156,Shirts,0.5072463768115941,7,4,1.8571428571428572,22,0
u-0659,2026-03-01,218,2,2,5,5,16,16,2,3,5,1,2,1015.88,309.12,203.18,Accessories,0.6880733944954128,10,5,2.2,43,1
u-0660,2026-03-01,132,2,2,5,5,22,22,3,3,4,1,20,914.84,214,228.71,Shirts,0.9090909090909091,12,6,3,56,0
u-0661,2026-03-01,341,3,3,7,7,32,32,2,3,8,0,45,1935.4,0,241.93,Jackets,0.7038123167155425,14,4,2.75,76,0
u-0662,2026-03-01,83,48,48,0,0,0,0,0,0,2,0,64,164,0,82,Trousers,0.7228915662650602,0,2,1,0,1
u-0663,2026-03-01,352,1,1,9,9,37,37,9,1,10,1,10,1776.08,184,177.61,Trousers,0.8522727272727273,15,2,2,94,0
u-0664,2026-03-01,108,3,3,4,4,17,17,2,3,2,1,20,385,147,192.5,Shirts,0.5555555555555556,11,3,2.5,44,0
u-0665,2026-03-01,267,0,0,7,7,27,27,6,3,11,1,18,1346,112,122.36,T-Shirts,1.2359550561797752,14,8,2.1818181818181817,71,0
u-0666,2026-03-01,120,0,0,6,6,16,16,5,2,6,0,32,1230.04,0,205.01,Sweaters,1.5,12,2,2.1666666666666665,45,0
u-0667,2026-03-01,140,2,2,7,7,34,34,5,4,9,2,7,1805.28,219,200.59,Jackets,1.9285714285714284,15,5,2,86,0
u-0668,2026-03-01,111,6,6,2,2,11,11,0,2,2,0,57,452.64,0,226.32,Shirts,0.5405405405405405,10,1,3,26,0
u-0669,2026-03-01,85,3,3,5,5,23,23,4,1,4,1,20,1688.28,185,422.07,Outerwear,1.4117647058823528,13,5,3,57,0
u-0670,2026-03-01,58,0,0,6,6,28,28,3,3,2,0,50,226,0,113,Shirts,1.0344827586206897,13,2,1.5,68,0
u-0671,2026-03-01,392,80,80,0,0,0,0,0,0,1,0,382,237.36,0,237.36,Shoes,0.07653061224489796,0,3,3,0,0
u-0672,2026-03-01,87,40,40,0,0,0,0,0,0,1,0,80,88,0,88,Trousers,0.3448275862068966,0,1,1,0,1
u-0673,2026-03-01,147,24,24,1,1,5,5,0,0,5,0,57,1146.28,0,229.26,Trousers,1.0204081632653061,4,3,2.4,11,1
u-0674,2026-03-01,356,5,5,3,3,8,8,2,0,3,1,16,732.64,96,244.21,Trousers,0.25280898876404495,6,4,3,22,0
u-0675,2026-03-01,397,27,27,1,1,1,0,0,0,3,0,364,895.84,0,298.61,Shoes,0.22670025188916879,0,3,2.6666666666666665,2,1
u-0676,2026-03-01,46,7,7,3,3,16,16,3,2,2,1,19,323,224,161.5,Shoes,1.3043478260869565,11,2,1.5,41,0
u-0677,2026-03-01,368,15,15,2,2,2,2,0,0,14,0,52,2683.16,0,191.65,Jackets,1.141304347826087,2,6,2.0714285714285716,6,1
u-0678,2026-03-01,56,29,29,1,1,1,0,0,0,1,0,47,224,0,224,Shirts,0.5357142857142857,0,2,3,2,0
u-0679,2026-03-01,263,63,63,0,0,0,0,0,0,3,0,160,617.6,0,205.87,Shirts,0.34220532319391633,0,3,2.3333333333333335,0,1
u-0680,2026-03-01,167,0,0,5,5,21,21,4,2,4,2,0,924.96,586.96,231.24,Jackets,0.718562874251497,14,5,2.75,55,0
u-0681,2026-03-01,360,9,9,3,3,9,9,3,1,10,1,25,2041.56,353.28,204.16,Dresses,0.8333333333333334,8,4,2.2,26,0
u-0682,2026-03-01,392,167,167,0,0,0,0,0,0,7,0,172,1495.52,0,213.65,Trousers,0.5357142857142857,0,1,2.4285714285714284,0,1
u-0683,2026-03-01,136,3,3,2,2,6,6,1,1,3,0,46,540.48,0,180.16,T-Shirts,0.6617647058823529,5,4,2.6666666666666665,16,1
u-0684,2026-03-01,301,241,241,0,0,0,0,0,0,1,0,299,156,0,156,T-Shirts,0.09966777408637874,0,2,3,0,1
u-0685,2026-03-01,141,88,88,0,0,0,0,0,0,2,0,116,491.28,0,245.64,Shirts,0.425531914893617,0,2,3,0,0
u-0686,2026-03-01,241,11,11,2,2,8,8,2,0,6,1,11,1349.44,194,224.91,Trousers,0.7468879668049793,6,5,2.5,21,0
u-0687,2026-03-01,136,60,60,0,0,0,0,0,0,2,0,86,1102.16,0,551.08,Outerwear,0.4411764705882353,0,2,3.5,0,1
u-0688,2026-03-01,238,6,6,3,3,10,10,2,0,6,0,43,1133.36,0,188.89,Shirts,0.7563025210084033,7,3,2.3333333333333335,25,0
u-0689,2026-03-01,245,11,11,1,1,1,0,0,0,1,0,239,185,0,185,Outerwear,0.12244897959183675,0,1,1,2,1
u-0690,2026-03-01,258,124,124,0,0,0,0,0,0,4,0,149,915.16,0,228.79,Trousers,0.46511627906976744,0,4,2.75,0,0
u-0691,2026-03-01,176,1,1,8,8,33,33,6,2,7,3,11,1562.84,583,223.26,Dresses,1.1931818181818183,12,5,2.4285714285714284,85,0
u-0692,2026-03-01,127,5,5,3,3,10,10,0,0,3,0,42,513.28,0,171.09,Trousers,0.7086614173228346,8,1,2,23,0
u-0693,2026-03-01,195,0,0,7,7,24,24,2,3,4,0,30,590,0,147.5,Accessories,0.6153846153846154,14,2,2,60,0
u-0694,2026-03-01,213,43,43,0,0,0,0,0,0,5,0,43,910.4,0,182.08,Trousers,0.7042253521126761,0,4,2.2,0,1
u-0695,2026-03-01,124,7,7,3,3,9,9,2,1,3,2,7,723.28,515.28,241.09,Dresses,0.7258064516129031,7,3,2.6666666666666665,26,0
u-0696,2026-03-01,236,10,10,3,3,13,13,0,1,6,0,56,1146.28,0,191.05,Shirts,0.7627118644067797,12,5,2,30,0
u-0697,2026-03-01,241,1,1,4,4,16,16,2,2,9,2,1,2907.48,613.72,323.05,Outerwear,1.120331950207469,11,4,2.2222222222222223,42,0
u-0698,2026-03-01,366,37,37,0,0,0,0,0,0,2,0,287,416,0,208,Accessories,0.1639344262295082,0,3,3,0,1
u-0699,2026-03-01,212,0,0,3,3,10,10,2,3,7,1,23,1585.24,412.16,226.46,Accessories,0.9905660377358491,5,6,2.4285714285714284,29,0
u-0700,2026-03-01,341,3,3,6,6,21,21,2,3,12,1,15,3126.92,391.92,260.58,Sweaters,1.0557184750733137,11,6,2.5833333333333335,54,1
u-0701,2026-03-01,305,27,27,1,1,1,1,0,0,7,0,75,1582.4,0,226.06,Jackets,0.6885245901639344,1,5,2.2857142857142856,3,0
u-0702,2026-03-01,195,51,51,0,0,0,0,0,0,3,0,135,777.44,0,259.15,Dresses,0.46153846153846156,0,3,2.6666666666666665,0,1
u-0703,2026-03-01,361,4,4,5,5,20,20,4,1,11,0,38,2782.2,0,252.93,Shirts,0.9141274238227147,14,6,3.090909090909091,50,0
u-0704,2026-03-01,66,0,0,3,3,6,6,1,2,2,0,52,412.16,0,206.08,Shirts,0.9090909090909091,5,2,2.5,18,1
u-0705,2026-03-01,364,1,1,6,6,25,25,4,3,7,0,56,707,0,101,T-Shirts,0.576923076923077,13,3,2.142857142857143,63,0
u-0706,2026-03-01,386,2,2,4,4,19,19,2,1,7,1,28,1803.72,198,257.67,Shoes,0.544041450777202,11,4,2.4285714285714284,46,0
u-0707,2026-03-01,193,76,76,0,0,0,0,0,0,2,0,142,463.32,0,231.66,Jackets,0.31088082901554404,0,1,2.5,0,1
u-0708,2026-03-01,321,2,1,3,3,8,8,5,1,2,2,2,523.2,523.2,261.6,Trousers,0.1869158878504673,7,1,3,27,0
u-0709,2026-03-01,401,10,10,3,3,9,9,2,2,6,1,17,1420.52,242.88,236.75,Accessories,0.44887780548628425,8,6,3.1666666666666665,26,1
u-0710,2026-03-01,410,98,98,0,0,0,0,0,0,5,0,141,1184.84,0,236.97,Dresses,0.36585365853658536,0,6,2.6,0,0
u-0711,2026-03-01,351,2,2,5,5,17,17,3,3,6,1,14,1749.48,340.4,291.58,Sweaters,0.5128205128205129,11,4,3,46,0
u-0712,2026-03-01,252,0,0,3,3,15,15,2,1,7,0,36,1303.4,0,186.2,Jackets,0.8333333333333333,9,5,2,36,0
u-0713,2026-03-01,335,5,5,2,2,11,11,1,1,8,1,19,2703.2,271.4,337.9,Outerwear,0.7164179104477613,6,3,2.125,27,0
u-0714,2026-03-01,220,0,0,6,6,29,29,4,3,9,0,50,2248.2,0,249.8,Outerwear,1.2272727272727273,15,6,1.7777777777777777,71,0
u-0715,2026-03-01,142,6,6,2,2,2,2,1,0,2,0,93,313.36,0,156.68,T-Shirts,0.4225352112676056,2,3,2.5,7,1
u-0716,2026-03-01,127,9,9,2,2,7,7,1,1,3,0,33,1077.48,0,359.16,Shoes,0.7086614173228346,6,2,3,18,0
u-0717,2026-03-01,72,4,4,5,5,15,15,1,1,2,0,59,180,0,90,T-Shirts,0.8333333333333334,8,2,1.5,37,0
u-0718,2026-03-01,398,16,16,1,1,1,1,0,0,10,0,110,1461.84,0,146.18,Shirts,0.7537688442211055,1,6,1.6,3,1
u-0719,2026-03-01,90,23,23,1,1,1,1,0,0,1,0,85,382.72,0,382.72,Dresses,0.3333333333333333,1,1,4,3,1
u-0720,2026-03-01,276,161,161,0,0,0,0,0,0,3,0,209,588.44,0,196.15,Jackets,0.32608695652173914,0,3,2.6666666666666665,0,1
u-0721,2026-03-01,368,4,4,3,3,16,16,2,1,5,1,28,1477.4,510.6,295.48,Outerwear,0.4076086956521739,12,3,2.2,39,0
u-0722,2026-03-01,286,92,92,0,0,0,0,0,0,2,0,263,351.12,0,175.56,Trousers,0.2097902097902098,0,1,2,0,1
u-0723,2026-03-01,95,4,4,5,5,20,20,2,4,2,1,23,208,104,104,Dresses,0.6315789473684211,12,1,1,52,0
u-0724,2026-03-01,203,5,5,3,3,11,11,4,1,4,1,24,1520.08,510.6,380.02,Outerwear,0.5911330049261084,8,5,3,31,0
u-0725,2026-03-01,193,107,107,0,0,0,0,0,0,2,0,151,442.84,0,221.42,Shoes,0.31088082901554404,0,2,2,0,1
u-0726,2026-03-01,63,2,2,5,5,19,19,4,2,1,0,54,376.28,0,376.28,Outerwear,0.47619047619047616,10,3,3,49,1
u-0727,2026-03-01,122,5,5,2,2,6,6,1,0,2,0,66,662.4,0,331.2,Accessories,0.49180327868852464,5,3,4,15,1
u-0728,2026-03-01,371,144,144,0,0,0,0,0,0,4,0,190,1067.84,0,266.96,Accessories,0.32345013477088946,0,4,3,0,0
u-0729,2026-03-01,176,66,66,0,0,0,0,0,0,1,0,173,247.48,0,247.48,Outerwear,0.17045454545454547,0,2,2,0,0
u-0730,2026-03-01,389,33,33,0,0,0,0,0,0,6,0,134,1930.72,0,321.79,Shoes,0.46272493573264784,0,4,3.1666666666666665,0,0
u-0731,2026-03-01,157,31,31,0,0,0,0,0,0,3,0,44,930.64,0,310.21,Shirts,0.5732484076433121,0,2,3.3333333333333335,0,1
u-0732,2026-03-01,258,41,41,0,0,0,0,0,0,4,0,94,594,0,148.5,Jackets,0.46511627906976744,0,1,1.5,0,1
u-0733,2026-03-01,53,0,0,3,3,12,12,2,1,1,0,44,84,0,84,Sweaters,0.5660377358490566,9,1,1,30,0
u-0734,2026-03-01,212,10,10,2,2,10,10,1,1,3,0,91,694.64,0,231.55,Shoes,0.42452830188679247,8,4,2,24,1
u-0735,2026-03-01,254,4,4,1,1,5,5,1,1,2,1,4,202,92,101,Shirts,0.23622047244094488,4,2,1,14,0
u-0736,2026-03-01,333,5,5,2,2,10,10,2,1,5,0,33,1393,0,278.6,Dresses,0.45045045045045046,7,3,2.8,25,0
u-0737,2026-03-01,55,3,3,5,5,23,23,5,2,2,0,36,305,0,152.5,Outerwear,1.090909090909091,12,2,1,58,0
u-0738,2026-03-01,406,0,0,4,4,13,13,3,0,8,1,16,1329.12,190,166.14,Trousers,0.5911330049261084,11,3,1.75,34,0
u-0739,2026-03-01,414,192,192,0,0,0,0,0,0,4,0,336,708,0,177,Dresses,0.2898550724637681,0,2,1.75,0,1
u-0740,2026-03-01,263,220,220,0,0,0,0,0,0,1,0,259,232,0,232,Shirts,0.11406844106463877,0,2,2,0,0
u-0741,2026-03-01,110,7,7,4,4,14,14,0,1,2,0,52,360.32,0,180.16,Shirts,0.5454545454545455,8,2,2.5,33,0
u-0742,2026-03-01,91,2,2,5,5,24,24,4,1,2,0,74,418.24,0,209.12,Shoes,0.6593406593406593,11,3,2,58,0
u-0743,2026-03-01,63,4,4,2,2,2,2,0,0,1,0,60,233,0,233,Accessories,0.47619047619047616,2,2,2,6,0
u-0744,2026-03-01,328,4,4,3,3,12,12,2,0,10,0,76,2577.28,0,257.73,Shoes,0.9146341463414634,9,6,2.4,29,0
u-0745,2026-03-01,363,2,2,3,3,13,13,2,0,10,0,43,3731.84,0,373.18,Outerwear,0.8264462809917356,8,5,2.4,31,0
u-0746,2026-03-01,293,4,4,3,3,13,13,2,1,5,0,41,815,0,163,Shirts,0.5119453924914675,9,4,1.8,32,0
u-0747,2026-03-01,411,3,3,7,7,30,30,5,2,11,1,13,1355,82,123.18,T-Shirts,0.8029197080291971,14,5,2.1818181818181817,75,0
u-0748,2026-03-01,145,15,15,2,2,7,7,2,1,3,1,22,684.72,382.72,228.24,Dresses,0.6206896551724138,5,3,2.3333333333333335,20,1
u-0749,2026-03-01,134,3,3,3,3,16,16,2,0,3,0,39,588.24,0,196.08,Jackets,0.6716417910447761,11,3,2,37,1
u-0750,2026-03-01,182,3,3,3,3,9,9,1,0,3,1,22,732.96,287.04,244.32,Dresses,0.4945054945054945,7,3,2.6666666666666665,23,0
u-0751,2026-03-01,204,7,7,3,3,8,8,4,0,2,1,15,297,99,148.5,Jackets,0.29411764705882354,7,1,1.5,24,0
u-0752,2026-03-01,191,3,3,3,3,12,12,1,1,4,1,25,1356.24,423.2,339.06,Shoes,0.6282722513089005,9,3,3,30,0
u-0753,2026-03-01,217,12,12,4,4,13,13,1,1,5,0,52,850.44,0,170.09,Sweaters,0.6912442396313364,9,3,2,32,1
u-0754,2026-03-01,186,1,1,3,3,10,10,2,1,2,0,63,239,0,119.5,Jackets,0.3225806451612903,7,2,1,26,0
u-0755,2026-03-01,247,132,132,0,0,0,0,0,0,5,0,139,1198.08,0,239.62,Sweaters,0.6072874493927126,0,5,2.8,0,1
u-0756,2026-03-01,328,0,0,8,8,33,33,4,3,14,1,16,2932.24,264.96,209.45,Shirts,1.2804878048780488,14,4,2.4285714285714284,82,0
u-0757,2026-03-01,164,7,7,4,4,14,14,2,3,5,0,35,1809.72,0,361.94,Outerwear,0.9146341463414634,8,2,2.4,37,0
u-0758,2026-03-01,114,28,28,1,1,1,1,0,0,2,0,55,427.04,0,213.52,Shirts,0.5263157894736842,1,2,3,3,0
u-0759,2026-03-01,292,6,6,2,2,8,8,2,1,6,1,17,1430.96,404.8,238.49,Sweaters,0.6164383561643836,7,3,2.8333333333333335,22,0
u-0760,2026-03-01,239,33,33,0,0,0,0,0,0,2,0,87,240,0,120,Trousers,0.2510460251046025,0,3,1.5,0,1
u-0761,2026-03-01,355,2,2,5,5,13,13,5,3,12,1,19,2790.08,144,232.51,Trousers,1.0140845070422535,10,6,2.5,40,0
u-0762,2026-03-01,99,7,7,3,3,9,9,2,0,2,0,36,198,0,99,Jackets,0.6060606060606061,6,1,1,23,0
u-0763,2026-03-01,286,3,3,3,3,13,13,1,1,6,0,77,1912,0,318.67,Outerwear,0.6293706293706294,11,3,2,31,0
u-0764,2026-03-01,147,1,1,5,5,26,26,4,2,3,1,11,811.92,334.88,270.64,Dresses,0.6122448979591836,14,3,3,64,0
u-0765,2026-03-01,248,137,137,0,0,0,0,0,0,2,0,211,240,0,120,T-Shirts,0.24193548387096772,0,2,2.5,0,1
u-0766,2026-03-01,253,21,21,1,1,1,1,0,0,5,0,113,1658.76,0,331.75,Dresses,0.5928853754940712,1,2,3,3,1
u-0767,2026-03-01,276,1,1,3,3,3,3,1,0,6,0,69,1475.52,0,245.92,Accessories,0.6521739130434783,2,2,2.6666666666666665,10,1
u-0768,2026-03-01,332,7,7,1,1,1,1,0,0,8,0,60,1655.64,0,206.95,Trousers,0.7228915662650602,1,3,2.375,3,1
u-0769,2026-03-01,161,2,2,4,4,16,16,2,0,4,1,2,557,183,139.25,Trousers,0.7453416149068324,11,3,1.5,39,0
u-0770,2026-03-01,219,36,36,0,0,0,0,0,0,4,0,84,1096,0,274,Accessories,0.547945205479452,0,2,2.75,0,0
u-0771,2026-03-01,263,108,108,0,0,0,0,0,0,4,0,133,1208.96,0,302.24,Outerwear,0.4562737642585551,0,3,2,0,1
u-0772,2026-03-01,328,33,33,0,0,0,0,0,0,1,0,324,216,0,216,Accessories,0.09146341463414634,0,1,3,0,1
u-0773,2026-03-01,343,2,2,3,3,17,17,3,0,8,1,25,2661.12,317.4,332.64,Jackets,0.6997084548104956,12,8,3.75,41,1
u-0774,2026-03-01,172,3,3,5,5,18,18,2,1,5,0,36,826,0,165.2,Accessories,0.872093023255814,10,3,1.8,44,0
u-0775,2026-03-01,231,30,30,0,0,0,0,0,0,4,0,51,871,0,217.75,Shirts,0.5194805194805194,0,3,2.25,0,0
u-0776,2026-03-01,283,4,4,8,8,35,35,5,2,6,0,65,1151.92,0,191.99,Shirts,0.6360424028268551,15,3,2.5,85,0
u-0777,2026-03-01,291,17,17,1,1,1,0,0,0,3,0,232,403,0,134.33,Jackets,0.30927835051546393,0,3,1.3333333333333333,2,1
u-0778,2026-03-01,317,104,104,0,0,0,0,0,0,6,0,116,1362.88,0,227.15,Shirts,0.5678233438485805,0,3,2.5,0,1
u-0779,2026-03-01,195,11,11,1,1,1,1,0,0,3,0,83,984.88,0,328.29,Shoes,0.46153846153846156,1,3,3,3,0
u-0780,2026-03-01,158,46,46,0,0,0,0,0,0,1,0,148,224,0,224,Shirts,0.189873417721519,0,2,4,0,1
u-0781,2026-03-01,91,4,4,7,7,24,24,3,2,1,0,84,120,0,120,Accessories,0.32967032967032966,13,1,1,60,0
u-0782,2026-03-01,161,9,9,2,2,8,8,1,1,3,0,32,451,0,150.33,Trousers,0.5590062111801243,8,2,1.6666666666666667,20,0
u-0783,2026-03-01,357,43,43,0,0,0,0,0,0,5,0,198,1265.36,0,253.07,Shoes,0.42016806722689076,0,2,2.2,0,1
u-0784,2026-03-01,57,0,0,4,4,17,17,2,0,1,0,55,450.8,0,450.8,Outerwear,0.5263157894736842,10,2,3,40,0
u-0785,2026-03-01,216,5,5,3,3,10,10,1,1,4,0,44,573.92,0,143.48,Accessories,0.5555555555555556,8,2,2,25,0
u-0786,2026-03-01,114,31,31,0,0,0,0,0,0,1,0,104,353.28,0,353.28,Shoes,0.2631578947368421,0,2,3,0,1
u-0787,2026-03-01,81,1,1,4,4,13,13,1,2,3,1,13,891.48,242.88,297.16,Trousers,1.111111111111111,8,5,3,34,0
u-0788,2026-03-01,352,1,1,9,9,39,39,7,4,12,3,8,2800.56,707.28,233.38,Sweaters,1.0227272727272727,13,3,2.6666666666666665,101,0
u-0789,2026-03-01,232,2,2,6,6,21,21,4,3,6,1,7,1082.2,228,180.37,Shirts,0.7758620689655172,9,4,2,56,0
u-0790,2026-03-01,207,46,46,0,0,0,0,0,0,2,0,146,495.04,0,247.52,Dresses,0.2898550724637681,0,1,2.5,0,0
u-0791,2026-03-01,403,2,2,4,4,14,14,2,2,6,1,2,970.8,82,161.8,Sweaters,0.4466501240694789,10,5,2,37,1
u-0792,2026-03-01,310,4,4,3,3,14,14,3,1,5,2,4,1193.44,540.04,238.69,Jackets,0.48387096774193544,9,2,2.6,37,0
u-0793,2026-03-01,316,4,4,6,6,24,24,7,1,12,2,17,3712.84,765.44,309.4,Shoes,1.139240506329114,13,7,3,64,0
u-0794,2026-03-01,162,5,5,1,1,1,1,0,0,5,0,48,899.64,0,179.93,Trousers,0.9259259259259258,1,3,2,3,0
u-0795,2026-03-01,166,3,3,8,8,35,35,6,1,8,1,12,2707.88,247.48,338.49,Outerwear,1.4457831325301205,15,5,2.5,86,0
u-0796,2026-03-01,180,117,117,0,0,0,0,0,0,1,0,176,441.6,0,441.6,Shirts,0.16666666666666666,0,3,5,0,1
u-0797,2026-03-01,110,3,3,6,6,24,24,4,4,3,0,58,719.88,0,239.96,Shirts,0.8181818181818182,12,3,2.3333333333333335,62,0
u-0798,2026-03-01,259,22,22,1,1,1,0,0,0,2,0,198,188,0,94,Shirts,0.23166023166023167,0,2,1,2,1
u-0799,2026-03-01,300,5,5,3,3,10,10,2,1,2,0,66,560.28,0,280.14,Trousers,0.2,6,2,3,26,0
u-0800,2026-03-01,239,1,1,7,7,25,25,5,1,8,1,27,2644.84,224,330.61,Shoes,1.00418410041841,10,6,3,64,0
u-0801,2026-03-01,276,136,136,0,0,0,0,0,0,4,0,149,940.92,0,235.23,Dresses,0.4347826086956522,0,4,2.75,0,1
u-0802,2026-03-01,222,193,193,0,0,0,0,0,0,1,0,220,242.88,0,242.88,Accessories,0.13513513513513511,0,1,4,0,1
u-0803,2026-03-01,49,7,7,3,3,9,9,2,1,1,0,41,279.68,0,279.68,Shirts,0.6122448979591837,5,2,3,24,0
u-0804,2026-03-01,59,7,7,4,4,15,15,3,2,2,0,35,623.76,0,311.88,Trousers,1.0169491525423728,10,2,3.5,39,0
u-0805,2026-03-01,347,9,9,2,2,6,6,0,2,8,0,46,1853.96,0,231.75,Jackets,0.69164265129683,6,6,2.25,16,0
u-0806,2026-03-01,135,1,1,7,7,29,29,5,2,4,1,1,536,104,134,Dresses,0.8888888888888888,12,2,1.25,73,0
u-0807,2026-03-01,45,3,3,4,4,14,14,3,1,2,0,35,84,0,42,T-Shirts,1.3333333333333333,10,1,1,36,1
u-0808,2026-03-01,56,10,10,2,2,8,8,2,0,1,0,47,140,0,140,Shoes,0.5357142857142857,6,1,1,20,0
u-0809,2026-03-01,112,69,69,0,0,0,0,0,0,1,0,107,208,0,208,Dresses,0.26785714285714285,0,1,2,0,0
u-0810,2026-03-01,232,9,8,2,3,12,12,1,0,2,0,52,278,0,139,Sweaters,0.25862068965517243,11,1,1.5,27,0
u-0811,2026-03-01,204,5,5,7,7,29,29,3,3,9,0,38,1877.72,0,208.64,Shirts,1.3235294117647058,13,3,2.6666666666666665,71,0
u-0812,2026-03-01,252,1,1,5,5,16,16,2,3,8,1,4,1375.68,287.04,171.96,Dresses,0.9523809523809523,12,2,1.75,43,0
u-0813,2026-03-01,89,2,2,7,7,30,30,4,3,2,0,48,340,0,170,Shoes,0.6741573033707865,13,2,1.5,74,0
u-0814,2026-03-01,224,31,31,0,0,0,0,0,0,6,0,157,1356.04,0,226.01,Jackets,0.8035714285714286,0,5,2.6666666666666665,0,0
u-0815,2026-03-01,279,2,2,6,6,24,24,5,4,10,1,17,4258.76,185,425.88,Outerwear,1.075268817204301,13,6,2.8,64,0
u-0816,2026-03-01,223,3,3,2,2,2,2,1,0,5,1,3,775.4,120,155.08,Accessories,0.6726457399103138,2,4,1.8,8,0
u-0817,2026-03-01,174,89,89,0,0,0,0,0,0,3,0,89,837.76,0,279.25,Jackets,0.5172413793103449,0,3,3,0,1
u-0818,2026-03-01,399,288,288,0,0,0,0,0,0,4,0,340,982.28,0,245.57,Trousers,0.3007518796992481,0,3,2.5,0,1
u-0819,2026-03-01,407,2,2,5,5,23,23,5,0,13,1,18,2481.64,475.64,190.9,Jackets,0.9582309582309583,12,7,2.076923076923077,57,1
u-0820,2026-03-01,308,136,136,0,0,0,0,0,0,3,0,136,460.96,0,153.65,Accessories,0.2922077922077922,0,2,1.6666666666666667,0,0
u-0821,2026-03-01,361,4,4,5,5,16,16,3,3,11,1,4,3480,510.6,316.36,Outerwear,0.9141274238227147,10,6,2.1818181818181817,44,0
u-0822,2026-03-01,256,99,99,0,0,0,0,0,0,2,0,211,390,0,195,Sweaters,0.234375,0,2,2,0,1
u-0823,2026-03-01,75,8,8,4,4,12,12,1,0,1,0,69,366.16,0,366.16,Shirts,0.4,8,1,5,29,1
u-0824,2026-03-01,324,5,5,3,3,13,13,2,1,10,1,5,1091.52,132,109.15,T-Shirts,0.9259259259259258,8,4,1.9,33,0
u-0825,2026-03-01,377,6,6,3,3,13,13,3,1,13,1,6,2439.12,160,187.62,Shirts,1.0344827586206897,9,6,2.1538461538461537,34,0
u-0826,2026-03-01,128,2,2,3,3,10,10,4,3,4,2,2,1031.2,493.12,257.8,Sweaters,0.9375,7,3,3,32,0
u-0827,2026-03-01,155,13,13,1,1,1,1,0,0,4,0,74,551,0,137.75,Dresses,0.7741935483870968,1,3,1.25,3,0
u-0828,2026-03-01,152,15,15,1,1,1,1,0,0,2,0,64,278,0,139,Sweaters,0.39473684210526316,1,1,1.5,3,0
u-0829,2026-03-01,53,5,5,3,3,9,9,1,2,1,0,46,112,0,112,Shoes,0.5660377358490566,7,1,1,24,0
u-0830,2026-03-01,137,2,2,5,5,15,15,2,0,5,0,56,1116.4,0,223.28,Trousers,1.094890510948905,10,5,2.6,37,0
u-0831,2026-03-01,317,178,178,0,0,0,0,0,0,4,0,250,1325.72,0,331.43,Outerwear,0.37854889589905366,0,4,2.5,0,1
u-0832,2026-03-01,85,17,17,1,1,1,1,0,0,1,0,75,112,0,112,Shoes,0.3529411764705882,1,1,1,3,1
u-0833,2026-03-01,297,0,0,3,3,14,14,2,0,5,1,0,1398.88,287.04,279.78,Dresses,0.5050505050505051,9,3,3,34,1
u-0834,2026-03-01,298,46,46,0,0,0,0,0,0,5,0,134,1436.68,0,287.34,Accessories,0.5033557046979865,0,3,3,0,1
u-0835,2026-03-01,176,0,0,4,4,21,21,4,2,7,2,0,1166.16,236,166.59,Shirts,1.1931818181818183,12,2,2,54,0
u-0836,2026-03-01,354,1,1,3,3,5,5,2,0,5,2,1,863.56,434.56,172.71,Shirts,0.423728813559322,5,4,2,17,0
u-0837,2026-03-01,259,213,213,0,0,0,0,0,0,1,0,257,208,0,208,Dresses,0.11583011583011583,0,1,2,0,1
u-0838,2026-03-01,359,149,149,0,0,0,0,0,0,4,0,202,577,0,144.25,Shirts,0.3342618384401114,0,4,1.75,0,1
u-0839,2026-03-01,202,70,70,0,0,0,0,0,0,5,0,76,1130.76,0,226.15,Sweaters,0.7425742574257426,0,3,2.6,0,1
u-0840,2026-03-01,122,1,1,4,4,18,18,1,1,3,0,31,569,0,189.67,Accessories,0.7377049180327869,9,2,2,42,0
u-0841,2026-03-01,350,12,12,1,1,1,1,0,0,6,0,55,1290.24,0,215.04,Jackets,0.5142857142857143,1,6,2.1666666666666665,3,1
u-0842,2026-03-01,56,1,1,5,5,15,15,5,3,3,1,7,694.88,323.84,231.63,Dresses,1.6071428571428572,10,4,2.6666666666666665,44,0
u-0843,2026-03-01,228,3,3,5,5,22,22,4,2,6,1,23,1213.32,104,202.22,Jackets,0.7894736842105263,10,4,2.1666666666666665,56,0
u-0844,2026-03-01,296,15,15,1,1,1,1,0,0,6,0,91,874,0,145.67,Accessories,0.6081081081081081,1,3,1.8333333333333333,3,0
u-0845,2026-03-01,220,115,115,0,0,0,0,0,0,2,0,185,441.6,0,220.8,Shirts,0.27272727272727276,0,1,3,0,1
u-0846,2026-03-01,94,14,14,1,1,1,0,0,0,1,0,88,194,0,194,Sweaters,0.3191489361702128,0,1,2,2,1
u-0847,2026-03-01,377,1,1,3,3,13,13,3,1,7,0,105,2745.36,0,392.19,Outerwear,0.5570291777188329,8,4,2.7142857142857144,33,0
u-0848,2026-03-01,203,2,2,8,8,33,33,5,3,11,0,58,2589.44,0,235.4,Shirts,1.625615763546798,15,4,2.8181818181818183,82,0
u-0849,2026-03-01,216,5,5,4,4,14,14,4,2,5,2,5,922.04,391.04,184.41,Dresses,0.6944444444444444,11,3,1.8,40,0
u-0850,2026-03-01,314,3,3,6,6,21,21,4,2,3,0,40,608.72,0,202.91,Shoes,0.28662420382165604,13,2,2,54,0
u-0851,2026-03-01,416,17,17,2,2,7,7,1,1,5,0,117,902.16,0,180.43,T-Shirts,0.3605769230769231,6,4,2.6,18,1
u-0852,2026-03-01,263,1,1,4,4,9,9,1,1,9,1,29,2110.6,287.04,234.51,Dresses,1.026615969581749,8,3,2.4444444444444446,25,0
u-0853,2026-03-01,359,110,110,0,0,0,0,0,0,9,0,110,1987.08,0,220.79,Sweaters,0.7520891364902507,0,6,2.2222222222222223,0,1
u-0854,2026-03-01,385,2,2,5,5,17,17,3,3,14,1,29,3238.92,250.24,231.35,Sweaters,1.0909090909090908,12,5,2.2857142857142856,46,0
u-0855,2026-03-01,193,73,73,0,0,0,0,0,0,3,0,112,210,0,70,T-Shirts,0.46632124352331605,0,2,1.3333333333333333,0,0
u-0856,2026-03-01,419,251,251,0,0,0,0,0,0,3,0,359,563,0,187.67,Jackets,0.21479713603818615,0,2,2,0,1
u-0857,2026-03-01,347,64,63,0,0,0,0,0,0,1,0,266,185,0,185,Outerwear,0.08645533141210375,0,1,1,0,1
u-0858,2026-03-01,342,222,222,0,0,0,0,0,0,1,0,335,224,0,224,Shoes,0.08771929824561403,0,1,2,0,0
u-0859,2026-03-01,297,6,6,4,4,18,18,2,3,8,1,6,1678.36,325.68,209.8,Shirts,0.8080808080808081,12,6,2.375,46,0
u-0860,2026-03-01,112,3,3,7,7,28,28,7,0,8,3,10,1245.64,328,155.7,Shoes,2.142857142857143,12,4,1.625,73,0
u-0861,2026-03-01,65,4,4,2,2,2,2,1,0,1,0,57,423.2,0,423.2,Shirts,0.46153846153846156,2,1,5,7,1
u-0862,2026-03-01,194,2,1,3,3,11,11,3,1,3,1,14,532,198,177.33,Jackets,0.4639175257731959,11,3,2,30,1
u-0863,2026-03-01,210,122,122,0,0,0,0,0,0,3,0,178,594.2,0,198.07,Trousers,0.42857142857142855,0,2,2.3333333333333335,0,1
u-0864,2026-03-01,140,4,3,4,4,13,13,2,2,3,0,39,377,0,125.67,T-Shirts,0.6428571428571428,10,3,2,34,0
u-0865,2026-03-01,252,7,7,5,5,14,14,3,2,5,1,20,978.08,110,195.62,Sweaters,0.5952380952380952,11,2,2.2,39,0
u-0866,2026-03-01,372,1,1,5,5,23,23,5,3,13,0,38,2937.84,0,225.99,Jackets,1.0483870967741935,12,4,2.4615384615384617,59,0
u-0867,2026-03-01,297,113,113,0,0,0,0,0,0,3,0,195,363,0,121,T-Shirts,0.30303030303030304,0,2,2,0,0
u-0868,2026-03-01,82,7,7,3,3,12,12,3,0,2,1,14,411.24,92,205.62,Shirts,0.7317073170731707,9,3,3,31,0
u-0869,2026-03-01,184,4,4,2,2,3,3,1,0,4,1,4,1020.04,315.56,255.01,Shoes,0.6521739130434783,3,3,2.5,10,0
u-0870,2026-03-01,131,10,10,2,2,8,8,1,1,3,1,10,460.48,95,153.49,Trousers,0.6870229007633588,8,2,1.6666666666666667,21,0
u-0871,2026-03-01,136,9,9,3,3,10,10,2,1,3,0,35,842.32,0,280.77,Sweaters,0.6617647058823529,8,2,3,26,1
u-0872,2026-03-01,188,5,5,4,4,18,18,3,1,5,0,41,1372.36,0,274.47,Accessories,0.7978723404255319,10,4,3.4,44,0
u-0873,2026-03-01,97,5,5,2,2,8,8,2,1,2,1,19,676.64,224,338.32,Shoes,0.6185567010309279,7,2,3,22,0
u-0874,2026-03-01,329,26,26,1,1,1,1,1,0,5,0,63,526,0,105.2,T-Shirts,0.45592705167173253,1,4,2,4,1
u-0875,2026-03-01,117,40,40,0,0,0,0,0,0,1,0,115,250.24,0,250.24,Trousers,0.25641025641025644,0,1,3,0,1
u-0876,2026-03-01,63,2,2,6,6,25,25,5,2,3,1,23,354,102,118,T-Shirts,1.4285714285714286,11,2,3.3333333333333335,64,0
u-0877,2026-03-01,251,2,2,7,7,31,31,5,2,10,0,33,1860.16,0,186.02,Shirts,1.195219123505976,13,5,2.3,76,0
u-0878,2026-03-01,278,1,1,6,6,24,24,8,2,10,2,12,1668.72,425,166.87,T-Shirts,1.079136690647482,15,7,2.7,66,0
u-0879,2026-03-01,110,5,5,4,4,15,15,3,3,3,1,20,511.84,231.84,170.61,Shoes,0.8181818181818182,8,1,1.3333333333333333,41,1
u-0880,2026-03-01,327,91,91,0,0,0,0,0,0,2,0,135,720.36,0,360.18,Outerwear,0.18348623853211007,0,2,3,0,0
u-0881,2026-03-01,312,61,61,0,0,0,0,0,0,9,0,129,1727.04,0,191.89,Shirts,0.8653846153846153,0,3,2.3333333333333335,0,1
u-0882,2026-03-01,314,4,4,3,3,12,12,1,1,7,0,46,1823.04,0,260.43,Jackets,0.6687898089171974,10,3,2.857142857142857,29,0
u-0883,2026-03-01,405,34,34,0,0,0,0,0,0,7,0,48,1413.44,0,201.92,Sweaters,0.5185185185185185,0,5,2,0,0
u-0884,2026-03-01,191,23,23,1,1,1,1,0,0,4,0,61,947.16,0,236.79,Trousers,0.6282722513089005,1,3,2.75,3,0
u-0885,2026-03-01,374,216,216,0,0,0,0,0,0,4,0,216,802,0,200.5,Sweaters,0.32085561497326204,0,3,2.25,0,0
u-0886,2026-03-01,173,8,8,3,3,8,8,1,1,4,0,31,1001.28,0,250.32,Shirts,0.6936416184971098,6,2,3,21,0
u-0887,2026-03-01,56,6,6,4,4,17,17,3,1,2,1,6,454.56,208,227.28,Dresses,1.0714285714285714,12,3,2.5,43,0
u-0888,2026-03-01,208,0,0,9,9,41,41,7,1,7,2,0,1920.6,534.24,274.37,Dresses,1.0096153846153846,15,6,2.857142857142857,101,0
u-0889,2026-03-01,327,7,7,4,4,20,20,1,1,6,0,39,1727.8,0,287.97,Dresses,0.5504587155963303,13,6,2.8333333333333335,46,0
u-0890,2026-03-01,368,1,1,6,6,19,19,4,3,11,0,50,1262.68,0,114.79,T-Shirts,0.8967391304347826,12,5,2.272727272727273,51,0
u-0891,2026-03-01,131,3,3,6,6,22,22,4,4,4,3,3,1001.88,690,250.47,Sweaters,0.9160305343511451,13,3,2.75,61,0
u-0892,2026-03-01,365,74,74,0,0,0,0,0,0,3,0,196,1005.44,0,335.15,Dresses,0.24657534246575344,0,2,3.3333333333333335,0,1
u-0893,2026-03-01,373,56,56,0,0,0,0,0,0,1,0,371,110,0,110,Sweaters,0.08042895442359249,0,1,1,0,1
u-0894,2026-03-01,143,7,7,3,3,14,14,3,0,5,2,7,1369.64,602.6,273.93,Trousers,1.048951048951049,8,6,3.2,36,0
u-0895,2026-03-01,361,285,285,0,0,0,0,0,0,1,0,358,364.32,0,364.32,Jackets,0.08310249307479224,0,1,4,0,1
u-0896,2026-03-01,53,1,1,3,3,11,11,2,2,2,1,15,1021.2,340.4,510.6,Outerwear,1.1320754716981132,7,1,3,30,0
u-0897,2026-03-01,197,7,7,2,2,7,7,3,0,4,1,20,440,99,110,Jackets,0.6091370558375635,7,3,1.25,20,1
u-0898,2026-03-01,78,4,4,6,6,18,18,3,2,2,0,55,917.24,0,458.62,Accessories,0.7692307692307692,11,3,4,47,0
u-0899,2026-03-01,346,59,59,0,0,0,0,0,0,6,0,151,1878.72,0,313.12,Dresses,0.5202312138728323,0,4,3.1666666666666665,0,1
u-0900,2026-03-01,300,0,0,5,5,22,22,4,2,9,1,24,1515.6,99,168.4,Sweaters,0.9,14,3,1.8888888888888888,56,0
u-0901,2026-03-01,145,4,4,3,3,13,13,4,1,6,1,15,863.04,92,143.84,Shirts,1.2413793103448276,8,3,2,35,0
u-0902,2026-03-01,45,1,1,4,4,17,17,3,1,2,1,1,170,92,85,Shirts,1.3333333333333333,9,1,1,43,0
u-0903,2026-03-01,90,21,21,1,1,1,1,0,0,1,0,87,76,0,76,Shirts,0.3333333333333333,1,1,1,3,1
u-0904,2026-03-01,415,9,9,2,2,8,8,2,0,3,0,37,930.68,0,310.23,Jackets,0.21686746987951808,7,2,3.3333333333333335,20,0
u-0905,2026-03-01,192,6,6,3,3,8,8,2,2,6,1,24,876,185,146,Accessories,0.9375,8,4,1.5,24,0
u-0906,2026-03-01,194,0,0,4,4,19,19,3,1,3,1,20,880.6,185,293.53,Outerwear,0.4639175257731959,10,1,1.6666666666666667,47,0
u-0907,2026-03-01,160,2,2,5,5,22,22,2,1,5,1,25,608,163,121.6,T-Shirts,0.9375,11,3,2.2,53,0
u-0908,2026-03-01,276,1,1,6,6,19,19,3,3,9,0,32,1391,0,154.56,Accessories,0.9782608695652175,12,3,1.6666666666666667,50,0
u-0909,2026-03-01,255,9,9,3,3,12,12,3,0,6,1,16,1944.4,658.72,324.07,Shoes,0.7058823529411765,8,3,3,31,0
u-0910,2026-03-01,275,107,107,0,0,0,0,0,0,3,0,184,1055.96,0,351.99,Dresses,0.32727272727272727,0,3,3.3333333333333335,0,0
u-0911,2026-03-01,200,12,12,1,1,1,0,0,0,1,0,192,224,0,224,Shoes,0.15,0,1,2,2,1
u-0912,2026-03-01,314,4,4,3,3,12,12,2,2,7,1,11,1482.44,272.32,211.78,Dresses,0.6687898089171974,8,4,2.2857142857142856,32,0
u-0913,2026-03-01,169,19,19,1,1,1,1,0,0,4,0,32,919.2,0,229.8,Sweaters,0.7100591715976331,1,3,2.75,3,0
u-0914,2026-03-01,191,145,145,0,0,0,0,0,0,1,0,183,293.48,0,293.48,Accessories,0.15706806282722513,0,3,3,0,1
u-0915,2026-03-01,254,2,2,3,3,16,16,3,1,6,1,2,1453.8,288.88,242.3,Trousers,0.7086614173228346,9,3,3,40,1
u-0916,2026-03-01,155,15,15,1,1,1,1,0,0,3,0,90,594.08,0,198.03,Sweaters,0.5806451612903225,1,3,2.6666666666666665,3,1
u-0917,2026-03-01,391,0,0,9,9,42,42,9,5,7,3,9,1915.56,674.08,273.65,Accessories,0.5370843989769821,15,5,3.142857142857143,110,0
u-0918,2026-03-01,330,245,245,0,0,0,0,0,0,5,0,258,1055.68,0,211.14,Trousers,0.45454545454545453,0,2,2.4,0,0
u-0919,2026-03-01,227,4,4,5,5,19,19,4,3,8,1,9,2223.16,255.76,277.89,Sweaters,1.0572687224669604,8,5,3.125,51,0
u-0920,2026-03-01,125,0,0,4,4,15,15,3,2,3,1,0,808.76,351.44,269.59,Trousers,0.72,10,3,3.3333333333333335,40,0
u-0921,2026-03-01,291,1,1,5,5,22,22,5,0,6,2,1,1540.84,488.16,256.81,Jackets,0.6185567010309279,12,5,2.8333333333333335,56,0
u-0922,2026-03-01,104,10,10,3,3,12,12,3,0,3,1,10,1191.4,510.6,397.13,Outerwear,0.8653846153846153,7,1,2.3333333333333335,31,0
u-0923,2026-03-01,56,5,5,3,3,13,13,0,1,1,0,52,241.96,0,241.96,Outerwear,0.5357142857142857,9,2,2,30,0
u-0924,2026-03-01,84,0,0,6,6,23,23,5,1,2,1,0,857.44,510.6,428.72,Outerwear,0.7142857142857143,12,2,3,59,0
u-0925,2026-03-01,135,0,0,4,4,17,17,3,1,5,1,27,1017.32,92,203.46,Sweaters,1.1111111111111112,11,4,2.4,43,0
u-0926,2026-03-01,168,4,4,3,3,14,14,1,1,4,0,32,618.12,0,154.53,T-Shirts,0.7142857142857143,9,4,2.25,33,0
u-0927,2026-03-01,93,11,11,7,7,23,23,6,1,4,2,16,1122.36,694.68,280.59,Outerwear,1.2903225806451613,13,4,2.25,62,1
u-0928,2026-03-01,88,5,5,3,3,7,7,3,1,3,1,16,1047.08,533.6,349.03,Sweaters,1.0227272727272727,6,3,3.6666666666666665,22,0
u-0929,2026-03-01,353,56,56,0,0,0,0,0,0,8,0,119,2104.52,0,263.06,Jackets,0.6798866855524078,0,6,2.5,0,1
u-0930,2026-03-01,210,122,121,0,0,0,0,0,0,1,0,199,84,0,84,Sweaters,0.14285714285714285,0,1,1,0,1
u-0931,2026-03-01,293,1,1,9,9,36,36,8,4,11,3,14,2486.36,722.56,226.03,Shirts,1.1262798634812285,13,6,2.5454545454545454,96,0
u-0932,2026-03-01,381,3,3,6,6,24,24,4,1,11,1,10,2173.12,99,197.56,Jackets,0.8661417322834646,12,9,2.090909090909091,60,0
u-0933,2026-03-01,186,4,4,8,8,30,30,3,2,4,0,39,1079.92,0,269.98,Shoes,0.6451612903225806,16,4,2.75,73,0
u-0934,2026-03-01,78,2,2,8,8,34,34,7,2,4,3,11,430,328,107.5,T-Shirts,1.5384615384615383,15,2,3,88,0
u-0935,2026-03-01,374,22,22,1,1,1,1,1,0,5,0,48,1151.44,0,230.29,Sweaters,0.40106951871657753,1,3,2.4,4,1
u-0936,2026-03-01,204,14,14,4,4,14,14,2,1,6,0,41,1131.64,0,188.61,Shirts,0.8823529411764706,10,2,2.5,35,1
u-0937,2026-03-01,330,0,0,8,8,32,32,5,2,7,0,52,1851.36,0,264.48,Sweaters,0.6363636363636364,14,7,2.857142857142857,79,0
u-0938,2026-03-01,288,7,7,1,1,1,0,0,0,1,0,281,412.16,0,412.16,Accessories,0.10416666666666667,0,2,4,2,1
u-0939,2026-03-01,176,1,1,3,3,13,13,3,0,7,1,1,2095.88,382.72,299.41,Dresses,1.1931818181818183,10,6,3,33,0
u-0940,2026-03-01,174,7,7,2,2,2,2,0,0,5,0,97,1142.96,0,228.59,Trousers,0.8620689655172414,2,1,2.6,6,0
u-0941,2026-03-01,226,11,11,1,1,1,1,0,0,5,0,62,1423.16,0,284.63,Shoes,0.6637168141592921,1,5,2.6,3,1
u-0942,2026-03-01,390,3,3,7,7,30,30,4,0,9,1,24,3794.64,402.04,421.63,Outerwear,0.6923076923076923,14,5,2.888888888888889,72,0
u-0943,2026-03-01,117,7,7,2,2,3,3,1,0,2,0,83,473.12,0,236.56,Trousers,0.5128205128205129,3,2,2.5,9,1
u-0944,2026-03-01,407,1,1,2,2,6,6,1,0,9,1,1,1453.8,140,161.53,Shirts,0.6633906633906634,4,4,1.7777777777777777,16,0
u-0945,2026-03-01,125,4,4,5,5,17,17,3,5,6,1,4,1437.92,340.4,239.65,Outerwear,1.44,12,6,2.1666666666666665,48,0
u-0946,2026-03-01,215,131,131,0,0,0,0,0,0,1,0,211,56,0,56,Accessories,0.13953488372093023,0,1,1,0,1
u-0947,2026-03-01,320,4,4,3,3,13,13,3,2,11,1,4,1741.76,88,158.34,Trousers,1.03125,12,5,1.7272727272727273,35,0
u-0948,2026-03-01,186,6,6,4,4,11,11,2,1,4,0,44,615.64,0,153.91,Jackets,0.6451612903225806,10,4,1.75,29,0
u-0949,2026-03-01,133,8,8,2,2,7,7,2,2,2,0,60,855.6,0,427.8,Outerwear,0.45112781954887216,4,3,3,20,0
u-0950,2026-03-01,173,110,110,0,0,0,0,0,0,1,0,169,246,0,246,Shirts,0.17341040462427745,0,2,3,0,0
u-0951,2026-03-01,191,3,3,6,6,26,26,1,3,6,0,34,1745.24,0,290.87,Trousers,0.9424083769633509,13,6,3.3333333333333335,62,0
u-0952,2026-03-01,133,4,4,5,5,17,17,3,2,3,1,29,412,102,137.33,T-Shirts,0.6766917293233082,11,3,2.6666666666666665,45,1
u-0953,2026-03-01,403,4,4,5,5,22,22,4,2,5,1,13,1115.16,190,223.03,Jackets,0.37220843672456577,13,3,2.4,56,0
u-0954,2026-03-01,347,1,1,3,3,11,11,3,1,4,1,13,1061.08,96,265.27,Trousers,0.345821325648415,8,2,3.25,30,0
u-0955,2026-03-01,221,2,2,4,4,22,22,1,3,6,1,13,649,96,108.17,Trousers,0.8144796380090498,14,5,1.3333333333333333,53,0
u-0956,2026-03-01,63,11,11,2,2,6,6,1,1,2,1,11,152,56,76,Accessories,0.9523809523809523,5,1,1.5,17,0
u-0957,2026-03-01,68,5,5,6,6,25,25,5,1,2,1,23,335,96,167.5,Trousers,0.8823529411764706,13,2,2,63,0
u-0958,2026-03-01,420,8,8,1,1,1,1,0,0,8,0,60,1525.76,0,190.72,Trousers,0.5714285714285714,1,5,2.125,3,1
u-0959,2026-03-01,284,73,73,0,0,0,0,0,0,2,0,242,708.4,0,354.2,Sweaters,0.2112676056338028,0,1,3.5,0,1
u-0960,2026-03-01,190,3,3,6,6,24,24,4,1,5,1,12,1143.84,456.32,228.77,Accessories,0.7894736842105263,12,5,2.6,60,0
u-0961,2026-03-01,347,10,10,1,1,1,0,0,0,2,0,269,1077.32,0,538.66,Outerwear,0.1729106628242075,0,4,4,2,1
u-0962,2026-03-01,391,1,1,4,4,15,15,3,2,11,1,1,2161.36,187,196.49,Jackets,0.8439897698209718,10,5,2.3636363636363638,40,0
u-0963,2026-03-01,247,27,27,1,1,1,0,0,0,1,0,244,56,0,56,Accessories,0.12145748987854252,0,1,1,2,1
u-0964,2026-03-01,421,179,179,0,0,0,0,0,0,3,0,257,464,0,154.67,T-Shirts,0.21377672209026127,0,2,3.3333333333333335,0,1
u-0965,2026-03-01,292,89,89,0,0,0,0,0,0,2,0,246,381.52,0,190.76,Shirts,0.20547945205479454,0,2,3,0,1
u-0966,2026-03-01,108,95,95,0,0,0,0,0,0,1,0,100,293.48,0,293.48,Shoes,0.2777777777777778,0,2,3,0,1
u-0967,2026-03-01,236,117,117,0,0,0,0,0,0,1,0,231,303.6,0,303.6,Trousers,0.1271186440677966,0,2,3,0,1
u-0968,2026-03-01,55,13,13,2,2,7,7,2,1,2,1,13,323,224,161.5,Shoes,1.090909090909091,6,3,1.5,20,0
u-0969,2026-03-01,77,7,7,1,1,1,1,0,0,1,0,75,242,0,242,Dresses,0.3896103896103896,1,2,3,3,0
u-0970,2026-03-01,423,191,191,0,0,0,0,0,0,3,0,323,761.84,0,253.95,Shirts,0.2127659574468085,0,3,3,0,1
u-0971,2026-03-01,395,69,69,0,0,0,0,0,0,3,0,298,710.24,0,236.75,Jackets,0.2278481012658228,0,2,2.3333333333333335,0,1
u-0972,2026-03-01,422,5,5,1,1,6,6,0,1,5,0,275,969.64,0,193.93,Trousers,0.35545023696682465,5,3,2.4,14,0
u-0973,2026-03-01,423,19,19,1,1,1,1,0,0,6,0,118,2970.76,0,495.13,Outerwear,0.425531914893617,1,2,3.1666666666666665,3,1
u-0974,2026-03-01,254,0,0,4,4,14,14,1,0,7,0,33,1465.12,0,209.3,Dresses,0.8267716535433071,11,3,2.142857142857143,33,0
u-0975,2026-03-01,76,5,5,3,3,12,12,3,1,2,1,5,708.48,523.48,354.24,Outerwear,0.7894736842105263,8,3,2.5,32,0
u-0976,2026-03-01,409,4,4,3,3,13,13,2,0,7,0,61,1566.76,0,223.82,Accessories,0.5134474327628362,9,6,2.5714285714285716,31,0
u-0977,2026-03-01,69,1,1,4,4,16,16,4,0,1,0,62,208,0,208,Dresses,0.4347826086956522,11,1,2,40,0
u-0978,2026-03-01,45,3,3,6,6,22,22,3,1,1,0,37,208,0,208,Dresses,0.6666666666666666,11,1,2,54,0
u-0979,2026-03-01,374,1,1,3,3,11,11,3,2,6,1,9,1231.48,212,205.25,Accessories,0.48128342245989303,7,7,2.6666666666666665,31,0
u-0980,2026-03-01,352,2,2,3,3,15,15,2,1,6,1,26,882,167,147,T-Shirts,0.5113636363636364,11,5,2.8333333333333335,37,0
u-0981,2026-03-01,350,1,1,3,3,11,11,0,0,7,0,31,1254.2,0,179.17,Accessories,0.6,9,5,1.8571428571428572,25,0
u-0982,2026-03-01,61,0,0,4,4,16,16,5,1,3,1,21,795.2,140,265.07,Shoes,1.4754098360655739,11,1,2,43,1
u-0983,2026-03-01,357,107,107,0,0,0,0,0,0,6,0,184,1369.6,0,228.27,Shirts,0.5042016806722689,0,3,2.6666666666666665,0,1
u-0984,2026-03-01,308,8,8,1,1,1,1,0,0,5,0,65,1367.04,0,273.41,Jackets,0.48701298701298695,1,2,3,3,1
u-0985,2026-03-01,410,51,51,0,0,0,0,0,0,5,0,138,1113.88,0,222.78,Accessories,0.36585365853658536,0,3,2.6,0,1
u-0986,2026-03-01,143,100,100,0,0,0,0,0,0,1,0,136,230.92,0,230.92,Trousers,0.2097902097902098,0,2,3,0,1
u-0987,2026-03-01,248,0,0,4,4,14,14,2,0,4,1,21,965.6,371.68,241.4,Shirts,0.48387096774193544,8,2,3,35,0
u-0988,2026-03-01,105,8,8,3,3,14,14,3,2,3,1,18,974.28,371.68,324.76,Outerwear,0.8571428571428571,9,3,2.3333333333333335,37,0
u-0989,2026-03-01,100,3,3,3,3,9,9,1,0,3,1,28,587.36,140,195.79,Trousers,0.8999999999999999,9,2,2,23,0
u-0990,2026-03-01,163,130,130,0,0,0,0,0,0,2,0,130,356.6,0,178.3,Shoes,0.36809815950920244,0,2,1.5,0,0
u-0991,2026-03-01,107,6,6,2,2,4,4,2,1,4,1,6,886.36,96,221.59,Dresses,1.1214953271028036,4,5,2.25,14,0
u-0992,2026-03-01,357,247,247,0,0,0,0,0,0,2,0,339,520.8,0,260.4,Shoes,0.1680672268907563,0,3,3,0,1
u-0993,2026-03-01,186,102,102,0,0,0,0,0,0,1,0,176,156,0,156,Shirts,0.16129032258064516,0,2,2,0,0
u-0994,2026-03-01,155,68,68,0,0,0,0,0,0,1,0,150,42,0,42,T-Shirts,0.1935483870967742,0,1,1,0,1
u-0995,2026-03-01,88,2,2,2,2,6,6,3,1,2,1,2,278,84,139,Sweaters,0.6818181818181819,3,1,1.5,19,1
u-0996,2026-03-01,112,0,0,3,3,10,10,1,0,4,1,29,869.52,287.04,217.38,Dresses,1.0714285714285714,5,2,2.25,25,0
u-0997,2026-03-01,199,101,101,0,0,0,0,0,0,1,0,194,198,0,198,Sweaters,0.1507537688442211,0,2,2,0,0
u-0998,2026-03-01,338,7,7,2,2,6,6,1,0,9,0,50,1422.76,0,158.08,T-Shirts,0.7988165680473372,4,5,2.5555555555555554,15,1
u-0999,2026-03-01,329,1,1,5,5,23,23,3,4,9,1,14,3283.64,436.08,364.85,Outerwear,0.8206686930091185,12,6,2.888888888888889,59,0
u-1000,2026-03-01,241,80,80,0,0,0,0,0,0,3,0,176,478,0,159.33,Shirts,0.37344398340248963,0,3,2,0,1
u-1001,2026-03-01,403,170,170,0,0,0,0,0,0,3,0,326,321,0,107,Accessories,0.22332506203473945,0,3,1.3333333333333333,0,1
u-1002,2026-03-01,313,16,16,1,1,1,0,0,0,7,0,107,655,0,93.57,T-Shirts,0.6709265175718849,0,4,2,2,1
u-1003,2026-03-01,60,8,8,2,2,12,12,2,1,2,1,8,587.88,338.56,293.94,Trousers,1,8,1,3.5,30,0
u-1004,2026-03-01,205,4,4,2,2,2,2,0,0,5,0,115,1072.72,0,214.54,Sweaters,0.7317073170731707,2,4,2.2,6,1
u-1005,2026-03-01,301,234,234,0,0,0,0,0,0,2,0,234,179,0,89.5,Sweaters,0.19933554817275748,0,2,1,0,1
u-1006,2026-03-01,112,37,37,0,0,0,0,0,0,2,0,83,695.6,0,347.8,Outerwear,0.5357142857142857,0,1,2,0,1
u-1007,2026-03-01,403,7,7,3,3,16,16,0,1,4,0,34,1144.08,0,286.02,Shoes,0.2977667493796526,8,4,2.75,36,0
u-1008,2026-03-01,167,10,10,2,2,10,10,1,1,5,1,22,935.52,327.52,187.1,Accessories,0.8982035928143713,7,2,2.4,25,0
u-1009,2026-03-01,63,1,1,5,5,21,21,2,2,2,1,15,194,42,97,T-Shirts,0.9523809523809523,12,3,1.5,52,0
u-1010,2026-03-01,413,72,72,0,0,0,0,0,0,7,0,136,1118.28,0,159.75,Accessories,0.5084745762711864,0,3,2.142857142857143,0,0
u-1011,2026-03-01,294,9,9,2,2,2,2,1,0,9,0,50,1921.2,0,213.47,Sweaters,0.9183673469387754,2,3,2.2222222222222223,7,1
u-1012,2026-03-01,406,9,9,2,2,10,10,1,1,5,0,47,1403.72,0,280.74,Shoes,0.3694581280788177,8,6,3,24,0
u-1013,2026-03-01,112,16,16,1,1,1,1,1,0,2,0,97,396.16,0,198.08,Jackets,0.5357142857142857,1,2,2,4,0
u-1014,2026-03-01,345,3,3,5,5,26,26,4,1,6,1,13,1281.72,228,213.62,Shirts,0.5217391304347826,12,4,2.3333333333333335,63,1
u-1015,2026-03-01,292,48,48,0,0,0,0,0,0,4,0,159,957.04,0,239.26,Trousers,0.4109589041095891,0,3,2.5,0,1
u-1016,2026-03-01,214,92,92,0,0,0,0,0,0,3,0,146,343,0,114.33,Accessories,0.4205607476635514,0,3,1.6666666666666667,0,1
u-1017,2026-03-01,384,7,7,2,2,9,9,1,2,10,1,19,1804.88,236,180.49,Accessories,0.78125,6,5,2.3,24,0
u-1018,2026-03-01,129,7,7,4,4,16,16,3,0,4,0,33,1553.04,0,388.26,Shoes,0.9302325581395349,11,3,3.25,39,0
u-1019,2026-03-01,198,2,2,7,7,32,32,3,3,7,0,35,1563.68,0,223.38,Dresses,1.0606060606060606,14,3,2.2857142857142856,77,0
u-1020,2026-03-01,159,0,0,3,3,14,14,4,1,3,1,0,996.8,288.88,332.27,Shoes,0.5660377358490566,9,4,3.6666666666666665,37,0
u-1021,2026-03-01,349,9,9,2,2,9,9,0,1,4,0,75,928.88,0,232.22,Sweaters,0.34383954154727797,8,5,2.5,21,0
u-1022,2026-03-01,423,6,6,3,3,12,12,2,2,12,1,6,2887.72,110,240.64,Sweaters,0.851063829787234,9,7,2.8333333333333335,32,0
u-1023,2026-03-01,237,0,0,5,5,22,22,3,0,3,0,46,738.6,0,246.2,Outerwear,0.37974683544303794,11,3,1.6666666666666667,52,0
u-1024,2026-03-01,383,8,8,2,2,7,7,2,0,7,1,21,1816.52,203,259.5,Jackets,0.5483028720626631,5,7,2.857142857142857,19,1
u-1025,2026-03-01,84,0,0,5,5,21,21,4,1,3,1,27,471,129,157,T-Shirts,1.0714285714285714,11,3,3,53,0
u-1026,2026-03-01,329,0,0,6,6,27,27,3,3,9,1,9,3873.32,340.4,430.37,Outerwear,0.8206686930091185,13,6,3,67,0
u-1027,2026-03-01,265,82,82,0,0,0,0,0,0,5,0,100,1556.44,0,311.29,Jackets,0.5660377358490566,0,3,3.4,0,1
u-1028,2026-03-01,197,6,6,3,3,12,12,2,1,5,1,16,1256.04,184,251.21,Trousers,0.7614213197969544,9,4,2.8,31,0
u-1029,2026-03-01,211,12,12,1,1,1,1,1,0,2,0,143,252,0,126,T-Shirts,0.2843601895734597,1,2,3.5,4,0
u-1030,2026-03-01,306,6,6,2,2,2,2,2,0,10,0,38,3533.12,0,353.31,Outerwear,0.9803921568627452,2,5,2.3,8,1
u-1031,2026-03-01,221,5,5,7,7,28,28,5,1,5,0,33,1962.36,0,392.47,Outerwear,0.6787330316742082,14,4,2.8,69,1
u-1032,2026-03-01,423,158,158,0,0,0,0,0,0,2,0,390,370,0,185,Outerwear,0.14184397163120568,0,1,1,0,0
u-1033,2026-03-01,303,1,1,3,3,10,10,4,0,7,1,1,1437.56,253.92,205.37,Accessories,0.6930693069306931,7,5,2.142857142857143,28,0
u-1034,2026-03-01,193,4,4,3,3,15,15,1,2,4,0,33,498,0,124.5,T-Shirts,0.6217616580310881,10,2,2.25,36,0
u-1035,2026-03-01,336,286,286,0,0,0,0,0,0,1,0,333,242,0,242,Accessories,0.08928571428571429,0,3,5,0,1
u-1036,2026-03-01,422,1,1,4,4,16,16,2,2,12,0,37,2593.32,0,216.11,Jackets,0.8530805687203792,10,5,2.4166666666666665,40,0
u-1037,2026-03-01,369,7,7,1,1,1,1,0,0,5,0,144,916.24,0,183.25,Shirts,0.4065040650406504,1,2,2.6,3,1
u-1038,2026-03-01,259,46,46,0,0,0,0,0,0,9,0,46,2602.4,0,289.16,Outerwear,1.0424710424710426,0,4,2.2222222222222223,0,1
u-1039,2026-03-01,117,20,20,1,1,1,1,0,0,1,0,110,309.12,0,309.12,Shoes,0.25641025641025644,1,1,3,3,0
u-1040,2026-03-01,358,4,4,1,1,1,1,0,0,5,0,75,1001.68,0,200.34,Sweaters,0.41899441340782123,1,2,2,3,0
u-1041,2026-03-01,192,3,3,5,5,15,15,7,2,5,3,3,640,384,128,T-Shirts,0.78125,12,3,3,47,0
u-1042,2026-03-01,66,8,8,2,2,5,5,1,1,1,0,63,455.4,0,455.4,Jackets,0.45454545454545453,4,1,5,14,0
u-1043,2026-03-01,127,0,0,7,7,28,28,6,5,3,1,22,579.88,232.76,193.29,T-Shirts,0.7086614173228346,11,4,3,75,0
u-1044,2026-03-01,354,1,1,8,8,36,36,6,7,11,1,23,2455.28,230,223.21,Accessories,0.9322033898305084,14,3,2.272727272727273,94,0
u-1045,2026-03-01,338,97,97,0,0,0,0,0,0,4,0,215,531,0,132.75,Shirts,0.35502958579881655,0,2,1.75,0,0
u-1046,2026-03-01,372,109,109,0,0,0,0,0,0,4,0,279,894.04,0,223.51,Accessories,0.3225806451612903,0,4,2.75,0,1
u-1047,2026-03-01,354,67,67,0,0,0,0,0,0,5,0,212,1967.88,0,393.58,Outerwear,0.423728813559322,0,4,2.8,0,1
u-1048,2026-03-01,124,5,5,2,2,6,6,2,1,3,1,5,606.68,228,202.23,Sweaters,0.7258064516129031,5,3,2.3333333333333335,18,0
u-1049,2026-03-01,215,1,1,3,3,10,10,1,1,7,0,55,2004.68,0,286.38,Outerwear,0.9767441860465116,7,4,2,25,0
u-1050,2026-03-01,283,2,1,4,4,21,21,3,0,7,1,22,1885.16,231.84,269.31,Shoes,0.7420494699646643,11,4,2.5714285714285716,50,0
u-1051,2026-03-01,197,52,52,0,0,0,0,0,0,2,0,150,714.84,0,357.42,Trousers,0.30456852791878175,0,3,4,0,1
u-1052,2026-03-01,240,8,8,3,3,12,12,3,1,5,1,25,1059.04,185,211.81,Dresses,0.625,7,4,2,32,0
u-1053,2026-03-01,165,11,11,2,2,7,7,1,1,4,0,60,971.84,0,242.96,Shirts,0.7272727272727273,4,4,2.75,18,0
u-1054,2026-03-01,345,1,1,5,5,18,18,2,2,7,0,42,1641,0,234.43,Trousers,0.6086956521739131,10,4,2.7142857142857144,45,0
u-1055,2026-03-01,214,3,3,3,3,10,10,1,1,5,1,25,1012.96,244.72,202.59,Jackets,0.7009345794392523,6,2,2.2,26,1
u-1056,2026-03-01,74,1,1,7,7,26,26,6,4,3,1,25,805.92,254.84,268.64,Jackets,1.2162162162162162,11,4,3.3333333333333335,70,0
u-1057,2026-03-01,394,30,30,0,0,0,0,0,0,9,0,126,1702.48,0,189.16,Sweaters,0.6852791878172589,0,2,2,0,1
u-1058,2026-03-01,161,50,50,0,0,0,0,0,0,3,0,138,246,0,82,T-Shirts,0.5590062111801243,0,1,2.3333333333333335,0,0
u-1059,2026-03-01,214,83,83,0,0,0,0,0,0,3,0,134,715.48,0,238.49,Trousers,0.4205607476635514,0,2,2.6666666666666665,0,0
u-1060,2026-03-01,230,143,143,0,0,0,0,0,0,1,0,228,99,0,99,Jackets,0.13043478260869565,0,1,1,0,1
u-1061,2026-03-01,169,11,11,2,2,9,9,2,2,2,0,75,574.56,0,287.28,Sweaters,0.35502958579881655,8,3,3,24,0
u-1062,2026-03-01,368,264,264,0,0,0,0,0,0,2,0,307,405.76,0,202.88,Dresses,0.16304347826086957,0,2,2,0,0
u-1063,2026-03-01,351,5,5,7,7,27,27,3,1,7,1,12,2770.36,185,395.77,Outerwear,0.5982905982905983,13,3,2.4285714285714284,66,0
u-1064,2026-03-01,402,228,228,0,0,0,0,0,0,3,0,283,471.24,0,157.08,Jackets,0.22388059701492538,0,1,1.6666666666666667,0,0
u-1065,2026-03-01,299,205,205,0,0,0,0,0,0,1,0,297,313.72,0,313.72,Shirts,0.10033444816053512,0,2,3,0,1
u-1066,2026-03-01,175,0,0,2,2,2,2,0,0,3,1,13,927,510.6,309,Outerwear,0.5142857142857143,2,2,2.3333333333333335,7,0
u-1067,2026-03-01,212,9,9,3,3,12,12,2,2,6,1,17,1845.72,421.36,307.62,Outerwear,0.8490566037735849,9,4,2.1666666666666665,32,0
u-1068,2026-03-01,177,125,125,0,0,0,0,0,0,1,0,167,129,0,129,T-Shirts,0.1694915254237288,0,2,2,0,1
u-1069,2026-03-01,47,2,2,6,6,23,23,5,3,2,1,15,342,174,171,Accessories,1.2765957446808511,13,2,2.5,61,0
u-1070,2026-03-01,378,7,7,2,2,4,4,1,1,4,0,239,854.8,0,213.7,Outerwear,0.31746031746031744,4,3,1.75,12,0
u-1071,2026-03-01,279,9,9,2,2,5,5,2,1,4,1,9,848.84,230.92,212.21,Trousers,0.4301075268817204,5,3,2.25,16,0
u-1072,2026-03-01,87,2,2,8,8,35,35,4,4,3,1,5,464.32,120,154.77,Trousers,1.0344827586206897,13,2,1.6666666666666667,87,0
u-1073,2026-03-01,187,3,3,4,4,12,12,2,1,10,2,7,1360,363,136,T-Shirts,1.6042780748663101,9,6,2.4,33,0
u-1074,2026-03-01,270,211,211,0,0,0,0,0,0,1,0,266,178,0,178,T-Shirts,0.1111111111111111,0,2,3,0,1
u-1075,2026-03-01,89,3,3,7,7,26,26,4,4,4,2,3,849.04,342.56,212.26,Accessories,1.348314606741573,13,5,2.5,69,1
u-1076,2026-03-01,271,86,86,0,0,0,0,0,0,4,0,126,753.36,0,188.34,Shoes,0.44280442804428044,0,3,1.75,0,1
u-1077,2026-03-01,94,10,10,2,2,8,8,3,1,3,1,20,228,76,76,T-Shirts,0.9574468085106383,7,1,2,23,1
u-1078,2026-03-01,254,5,5,2,2,6,6,1,1,7,0,31,1794.48,0,256.35,Dresses,0.8267716535433071,5,6,2.7142857142857144,16,0
u-1079,2026-03-01,93,15,15,1,1,1,1,0,0,1,0,87,290.72,0,290.72,Shirts,0.3225806451612903,1,1,4,3,1
u-1080,2026-03-01,71,2,2,4,4,15,15,3,3,2,1,2,162,42,81,T-Shirts,0.8450704225352113,11,2,1,41,0
u-1081,2026-03-01,82,6,6,4,4,16,16,2,3,2,0,37,563.04,0,281.52,Shirts,0.7317073170731707,12,3,4,41,0
u-1082,2026-03-01,299,1,1,6,6,24,24,2,1,10,1,21,2312.52,183,231.25,Trousers,1.0033444816053512,13,4,2.7,58,0
u-1083,2026-03-01,240,5,5,1,1,6,6,0,1,1,0,230,232,0,232,Accessories,0.125,5,2,4,14,0
u-1085,2026-03-01,257,25,25,1,1,1,1,0,0,6,0,97,1426.84,0,237.81,Trousers,0.7003891050583658,1,4,2.5,3,0
u-1086,2026-03-01,327,107,107,0,0,0,0,0,0,4,0,233,933.04,0,233.26,Trousers,0.36697247706422015,0,3,2.5,0,1
u-1087,2026-03-01,166,6,6,6,6,19,19,3,1,5,0,44,847.04,0,169.41,Shirts,0.9036144578313253,12,1,2.2,48,0
u-1088,2026-03-01,292,7,7,3,3,12,12,3,0,8,2,16,1887.16,358.48,235.89,Trousers,0.8219178082191781,8,6,2.625,32,0
u-1089,2026-03-01,58,5,5,4,4,10,10,3,1,3,2,5,677.76,438.56,225.92,Trousers,1.5517241379310345,7,3,2.6666666666666665,30,0
u-1090,2026-03-01,200,5,5,2,2,2,2,1,0,3,1,5,1716.8,851,572.27,Outerwear,0.44999999999999996,2,1,3.3333333333333335,8,0
u-1091,2026-03-01,275,3,3,1,1,2,2,1,0,3,0,192,416,0,138.67,Accessories,0.32727272727272727,2,2,2,6,0
u-1092,2026-03-01,338,5,5,4,4,13,13,1,3,7,1,22,2185.8,290.72,312.26,Sweaters,0.621301775147929,9,4,3.5714285714285716,35,0
u-1093,2026-03-01,230,4,4,3,3,11,11,1,1,4,0,40,2138.16,0,534.54,Outerwear,0.5217391304347826,9,2,3.25,27,0
u-1094,2026-03-01,341,0,0,6,6,28,28,5,4,12,2,17,2633.08,376.32,219.42,Dresses,1.0557184750733137,13,4,2.1666666666666665,73,0
u-1095,2026-03-01,163,73,73,0,0,0,0,0,0,3,0,97,545.92,0,181.97,Shirts,0.5521472392638036,0,1,2.3333333333333335,0,0
u-1096,2026-03-01,189,11,11,2,2,7,7,1,1,2,0,114,352,0,176,Jackets,0.31746031746031744,5,3,1.5,18,0
u-1097,2026-03-01,135,19,19,1,1,1,1,1,0,5,0,54,956.12,0,191.22,Jackets,1.1111111111111112,1,2,2,4,0
u-1098,2026-03-01,70,3,3,2,2,6,6,1,0,3,0,35,796.8,0,265.6,Outerwear,1.2857142857142856,5,2,1.6666666666666667,15,1
u-1099,2026-03-01,304,147,147,0,0,0,0,0,0,2,0,252,526.48,0,263.24,Trousers,0.19736842105263158,0,3,2.5,0,1
u-1100,2026-03-01,413,221,221,0,0,0,0,0,0,3,0,342,360,0,120,Dresses,0.2179176755447942,0,3,1.3333333333333333,0,0
